{
	"credit": "Made By WantedRobot",
	"parent": "block/block",
	"ambientocclusion": false,
	"textures": {
		"bottom": "block/cactus_bottom",
		"top": "block/cactus_top",
		"particle": "block/cactus_side",
		"side": "block/cactus_side"
	},
	"elements": [
		{
			"from": [0, 0, 1],
			"to": [16, 16, 15],
			"faces": {
				"north": {"uv": [0, 0, 16, 16], "texture": "#side"},
				"south": {"uv": [0, 0, 16, 16], "texture": "#side"},
				"up": {"uv": [0, 1, 16, 15], "texture": "#top", "cullface": "up"},
				"down": {"uv": [0, 1, 16, 15], "texture": "#bottom", "cullface": "down"}
			}
		},
		{
			"from": [0, 0, 8],
			"to": [16, 16, 8],
			"faces": {
				"north": {"uv": [0, 0, 16, 16], "texture": "#side"},
				"south": {"uv": [0, 0, 16, 16], "texture": "#side"}
			}
		},
		{
			"from": [8, 0, 0],
			"to": [8, 16, 16],
			"faces": {
				"east": {"uv": [0, 0, 16, 16], "texture": "#side"},
				"west": {"uv": [0, 0, 16, 16], "texture": "#side"}
			}
		},
		{
			"from": [1, 0, 0],
			"to": [15, 16, 16],
			"faces": {
				"east": {"uv": [0, 0, 16, 16], "texture": "#side"},
				"west": {"uv": [0, 0, 16, 16], "texture": "#side"}
			}
		},
		{
			"name": "inside",
			"from": [15, 0, 0],
			"to": [1, 16, 16],
			"faces": {
				"east": {"uv": [0, 0, 16, 16], "texture": "#side"},
				"west": {"uv": [0, 0, 16, 16], "texture": "#side"}
			}
		},
		{
			"name": "inside",
			"from": [0, 0, 15],
			"to": [16, 16, 1],
			"faces": {
				"north": {"uv": [0, 0, 16, 16], "texture": "#side"},
				"south": {"uv": [0, 0, 16, 16], "texture": "#side"}
			}
		},
		{
			"name": "top",
			"from": [3, 16, 3],
			"to": [13, 18, 13],
			"faces": {
				"north": {"uv": [13, 3, 15, 13], "rotation": 90, "texture": "#top", "cullface": "up"},
				"east": {"uv": [3, 13, 1, 3], "rotation": 90, "texture": "#top", "cullface": "up"},
				"south": {"uv": [3, 3, 13, 1], "texture": "#top", "cullface": "up"},
				"west": {"uv": [3, 13, 13, 15], "texture": "#top", "cullface": "up"},
				"up": {"uv": [3, 3, 13, 13], "texture": "#top", "cullface": "up"}
			}
		}
	],
	"groups": [
		{
			"name": "group",
			"origin": [8, 8, 8],
			"children": [0, 1, 2, 3, 4, 5, 6]
		}
	]
}