{
	"variants": {
		"type=bottom": [
			{ "model": "block/cobblestone/slab/bottom/0", "weight":30 },
			{ "model": "block/cobblestone/slab/bottom/1", "weight":20 },
			{ "model": "block/cobblestone/slab/bottom/2", "weight":20 },
			{ "model": "block/cobblestone/slab/bottom/3", "weight":20 },
			{ "model": "block/cobblestone/slab/bottom/4", "weight":40 },
			{ "model": "block/cobblestone/slab/bottom/5", "weight":20 },
			{ "model": "block/cobblestone/slab/bottom/6", "weight":5 },
			{ "model": "block/cobblestone/slab/bottom/7", "weight":20 },
			{ "model": "block/cobblestone/slab/bottom/8", "weight":5 }
		],
		"type=top": [
			{ "model": "block/cobblestone/slab/top/0", "weight":30 },
			{ "model": "block/cobblestone/slab/top/1", "weight":20 },
			{ "model": "block/cobblestone/slab/top/2", "weight":20 },
			{ "model": "block/cobblestone/slab/top/3", "weight":20 },
			{ "model": "block/cobblestone/slab/top/4", "weight":40 },
			{ "model": "block/cobblestone/slab/top/5", "weight":20 },
			{ "model": "block/cobblestone/slab/top/6", "weight":5 },
			{ "model": "block/cobblestone/slab/top/7", "weight":20 },
			{ "model": "block/cobblestone/slab/top/8", "weight":5 }
		],
		"type=double": {
			"model": "block/cobblestone"
		}
	}
}
