{
	"variants": {
		"": [
			{ "model": "block/cobweb/0" },
			{ "model": "block/cobweb/1" },
			{ "model": "block/cobweb/2" },
			{ "model": "block/cobweb/3" },
			{ "model": "block/cobweb/4" },
			{ "model": "block/cobweb/5" },
			{ "model": "block/cobweb/6" },
			{ "model": "block/cobweb/7" },
			{ "model": "block/cobweb/8" },
			{ "model": "block/cobweb/9" },
			{ "model": "block/cobweb/10" },
			{ "model": "block/cobweb/11" },
			{ "model": "block/cobweb/12" },
			{ "model": "block/cobweb/13" },
			{ "model": "block/cobweb/14" },
			{ "model": "block/cobweb/15" },
			{ "model": "block/cobweb/16" },
			{ "model": "block/cobweb/17" },
			{ "model": "block/cobweb/18" },
			{ "model": "block/cobweb/19" },
			{ "model": "block/cobweb/20" },
			{ "model": "block/cobweb/21" },
			{ "model": "block/cobweb/22" },
			{ "model": "block/cobweb/23" },
			{ "model": "block/cobweb/24" },
			{ "model": "block/cobweb/25" },
			{ "model": "block/cobweb/26" },
			{ "model": "block/cobweb/27" },
			{ "model": "block/cobweb/28" },
			{ "model": "block/cobweb/29" },
			{ "model": "block/cobweb/30" },
			{ "model": "block/cobweb/31" },
			{ "model": "block/cobweb/32" },
			{ "model": "block/cobweb/33" },
			{ "model": "block/cobweb/34" },
			{ "model": "block/cobweb/35" },
			{ "model": "block/cobweb/36" },
			{ "model": "block/cobweb/37" }
		]
	}
}