{
  "variants": {
		"facing=east,half=bottom,shape=straight": [
			{ "model": "block/mossy_cobblestone/stairs/straight/0", "weight":30 },
			{ "model": "block/mossy_cobblestone/stairs/straight/1", "weight":20 },
			{ "model": "block/mossy_cobblestone/stairs/straight/2", "weight":20 },
			{ "model": "block/mossy_cobblestone/stairs/straight/3", "weight":20 },
			{ "model": "block/mossy_cobblestone/stairs/straight/4", "weight":40 },
			{ "model": "block/mossy_cobblestone/stairs/straight/5", "weight":20 },
			{ "model": "block/mossy_cobblestone/stairs/straight/6", "weight":5 },
			{ "model": "block/mossy_cobblestone/stairs/straight/7", "weight":20 },
			{ "model": "block/mossy_cobblestone/stairs/straight/8", "weight":5 }
		],
		"facing=west,half=bottom,shape=straight": [
			{ "model": "block/mossy_cobblestone/stairs/straight/0", "weight":30, "y": 180, "uvlock": true },
			{ "model": "block/mossy_cobblestone/stairs/straight/1", "weight":20, "y": 180, "uvlock": true },
			{ "model": "block/mossy_cobblestone/stairs/straight/2", "weight":20, "y": 180, "uvlock": true },
			{ "model": "block/mossy_cobblestone/stairs/straight/3", "weight":20, "y": 180, "uvlock": true },
			{ "model": "block/mossy_cobblestone/stairs/straight/4", "weight":40, "y": 180, "uvlock": true },
			{ "model": "block/mossy_cobblestone/stairs/straight/5", "weight":20, "y": 180, "uvlock": true },
			{ "model": "block/mossy_cobblestone/stairs/straight/6", "weight":5, "y": 180, "uvlock": true },
			{ "model": "block/mossy_cobblestone/stairs/straight/7", "weight":20, "y": 180, "uvlock": true },
			{ "model": "block/mossy_cobblestone/stairs/straight/8", "weight":5, "y": 180, "uvlock": true }
		],
		"facing=south,half=bottom,shape=straight": [
			{ "model": "block/mossy_cobblestone/stairs/straight/0", "weight":30, "y": 90, "uvlock": true },
			{ "model": "block/mossy_cobblestone/stairs/straight/1", "weight":20, "y": 90, "uvlock": true },
			{ "model": "block/mossy_cobblestone/stairs/straight/2", "weight":20, "y": 90, "uvlock": true },
			{ "model": "block/mossy_cobblestone/stairs/straight/3", "weight":20, "y": 90, "uvlock": true },
			{ "model": "block/mossy_cobblestone/stairs/straight/4", "weight":40, "y": 90, "uvlock": true },
			{ "model": "block/mossy_cobblestone/stairs/straight/5", "weight":20, "y": 90, "uvlock": true },
			{ "model": "block/mossy_cobblestone/stairs/straight/6", "weight":5, "y": 90, "uvlock": true },
			{ "model": "block/mossy_cobblestone/stairs/straight/7", "weight":20, "y": 90, "uvlock": true },
			{ "model": "block/mossy_cobblestone/stairs/straight/8", "weight":5, "y": 90, "uvlock": true }
		],
		"facing=north,half=bottom,shape=straight": [
			{ "model": "block/mossy_cobblestone/stairs/straight/0", "weight":30, "y": 270, "uvlock": true },
			{ "model": "block/mossy_cobblestone/stairs/straight/1", "weight":20, "y": 270, "uvlock": true },
			{ "model": "block/mossy_cobblestone/stairs/straight/2", "weight":20, "y": 270, "uvlock": true },
			{ "model": "block/mossy_cobblestone/stairs/straight/3", "weight":20, "y": 270, "uvlock": true },
			{ "model": "block/mossy_cobblestone/stairs/straight/4", "weight":40, "y": 270, "uvlock": true },
			{ "model": "block/mossy_cobblestone/stairs/straight/5", "weight":20, "y": 270, "uvlock": true },
			{ "model": "block/mossy_cobblestone/stairs/straight/6", "weight":5, "y": 270, "uvlock": true },
			{ "model": "block/mossy_cobblestone/stairs/straight/7", "weight":20, "y": 270, "uvlock": true },
			{ "model": "block/mossy_cobblestone/stairs/straight/8", "weight":5, "y": 270, "uvlock": true }
		],
		"facing=east,half=bottom,shape=outer_right": [
			{ "model": "block/mossy_cobblestone/stairs/outer/0", "weight":30 },
			{ "model": "block/mossy_cobblestone/stairs/outer/1", "weight":20 },
			{ "model": "block/mossy_cobblestone/stairs/outer/2", "weight":20 },
			{ "model": "block/mossy_cobblestone/stairs/outer/3", "weight":20 },
			{ "model": "block/mossy_cobblestone/stairs/outer/4", "weight":40 },
			{ "model": "block/mossy_cobblestone/stairs/outer/5", "weight":20 },
			{ "model": "block/mossy_cobblestone/stairs/outer/6", "weight":5 },
			{ "model": "block/mossy_cobblestone/stairs/outer/7", "weight":20 },
			{ "model": "block/mossy_cobblestone/stairs/outer/8", "weight":5 }
		],
		"facing=west,half=bottom,shape=outer_right": [
			{ "model": "block/mossy_cobblestone/stairs/outer/0", "weight":30, "y": 180, "uvlock": true },
			{ "model": "block/mossy_cobblestone/stairs/outer/1", "weight":20, "y": 180, "uvlock": true },
			{ "model": "block/mossy_cobblestone/stairs/outer/2", "weight":20, "y": 180, "uvlock": true },
			{ "model": "block/mossy_cobblestone/stairs/outer/3", "weight":20, "y": 180, "uvlock": true },
			{ "model": "block/mossy_cobblestone/stairs/outer/4", "weight":40, "y": 180, "uvlock": true },
			{ "model": "block/mossy_cobblestone/stairs/outer/5", "weight":20, "y": 180, "uvlock": true },
			{ "model": "block/mossy_cobblestone/stairs/outer/6", "weight":5, "y": 180, "uvlock": true },
			{ "model": "block/mossy_cobblestone/stairs/outer/7", "weight":20, "y": 180, "uvlock": true },
			{ "model": "block/mossy_cobblestone/stairs/outer/8", "weight":5, "y": 180, "uvlock": true }
		],
		"facing=south,half=bottom,shape=outer_right": [
			{ "model": "block/mossy_cobblestone/stairs/outer/0", "weight":30, "y": 90, "uvlock": true },
			{ "model": "block/mossy_cobblestone/stairs/outer/1", "weight":20, "y": 90, "uvlock": true },
			{ "model": "block/mossy_cobblestone/stairs/outer/2", "weight":20, "y": 90, "uvlock": true },
			{ "model": "block/mossy_cobblestone/stairs/outer/3", "weight":20, "y": 90, "uvlock": true },
			{ "model": "block/mossy_cobblestone/stairs/outer/4", "weight":40, "y": 90, "uvlock": true },
			{ "model": "block/mossy_cobblestone/stairs/outer/5", "weight":20, "y": 90, "uvlock": true },
			{ "model": "block/mossy_cobblestone/stairs/outer/6", "weight":5, "y": 90, "uvlock": true },
			{ "model": "block/mossy_cobblestone/stairs/outer/7", "weight":20, "y": 90, "uvlock": true },
			{ "model": "block/mossy_cobblestone/stairs/outer/8", "weight":5, "y": 90, "uvlock": true }
		],
		"facing=north,half=bottom,shape=outer_right": [
			{ "model": "block/mossy_cobblestone/stairs/outer/0", "weight":30, "y": 270, "uvlock": true },
			{ "model": "block/mossy_cobblestone/stairs/outer/1", "weight":20, "y": 270, "uvlock": true },
			{ "model": "block/mossy_cobblestone/stairs/outer/2", "weight":20, "y": 270, "uvlock": true },
			{ "model": "block/mossy_cobblestone/stairs/outer/3", "weight":20, "y": 270, "uvlock": true },
			{ "model": "block/mossy_cobblestone/stairs/outer/4", "weight":40, "y": 270, "uvlock": true },
			{ "model": "block/mossy_cobblestone/stairs/outer/5", "weight":20, "y": 270, "uvlock": true },
			{ "model": "block/mossy_cobblestone/stairs/outer/6", "weight":5, "y": 270, "uvlock": true },
			{ "model": "block/mossy_cobblestone/stairs/outer/7", "weight":20, "y": 270, "uvlock": true },
			{ "model": "block/mossy_cobblestone/stairs/outer/8", "weight":5, "y": 270, "uvlock": true }
		],
		"facing=east,half=bottom,shape=outer_left": [
			{ "model": "block/mossy_cobblestone/stairs/outer/0", "weight":30, "y": 270, "uvlock": true },
			{ "model": "block/mossy_cobblestone/stairs/outer/1", "weight":20, "y": 270, "uvlock": true },
			{ "model": "block/mossy_cobblestone/stairs/outer/2", "weight":20, "y": 270, "uvlock": true },
			{ "model": "block/mossy_cobblestone/stairs/outer/3", "weight":20, "y": 270, "uvlock": true },
			{ "model": "block/mossy_cobblestone/stairs/outer/4", "weight":40, "y": 270, "uvlock": true },
			{ "model": "block/mossy_cobblestone/stairs/outer/5", "weight":20, "y": 270, "uvlock": true },
			{ "model": "block/mossy_cobblestone/stairs/outer/6", "weight":5, "y": 270, "uvlock": true },
			{ "model": "block/mossy_cobblestone/stairs/outer/7", "weight":20, "y": 270, "uvlock": true },
			{ "model": "block/mossy_cobblestone/stairs/outer/8", "weight":5, "y": 270, "uvlock": true }
		],
		"facing=west,half=bottom,shape=outer_left": [
			{ "model": "block/mossy_cobblestone/stairs/outer/0", "weight":30, "y": 90, "uvlock": true },
			{ "model": "block/mossy_cobblestone/stairs/outer/1", "weight":20, "y": 90, "uvlock": true },
			{ "model": "block/mossy_cobblestone/stairs/outer/2", "weight":20, "y": 90, "uvlock": true },
			{ "model": "block/mossy_cobblestone/stairs/outer/3", "weight":20, "y": 90, "uvlock": true },
			{ "model": "block/mossy_cobblestone/stairs/outer/4", "weight":40, "y": 90, "uvlock": true },
			{ "model": "block/mossy_cobblestone/stairs/outer/5", "weight":20, "y": 90, "uvlock": true },
			{ "model": "block/mossy_cobblestone/stairs/outer/6", "weight":5, "y": 90, "uvlock": true },
			{ "model": "block/mossy_cobblestone/stairs/outer/7", "weight":20, "y": 90, "uvlock": true },
			{ "model": "block/mossy_cobblestone/stairs/outer/8", "weight":5, "y": 90, "uvlock": true }
		],
		"facing=south,half=bottom,shape=outer_left": [
			{ "model": "block/mossy_cobblestone/stairs/outer/0", "weight":30 },
			{ "model": "block/mossy_cobblestone/stairs/outer/1", "weight":20 },
			{ "model": "block/mossy_cobblestone/stairs/outer/2", "weight":20 },
			{ "model": "block/mossy_cobblestone/stairs/outer/3", "weight":20 },
			{ "model": "block/mossy_cobblestone/stairs/outer/4", "weight":40 },
			{ "model": "block/mossy_cobblestone/stairs/outer/5", "weight":20 },
			{ "model": "block/mossy_cobblestone/stairs/outer/6", "weight":5 },
			{ "model": "block/mossy_cobblestone/stairs/outer/7", "weight":20 },
			{ "model": "block/mossy_cobblestone/stairs/outer/8", "weight":5 }
		],
		"facing=north,half=bottom,shape=outer_left": [
			{ "model": "block/mossy_cobblestone/stairs/outer/0", "weight":30, "y": 180, "uvlock": true },
			{ "model": "block/mossy_cobblestone/stairs/outer/1", "weight":20, "y": 180, "uvlock": true },
			{ "model": "block/mossy_cobblestone/stairs/outer/2", "weight":20, "y": 180, "uvlock": true },
			{ "model": "block/mossy_cobblestone/stairs/outer/3", "weight":20, "y": 180, "uvlock": true },
			{ "model": "block/mossy_cobblestone/stairs/outer/4", "weight":40, "y": 180, "uvlock": true },
			{ "model": "block/mossy_cobblestone/stairs/outer/5", "weight":20, "y": 180, "uvlock": true },
			{ "model": "block/mossy_cobblestone/stairs/outer/6", "weight":5, "y": 180, "uvlock": true },
			{ "model": "block/mossy_cobblestone/stairs/outer/7", "weight":20, "y": 180, "uvlock": true },
			{ "model": "block/mossy_cobblestone/stairs/outer/8", "weight":5, "y": 180, "uvlock": true }
		],
		"facing=east,half=bottom,shape=inner_right": [
			{ "model": "block/mossy_cobblestone/stairs/inner/0", "weight":30 },
			{ "model": "block/mossy_cobblestone/stairs/inner/1", "weight":20 },
			{ "model": "block/mossy_cobblestone/stairs/inner/2", "weight":20 },
			{ "model": "block/mossy_cobblestone/stairs/inner/3", "weight":20 },
			{ "model": "block/mossy_cobblestone/stairs/inner/4", "weight":40 },
			{ "model": "block/mossy_cobblestone/stairs/inner/5", "weight":20 },
			{ "model": "block/mossy_cobblestone/stairs/inner/6", "weight":5 },
			{ "model": "block/mossy_cobblestone/stairs/inner/7", "weight":20 },
			{ "model": "block/mossy_cobblestone/stairs/inner/8", "weight":5 }
		],
		"facing=west,half=bottom,shape=inner_right": [
			{ "model": "block/mossy_cobblestone/stairs/inner/0", "weight":30, "y": 180, "uvlock": true },
			{ "model": "block/mossy_cobblestone/stairs/inner/1", "weight":20, "y": 180, "uvlock": true },
			{ "model": "block/mossy_cobblestone/stairs/inner/2", "weight":20, "y": 180, "uvlock": true },
			{ "model": "block/mossy_cobblestone/stairs/inner/3", "weight":20, "y": 180, "uvlock": true },
			{ "model": "block/mossy_cobblestone/stairs/inner/4", "weight":40, "y": 180, "uvlock": true },
			{ "model": "block/mossy_cobblestone/stairs/inner/5", "weight":20, "y": 180, "uvlock": true },
			{ "model": "block/mossy_cobblestone/stairs/inner/6", "weight":5, "y": 180, "uvlock": true },
			{ "model": "block/mossy_cobblestone/stairs/inner/7", "weight":20, "y": 180, "uvlock": true },
			{ "model": "block/mossy_cobblestone/stairs/inner/8", "weight":5, "y": 180, "uvlock": true }
		],
		"facing=south,half=bottom,shape=inner_right": [
			{ "model": "block/mossy_cobblestone/stairs/inner/0", "weight":30, "y": 90, "uvlock": true },
			{ "model": "block/mossy_cobblestone/stairs/inner/1", "weight":20, "y": 90, "uvlock": true },
			{ "model": "block/mossy_cobblestone/stairs/inner/2", "weight":20, "y": 90, "uvlock": true },
			{ "model": "block/mossy_cobblestone/stairs/inner/3", "weight":20, "y": 90, "uvlock": true },
			{ "model": "block/mossy_cobblestone/stairs/inner/4", "weight":40, "y": 90, "uvlock": true },
			{ "model": "block/mossy_cobblestone/stairs/inner/5", "weight":20, "y": 90, "uvlock": true },
			{ "model": "block/mossy_cobblestone/stairs/inner/6", "weight":5, "y": 90, "uvlock": true },
			{ "model": "block/mossy_cobblestone/stairs/inner/7", "weight":20, "y": 90, "uvlock": true },
			{ "model": "block/mossy_cobblestone/stairs/inner/8", "weight":5, "y": 90, "uvlock": true }
		],
		"facing=north,half=bottom,shape=inner_right": [
			{ "model": "block/mossy_cobblestone/stairs/inner/0", "weight":30, "y": 270, "uvlock": true },
			{ "model": "block/mossy_cobblestone/stairs/inner/1", "weight":20, "y": 270, "uvlock": true },
			{ "model": "block/mossy_cobblestone/stairs/inner/2", "weight":20, "y": 270, "uvlock": true },
			{ "model": "block/mossy_cobblestone/stairs/inner/3", "weight":20, "y": 270, "uvlock": true },
			{ "model": "block/mossy_cobblestone/stairs/inner/4", "weight":40, "y": 270, "uvlock": true },
			{ "model": "block/mossy_cobblestone/stairs/inner/5", "weight":20, "y": 270, "uvlock": true },
			{ "model": "block/mossy_cobblestone/stairs/inner/6", "weight":5, "y": 270, "uvlock": true },
			{ "model": "block/mossy_cobblestone/stairs/inner/7", "weight":20, "y": 270, "uvlock": true },
			{ "model": "block/mossy_cobblestone/stairs/inner/8", "weight":5, "y": 270, "uvlock": true }
		],
		"facing=east,half=bottom,shape=inner_left": [
			{ "model": "block/mossy_cobblestone/stairs/inner/0", "weight":30, "y": 270, "uvlock": true },
			{ "model": "block/mossy_cobblestone/stairs/inner/1", "weight":20, "y": 270, "uvlock": true },
			{ "model": "block/mossy_cobblestone/stairs/inner/2", "weight":20, "y": 270, "uvlock": true },
			{ "model": "block/mossy_cobblestone/stairs/inner/3", "weight":20, "y": 270, "uvlock": true },
			{ "model": "block/mossy_cobblestone/stairs/inner/4", "weight":40, "y": 270, "uvlock": true },
			{ "model": "block/mossy_cobblestone/stairs/inner/5", "weight":20, "y": 270, "uvlock": true },
			{ "model": "block/mossy_cobblestone/stairs/inner/6", "weight":5, "y": 270, "uvlock": true },
			{ "model": "block/mossy_cobblestone/stairs/inner/7", "weight":20, "y": 270, "uvlock": true },
			{ "model": "block/mossy_cobblestone/stairs/inner/8", "weight":5, "y": 270, "uvlock": true }
		],
		"facing=west,half=bottom,shape=inner_left": [
			{ "model": "block/mossy_cobblestone/stairs/inner/0", "weight":30, "y": 90, "uvlock": true },
			{ "model": "block/mossy_cobblestone/stairs/inner/1", "weight":20, "y": 90, "uvlock": true },
			{ "model": "block/mossy_cobblestone/stairs/inner/2", "weight":20, "y": 90, "uvlock": true },
			{ "model": "block/mossy_cobblestone/stairs/inner/3", "weight":20, "y": 90, "uvlock": true },
			{ "model": "block/mossy_cobblestone/stairs/inner/4", "weight":40, "y": 90, "uvlock": true },
			{ "model": "block/mossy_cobblestone/stairs/inner/5", "weight":20, "y": 90, "uvlock": true },
			{ "model": "block/mossy_cobblestone/stairs/inner/6", "weight":5, "y": 90, "uvlock": true },
			{ "model": "block/mossy_cobblestone/stairs/inner/7", "weight":20, "y": 90, "uvlock": true },
			{ "model": "block/mossy_cobblestone/stairs/inner/8", "weight":5, "y": 90, "uvlock": true }
		],
		"facing=south,half=bottom,shape=inner_left": [
			{ "model": "block/mossy_cobblestone/stairs/inner/0", "weight":30 },
			{ "model": "block/mossy_cobblestone/stairs/inner/1", "weight":20 },
			{ "model": "block/mossy_cobblestone/stairs/inner/2", "weight":20 },
			{ "model": "block/mossy_cobblestone/stairs/inner/3", "weight":20 },
			{ "model": "block/mossy_cobblestone/stairs/inner/4", "weight":40 },
			{ "model": "block/mossy_cobblestone/stairs/inner/5", "weight":20 },
			{ "model": "block/mossy_cobblestone/stairs/inner/6", "weight":5 },
			{ "model": "block/mossy_cobblestone/stairs/inner/7", "weight":20 },
			{ "model": "block/mossy_cobblestone/stairs/inner/8", "weight":5 }
		],
		"facing=north,half=bottom,shape=inner_left": [
			{ "model": "block/mossy_cobblestone/stairs/inner/0", "weight":30, "y": 180, "uvlock": true },
			{ "model": "block/mossy_cobblestone/stairs/inner/1", "weight":20, "y": 180, "uvlock": true },
			{ "model": "block/mossy_cobblestone/stairs/inner/2", "weight":20, "y": 180, "uvlock": true },
			{ "model": "block/mossy_cobblestone/stairs/inner/3", "weight":20, "y": 180, "uvlock": true },
			{ "model": "block/mossy_cobblestone/stairs/inner/4", "weight":40, "y": 180, "uvlock": true },
			{ "model": "block/mossy_cobblestone/stairs/inner/5", "weight":20, "y": 180, "uvlock": true },
			{ "model": "block/mossy_cobblestone/stairs/inner/6", "weight":5, "y": 180, "uvlock": true },
			{ "model": "block/mossy_cobblestone/stairs/inner/7", "weight":20, "y": 180, "uvlock": true },
			{ "model": "block/mossy_cobblestone/stairs/inner/8", "weight":5, "y": 180, "uvlock": true }
		],
		"facing=east,half=top,shape=straight": [
			{ "model": "block/mossy_cobblestone/stairs/straight/0", "weight":30, "x":180, "uvlock": true },
			{ "model": "block/mossy_cobblestone/stairs/straight/1", "weight":20, "x":180, "uvlock": true },
			{ "model": "block/mossy_cobblestone/stairs/straight/2", "weight":20, "x":180, "uvlock": true },
			{ "model": "block/mossy_cobblestone/stairs/straight/3", "weight":20, "x":180, "uvlock": true },
			{ "model": "block/mossy_cobblestone/stairs/straight/4", "weight":40, "x":180, "uvlock": true },
			{ "model": "block/mossy_cobblestone/stairs/straight/5", "weight":20, "x":180, "uvlock": true },
			{ "model": "block/mossy_cobblestone/stairs/straight/6", "weight":5, "x":180, "uvlock": true },
			{ "model": "block/mossy_cobblestone/stairs/straight/7", "weight":20, "x":180, "uvlock": true },
			{ "model": "block/mossy_cobblestone/stairs/straight/8", "weight":5, "x":180, "uvlock": true }
		],
		"facing=west,half=top,shape=straight": [
			{ "model": "block/mossy_cobblestone/stairs/straight/0", "weight":30, "x":180, "y": 180, "uvlock": true },
			{ "model": "block/mossy_cobblestone/stairs/straight/1", "weight":20, "x":180, "y": 180, "uvlock": true },
			{ "model": "block/mossy_cobblestone/stairs/straight/2", "weight":20, "x":180, "y": 180, "uvlock": true },
			{ "model": "block/mossy_cobblestone/stairs/straight/3", "weight":20, "x":180, "y": 180, "uvlock": true },
			{ "model": "block/mossy_cobblestone/stairs/straight/4", "weight":40, "x":180, "y": 180, "uvlock": true },
			{ "model": "block/mossy_cobblestone/stairs/straight/5", "weight":20, "x":180, "y": 180, "uvlock": true },
			{ "model": "block/mossy_cobblestone/stairs/straight/6", "weight":5, "x":180, "y": 180, "uvlock": true },
			{ "model": "block/mossy_cobblestone/stairs/straight/7", "weight":20, "x":180, "y": 180, "uvlock": true },
			{ "model": "block/mossy_cobblestone/stairs/straight/8", "weight":5, "x":180, "y": 180, "uvlock": true }
		],
		"facing=south,half=top,shape=straight": [
			{ "model": "block/mossy_cobblestone/stairs/straight/0", "weight":30, "x":180, "y": 90, "uvlock": true },
			{ "model": "block/mossy_cobblestone/stairs/straight/1", "weight":20, "x":180, "y": 90, "uvlock": true },
			{ "model": "block/mossy_cobblestone/stairs/straight/2", "weight":20, "x":180, "y": 90, "uvlock": true },
			{ "model": "block/mossy_cobblestone/stairs/straight/3", "weight":20, "x":180, "y": 90, "uvlock": true },
			{ "model": "block/mossy_cobblestone/stairs/straight/4", "weight":40, "x":180, "y": 90, "uvlock": true },
			{ "model": "block/mossy_cobblestone/stairs/straight/5", "weight":20, "x":180, "y": 90, "uvlock": true },
			{ "model": "block/mossy_cobblestone/stairs/straight/6", "weight":5, "x":180, "y": 90, "uvlock": true },
			{ "model": "block/mossy_cobblestone/stairs/straight/7", "weight":20, "x":180, "y": 90, "uvlock": true },
			{ "model": "block/mossy_cobblestone/stairs/straight/8", "weight":5, "x":180, "y": 90, "uvlock": true }
		],
		"facing=north,half=top,shape=straight": [
			{ "model": "block/mossy_cobblestone/stairs/straight/0", "weight":30, "x":180, "y": 270, "uvlock": true },
			{ "model": "block/mossy_cobblestone/stairs/straight/1", "weight":20, "x":180, "y": 270, "uvlock": true },
			{ "model": "block/mossy_cobblestone/stairs/straight/2", "weight":20, "x":180, "y": 270, "uvlock": true },
			{ "model": "block/mossy_cobblestone/stairs/straight/3", "weight":20, "x":180, "y": 270, "uvlock": true },
			{ "model": "block/mossy_cobblestone/stairs/straight/4", "weight":40, "x":180, "y": 270, "uvlock": true },
			{ "model": "block/mossy_cobblestone/stairs/straight/5", "weight":20, "x":180, "y": 270, "uvlock": true },
			{ "model": "block/mossy_cobblestone/stairs/straight/6", "weight":5, "x":180, "y": 270, "uvlock": true },
			{ "model": "block/mossy_cobblestone/stairs/straight/7", "weight":20, "x":180, "y": 270, "uvlock": true },
			{ "model": "block/mossy_cobblestone/stairs/straight/8", "weight":5, "x":180, "y": 270, "uvlock": true }
		],
		"facing=east,half=top,shape=outer_right": [
			{ "model": "block/mossy_cobblestone/stairs/outer/0", "weight":30, "x":180, "y":90, "uvlock": true },
			{ "model": "block/mossy_cobblestone/stairs/outer/1", "weight":20, "x":180, "y":90, "uvlock": true },
			{ "model": "block/mossy_cobblestone/stairs/outer/2", "weight":20, "x":180, "y":90, "uvlock": true },
			{ "model": "block/mossy_cobblestone/stairs/outer/3", "weight":20, "x":180, "y":90, "uvlock": true },
			{ "model": "block/mossy_cobblestone/stairs/outer/4", "weight":40, "x":180, "y":90, "uvlock": true },
			{ "model": "block/mossy_cobblestone/stairs/outer/5", "weight":20, "x":180, "y":90, "uvlock": true },
			{ "model": "block/mossy_cobblestone/stairs/outer/6", "weight":5, "x":180, "y":90, "uvlock": true },
			{ "model": "block/mossy_cobblestone/stairs/outer/7", "weight":20, "x":180, "y":90, "uvlock": true },
			{ "model": "block/mossy_cobblestone/stairs/outer/8", "weight":5, "x":180, "y":90, "uvlock": true }
		],
		"facing=west,half=top,shape=outer_right": [
			{ "model": "block/mossy_cobblestone/stairs/outer/0", "weight":30, "x":180, "y":270, "uvlock": true },
			{ "model": "block/mossy_cobblestone/stairs/outer/1", "weight":20, "x":180, "y":270, "uvlock": true },
			{ "model": "block/mossy_cobblestone/stairs/outer/2", "weight":20, "x":180, "y":270, "uvlock": true },
			{ "model": "block/mossy_cobblestone/stairs/outer/3", "weight":20, "x":180, "y":270, "uvlock": true },
			{ "model": "block/mossy_cobblestone/stairs/outer/4", "weight":40, "x":180, "y":270, "uvlock": true },
			{ "model": "block/mossy_cobblestone/stairs/outer/5", "weight":20, "x":180, "y":270, "uvlock": true },
			{ "model": "block/mossy_cobblestone/stairs/outer/6", "weight":5, "x":180, "y":270, "uvlock": true },
			{ "model": "block/mossy_cobblestone/stairs/outer/7", "weight":20, "x":180, "y":270, "uvlock": true },
			{ "model": "block/mossy_cobblestone/stairs/outer/8", "weight":5, "x":180, "y":270, "uvlock": true }
		],
		"facing=south,half=top,shape=outer_right": [
			{ "model": "block/mossy_cobblestone/stairs/outer/0", "weight":30, "x":180, "y":180, "uvlock": true },
			{ "model": "block/mossy_cobblestone/stairs/outer/1", "weight":20, "x":180, "y":180, "uvlock": true },
			{ "model": "block/mossy_cobblestone/stairs/outer/2", "weight":20, "x":180, "y":180, "uvlock": true },
			{ "model": "block/mossy_cobblestone/stairs/outer/3", "weight":20, "x":180, "y":180, "uvlock": true },
			{ "model": "block/mossy_cobblestone/stairs/outer/4", "weight":40, "x":180, "y":180, "uvlock": true },
			{ "model": "block/mossy_cobblestone/stairs/outer/5", "weight":20, "x":180, "y":180, "uvlock": true },
			{ "model": "block/mossy_cobblestone/stairs/outer/6", "weight":5, "x":180, "y":180, "uvlock": true },
			{ "model": "block/mossy_cobblestone/stairs/outer/7", "weight":20, "x":180, "y":180, "uvlock": true },
			{ "model": "block/mossy_cobblestone/stairs/outer/8", "weight":5, "x":180, "y":180, "uvlock": true }
		],
		"facing=north,half=top,shape=outer_right": [
			{ "model": "block/mossy_cobblestone/stairs/outer/0", "weight":30, "x":180, "uvlock": true },
			{ "model": "block/mossy_cobblestone/stairs/outer/1", "weight":20, "x":180, "uvlock": true },
			{ "model": "block/mossy_cobblestone/stairs/outer/2", "weight":20, "x":180, "uvlock": true },
			{ "model": "block/mossy_cobblestone/stairs/outer/3", "weight":20, "x":180, "uvlock": true },
			{ "model": "block/mossy_cobblestone/stairs/outer/4", "weight":40, "x":180, "uvlock": true },
			{ "model": "block/mossy_cobblestone/stairs/outer/5", "weight":20, "x":180, "uvlock": true },
			{ "model": "block/mossy_cobblestone/stairs/outer/6", "weight":5, "x":180, "uvlock": true },
			{ "model": "block/mossy_cobblestone/stairs/outer/7", "weight":20, "x":180, "uvlock": true },
			{ "model": "block/mossy_cobblestone/stairs/outer/8", "weight":5, "x":180, "uvlock": true }
		],
		"facing=east,half=top,shape=outer_left": [
			{ "model": "block/mossy_cobblestone/stairs/outer/0", "weight":30, "x":180, "uvlock": true },
			{ "model": "block/mossy_cobblestone/stairs/outer/1", "weight":20, "x":180, "uvlock": true },
			{ "model": "block/mossy_cobblestone/stairs/outer/2", "weight":20, "x":180, "uvlock": true },
			{ "model": "block/mossy_cobblestone/stairs/outer/3", "weight":20, "x":180, "uvlock": true },
			{ "model": "block/mossy_cobblestone/stairs/outer/4", "weight":40, "x":180, "uvlock": true },
			{ "model": "block/mossy_cobblestone/stairs/outer/5", "weight":20, "x":180, "uvlock": true },
			{ "model": "block/mossy_cobblestone/stairs/outer/6", "weight":5, "x":180, "uvlock": true },
			{ "model": "block/mossy_cobblestone/stairs/outer/7", "weight":20, "x":180, "uvlock": true },
			{ "model": "block/mossy_cobblestone/stairs/outer/8", "weight":5, "x":180, "uvlock": true }
		],
		"facing=west,half=top,shape=outer_left": [
			{ "model": "block/mossy_cobblestone/stairs/outer/0", "weight":30, "x":180, "y":180, "uvlock": true },
			{ "model": "block/mossy_cobblestone/stairs/outer/1", "weight":20, "x":180, "y":180, "uvlock": true },
			{ "model": "block/mossy_cobblestone/stairs/outer/2", "weight":20, "x":180, "y":180, "uvlock": true },
			{ "model": "block/mossy_cobblestone/stairs/outer/3", "weight":20, "x":180, "y":180, "uvlock": true },
			{ "model": "block/mossy_cobblestone/stairs/outer/4", "weight":40, "x":180, "y":180, "uvlock": true },
			{ "model": "block/mossy_cobblestone/stairs/outer/5", "weight":20, "x":180, "y":180, "uvlock": true },
			{ "model": "block/mossy_cobblestone/stairs/outer/6", "weight":5, "x":180, "y":180, "uvlock": true },
			{ "model": "block/mossy_cobblestone/stairs/outer/7", "weight":20, "x":180, "y":180, "uvlock": true },
			{ "model": "block/mossy_cobblestone/stairs/outer/8", "weight":5, "x":180, "y":180, "uvlock": true }
		],
		"facing=south,half=top,shape=outer_left": [
			{ "model": "block/mossy_cobblestone/stairs/outer/0", "weight":30, "x":180, "y":90, "uvlock": true },
			{ "model": "block/mossy_cobblestone/stairs/outer/1", "weight":20, "x":180, "y":90, "uvlock": true },
			{ "model": "block/mossy_cobblestone/stairs/outer/2", "weight":20, "x":180, "y":90, "uvlock": true },
			{ "model": "block/mossy_cobblestone/stairs/outer/3", "weight":20, "x":180, "y":90, "uvlock": true },
			{ "model": "block/mossy_cobblestone/stairs/outer/4", "weight":40, "x":180, "y":90, "uvlock": true },
			{ "model": "block/mossy_cobblestone/stairs/outer/5", "weight":20, "x":180, "y":90, "uvlock": true },
			{ "model": "block/mossy_cobblestone/stairs/outer/6", "weight":5, "x":180, "y":90, "uvlock": true },
			{ "model": "block/mossy_cobblestone/stairs/outer/7", "weight":20, "x":180, "y":90, "uvlock": true },
			{ "model": "block/mossy_cobblestone/stairs/outer/8", "weight":5, "x":180, "y":90, "uvlock": true }
		],
		"facing=north,half=top,shape=outer_left": [
			{ "model": "block/mossy_cobblestone/stairs/outer/0", "weight":30, "x":180, "y":270, "uvlock": true },
			{ "model": "block/mossy_cobblestone/stairs/outer/1", "weight":20, "x":180, "y":270, "uvlock": true },
			{ "model": "block/mossy_cobblestone/stairs/outer/2", "weight":20, "x":180, "y":270, "uvlock": true },
			{ "model": "block/mossy_cobblestone/stairs/outer/3", "weight":20, "x":180, "y":270, "uvlock": true },
			{ "model": "block/mossy_cobblestone/stairs/outer/4", "weight":40, "x":180, "y":270, "uvlock": true },
			{ "model": "block/mossy_cobblestone/stairs/outer/5", "weight":20, "x":180, "y":270, "uvlock": true },
			{ "model": "block/mossy_cobblestone/stairs/outer/6", "weight":5, "x":180, "y":270, "uvlock": true },
			{ "model": "block/mossy_cobblestone/stairs/outer/7", "weight":20, "x":180, "y":270, "uvlock": true },
			{ "model": "block/mossy_cobblestone/stairs/outer/8", "weight":5, "x":180, "y":270, "uvlock": true }
		],
		"facing=east,half=top,shape=inner_right": [
			{ "model": "block/mossy_cobblestone/stairs/inner/0", "weight":30, "x":180, "y":90, "uvlock": true },
			{ "model": "block/mossy_cobblestone/stairs/inner/1", "weight":20, "x":180, "y":90, "uvlock": true },
			{ "model": "block/mossy_cobblestone/stairs/inner/2", "weight":20, "x":180, "y":90, "uvlock": true },
			{ "model": "block/mossy_cobblestone/stairs/inner/3", "weight":20, "x":180, "y":90, "uvlock": true },
			{ "model": "block/mossy_cobblestone/stairs/inner/4", "weight":40, "x":180, "y":90, "uvlock": true },
			{ "model": "block/mossy_cobblestone/stairs/inner/5", "weight":20, "x":180, "y":90, "uvlock": true },
			{ "model": "block/mossy_cobblestone/stairs/inner/6", "weight":5, "x":180, "y":90, "uvlock": true },
			{ "model": "block/mossy_cobblestone/stairs/inner/7", "weight":20, "x":180, "y":90, "uvlock": true },
			{ "model": "block/mossy_cobblestone/stairs/inner/8", "weight":5, "x":180, "y":90, "uvlock": true }
		],
		"facing=west,half=top,shape=inner_right": [
			{ "model": "block/mossy_cobblestone/stairs/inner/0", "weight":30, "x":180, "y":270, "uvlock": true },
			{ "model": "block/mossy_cobblestone/stairs/inner/1", "weight":20, "x":180, "y":270, "uvlock": true },
			{ "model": "block/mossy_cobblestone/stairs/inner/2", "weight":20, "x":180, "y":270, "uvlock": true },
			{ "model": "block/mossy_cobblestone/stairs/inner/3", "weight":20, "x":180, "y":270, "uvlock": true },
			{ "model": "block/mossy_cobblestone/stairs/inner/4", "weight":40, "x":180, "y":270, "uvlock": true },
			{ "model": "block/mossy_cobblestone/stairs/inner/5", "weight":20, "x":180, "y":270, "uvlock": true },
			{ "model": "block/mossy_cobblestone/stairs/inner/6", "weight":5, "x":180, "y":270, "uvlock": true },
			{ "model": "block/mossy_cobblestone/stairs/inner/7", "weight":20, "x":180, "y":270, "uvlock": true },
			{ "model": "block/mossy_cobblestone/stairs/inner/8", "weight":5, "x":180, "y":270, "uvlock": true }
		],
		"facing=south,half=top,shape=inner_right": [
			{ "model": "block/mossy_cobblestone/stairs/inner/0", "weight":30, "x":180, "y":180, "uvlock": true },
			{ "model": "block/mossy_cobblestone/stairs/inner/1", "weight":20, "x":180, "y":180, "uvlock": true },
			{ "model": "block/mossy_cobblestone/stairs/inner/2", "weight":20, "x":180, "y":180, "uvlock": true },
			{ "model": "block/mossy_cobblestone/stairs/inner/3", "weight":20, "x":180, "y":180, "uvlock": true },
			{ "model": "block/mossy_cobblestone/stairs/inner/4", "weight":40, "x":180, "y":180, "uvlock": true },
			{ "model": "block/mossy_cobblestone/stairs/inner/5", "weight":20, "x":180, "y":180, "uvlock": true },
			{ "model": "block/mossy_cobblestone/stairs/inner/6", "weight":5, "x":180, "y":180, "uvlock": true },
			{ "model": "block/mossy_cobblestone/stairs/inner/7", "weight":20, "x":180, "y":180, "uvlock": true },
			{ "model": "block/mossy_cobblestone/stairs/inner/8", "weight":5, "x":180, "y":180, "uvlock": true }
		],
		"facing=north,half=top,shape=inner_right": [
			{ "model": "block/mossy_cobblestone/stairs/inner/0", "weight":30, "x":180, "uvlock": true },
			{ "model": "block/mossy_cobblestone/stairs/inner/1", "weight":20, "x":180, "uvlock": true },
			{ "model": "block/mossy_cobblestone/stairs/inner/2", "weight":20, "x":180, "uvlock": true },
			{ "model": "block/mossy_cobblestone/stairs/inner/3", "weight":20, "x":180, "uvlock": true },
			{ "model": "block/mossy_cobblestone/stairs/inner/4", "weight":40, "x":180, "uvlock": true },
			{ "model": "block/mossy_cobblestone/stairs/inner/5", "weight":20, "x":180, "uvlock": true },
			{ "model": "block/mossy_cobblestone/stairs/inner/6", "weight":5, "x":180, "uvlock": true },
			{ "model": "block/mossy_cobblestone/stairs/inner/7", "weight":20, "x":180, "uvlock": true },
			{ "model": "block/mossy_cobblestone/stairs/inner/8", "weight":5, "x":180, "uvlock": true }
		],
		"facing=east,half=top,shape=inner_left": [
			{ "model": "block/mossy_cobblestone/stairs/inner/0", "weight":30, "x":180, "uvlock": true },
			{ "model": "block/mossy_cobblestone/stairs/inner/1", "weight":20, "x":180, "uvlock": true },
			{ "model": "block/mossy_cobblestone/stairs/inner/2", "weight":20, "x":180, "uvlock": true },
			{ "model": "block/mossy_cobblestone/stairs/inner/3", "weight":20, "x":180, "uvlock": true },
			{ "model": "block/mossy_cobblestone/stairs/inner/4", "weight":40, "x":180, "uvlock": true },
			{ "model": "block/mossy_cobblestone/stairs/inner/5", "weight":20, "x":180, "uvlock": true },
			{ "model": "block/mossy_cobblestone/stairs/inner/6", "weight":5, "x":180, "uvlock": true },
			{ "model": "block/mossy_cobblestone/stairs/inner/7", "weight":20, "x":180, "uvlock": true },
			{ "model": "block/mossy_cobblestone/stairs/inner/8", "weight":5, "x":180, "uvlock": true }
		],
		"facing=west,half=top,shape=inner_left": [
			{ "model": "block/mossy_cobblestone/stairs/inner/0", "weight":30, "x":180, "y":180, "uvlock": true },
			{ "model": "block/mossy_cobblestone/stairs/inner/1", "weight":20, "x":180, "y":180, "uvlock": true },
			{ "model": "block/mossy_cobblestone/stairs/inner/2", "weight":20, "x":180, "y":180, "uvlock": true },
			{ "model": "block/mossy_cobblestone/stairs/inner/3", "weight":20, "x":180, "y":180, "uvlock": true },
			{ "model": "block/mossy_cobblestone/stairs/inner/4", "weight":40, "x":180, "y":180, "uvlock": true },
			{ "model": "block/mossy_cobblestone/stairs/inner/5", "weight":20, "x":180, "y":180, "uvlock": true },
			{ "model": "block/mossy_cobblestone/stairs/inner/6", "weight":5, "x":180, "y":180, "uvlock": true },
			{ "model": "block/mossy_cobblestone/stairs/inner/7", "weight":20, "x":180, "y":180, "uvlock": true },
			{ "model": "block/mossy_cobblestone/stairs/inner/8", "weight":5, "x":180, "y":180, "uvlock": true }
		],
		"facing=south,half=top,shape=inner_left": [
			{ "model": "block/mossy_cobblestone/stairs/inner/0", "weight":30, "x":180, "y":90, "uvlock": true },
			{ "model": "block/mossy_cobblestone/stairs/inner/1", "weight":20, "x":180, "y":90, "uvlock": true },
			{ "model": "block/mossy_cobblestone/stairs/inner/2", "weight":20, "x":180, "y":90, "uvlock": true },
			{ "model": "block/mossy_cobblestone/stairs/inner/3", "weight":20, "x":180, "y":90, "uvlock": true },
			{ "model": "block/mossy_cobblestone/stairs/inner/4", "weight":40, "x":180, "y":90, "uvlock": true },
			{ "model": "block/mossy_cobblestone/stairs/inner/5", "weight":20, "x":180, "y":90, "uvlock": true },
			{ "model": "block/mossy_cobblestone/stairs/inner/6", "weight":5, "x":180, "y":90, "uvlock": true },
			{ "model": "block/mossy_cobblestone/stairs/inner/7", "weight":20, "x":180, "y":90, "uvlock": true },
			{ "model": "block/mossy_cobblestone/stairs/inner/8", "weight":5, "x":180, "y":90, "uvlock": true }
		],
		"facing=north,half=top,shape=inner_left": [
			{ "model": "block/mossy_cobblestone/stairs/inner/0", "weight":30, "x":180, "y":270, "uvlock": true },
			{ "model": "block/mossy_cobblestone/stairs/inner/1", "weight":20, "x":180, "y":270, "uvlock": true },
			{ "model": "block/mossy_cobblestone/stairs/inner/2", "weight":20, "x":180, "y":270, "uvlock": true },
			{ "model": "block/mossy_cobblestone/stairs/inner/3", "weight":20, "x":180, "y":270, "uvlock": true },
			{ "model": "block/mossy_cobblestone/stairs/inner/4", "weight":40, "x":180, "y":270, "uvlock": true },
			{ "model": "block/mossy_cobblestone/stairs/inner/5", "weight":20, "x":180, "y":270, "uvlock": true },
			{ "model": "block/mossy_cobblestone/stairs/inner/6", "weight":5, "x":180, "y":270, "uvlock": true },
			{ "model": "block/mossy_cobblestone/stairs/inner/7", "weight":20, "x":180, "y":270, "uvlock": true },
			{ "model": "block/mossy_cobblestone/stairs/inner/8", "weight":5, "x":180, "y":270, "uvlock": true }
		]
  }
}
