{ "variants": {
    "": [
      { "model": "block/mushroom/red/35" },
      { "model": "block/mushroom/red/34" },
      { "model": "block/mushroom/red/33" },
      { "model": "block/mushroom/red/32" },
      { "model": "block/mushroom/red/31" },
      { "model": "block/mushroom/red/30" },
      { "model": "block/mushroom/red/29" },
      { "model": "block/mushroom/red/28" },
      { "model": "block/mushroom/red/27" },
      { "model": "block/mushroom/red/26" },
      { "model": "block/mushroom/red/25" },
      { "model": "block/mushroom/red/24" },
      { "model": "block/mushroom/red/23" },
      { "model": "block/mushroom/red/22" },
      { "model": "block/mushroom/red/21" },
      { "model": "block/mushroom/red/20" },
      { "model": "block/mushroom/red/19" },
      { "model": "block/mushroom/red/18" },
      { "model": "block/mushroom/red/17" },
      { "model": "block/mushroom/red/16" },
      { "model": "block/mushroom/red/15" },
      { "model": "block/mushroom/red/14" },
      { "model": "block/mushroom/red/13" },
      { "model": "block/mushroom/red/12" },
      { "model": "block/mushroom/red/11" },
      { "model": "block/mushroom/red/10" },
      { "model": "block/mushroom/red/9" },
      { "model": "block/mushroom/red/8" },
      { "model": "block/mushroom/red/7" },
      { "model": "block/mushroom/red/6" },
      { "model": "block/mushroom/red/5" },
      { "model": "block/mushroom/red/4" },
      { "model": "block/mushroom/red/3" },
      { "model": "block/mushroom/red/2" },
      { "model": "block/mushroom/red/1" },
      { "model": "block/mushroom/red/0" }
    ]
  }
}