{
    "CustomThemes": [
        {
            "Name": "Mike's H4x",
            "FontName": "Comic Sans MS",
            "ItemColor": "ff0000",
            "TextColor": "000000",
            "SelectedItemColor": "ffffff",
            "SelectedTextColor": "000000",
            "BackgroundColor": "ffffff",
            "TransparencyColorKey": "001337",
            "ItemHeight": 24,
            "ItemWidth": 350,
            "ItemSpacing": 1
        },
        {
            "Name": "DT98",
            "FontName": "ITC Clearface Std",
            "ItemColor" : "000000",
            "TextColor" : "FA5204",
            "SelectedItemColor" : "FA5204",
            "SelectedTextColor" : "000000",
            "BackgroundColor" : "fdbb50",
            "TransparencyColorKey" : "69420",
            "ItemHeight" : 21,
            "ItemWidth" : 360,
            "ItemSpacing" : 0
        },
        {
            "Name": "sub1to's External",
            "FontName": "Verdana",
            "ItemColor": "3878e2",
            "TextColor": "010101",
            "SelectedItemColor": "85aced",
            "SelectedTextColor": "010101",
            "BackgroundColor": "010101",
            "TransparencyColorKey": "001337",
            "ItemHeight": 20,
            "ItemWidth": 350,
            "ItemSpacing": 0
        },
        {
          "Name" : "Goldie",
          "FontName" : "Candara Italic",
          "ItemColor" : "430128",
          "TextColor" : "fbba53",
          "SelectedItemColor" : "141c24",
          "SelectedTextColor" : "fbf4e8",
          "BackgroundColor" : "fdbb50",
          "TransparencyColorKey" : "000000",
          "ItemHeight" : 21,
          "ItemWidth" : 360,
          "ItemSpacing" : 0
        },
        {
          "Name" : "Terminal",
          "FontName" : "VT323",
          "ItemColor" : "000000",
          "TextColor" : "04d304",
          "SelectedItemColor" : "04d304",
          "SelectedTextColor" : "000000",
          "BackgroundColor" : "fdbb50",
          "TransparencyColorKey" : "69420",
          "ItemHeight" : 21,
          "ItemWidth" : 360,
          "ItemSpacing" : 0
        },
        {
            "Name": "Throwback",
            "FontName": "MS Sans Serif",
            "ItemColor": "f0f0f0",
            "TextColor": "000000",
            "SelectedItemColor": "000000",
            "SelectedTextColor": "f0f0f0",
            "BackgroundColor": "000000",
            "TransparencyColorKey": "ffffff",
            "ItemHeight": 20,
            "ItemWidth": 310,
            "ItemSpacing": 1
        },
        {
            "Name": "Monochrome",
            "FontName": "Segoe UI Semibold",
            "ItemColor": "000000",
            "TextColor": "ffffff",
            "SelectedItemColor": "ffffff",
            "SelectedTextColor": "000000",
            "BackgroundColor": "000000",
            "TransparencyColorKey": "001337",
            "ItemHeight": 20,
            "ItemWidth": 350,
            "ItemSpacing": 0
        },
        {
            "Name": "Banana",
            "FontName": "Segoe UI Semibold",
            "ItemColor": "003566",
            "TextColor": "FFFFFF",
            "SelectedItemColor": "FFD60A",
            "SelectedTextColor": "003566",
            "BackgroundColor": "FFD60A",
            "TransparencyColorKey": "000000",
            "ItemHeight": 25,
            "ItemWidth": 400,
            "ItemSpacing": 3
        },
        {
            "Name": "Fingreen",
            "FontName": "Verdana",
            "ItemColor": "001337",
            "TextColor": "00ff00",
            "SelectedItemColor": "00ff00",
            "SelectedTextColor": "001337",
            "BackgroundColor": "00ff00",
            "TransparencyColorKey": "001337",
            "ItemHeight": 20,
            "ItemWidth": 350,
            "ItemSpacing": 2
        },
        {
            "Name": "GTAV v2",
            "FontName": "Chalet LondonNineteenSixty",
            "ItemColor": "000000",
            "TextColor": "F0F0F0",
            "SelectedItemColor": "fffffd",
            "SelectedTextColor": "1E1E1E",
            "BackgroundColor": "ffffff",
            "TransparencyColorKey": "ffffff",
            "ItemHeight": 19,
            "ItemWidth": 364,
            "ItemSpacing": 3
        },
        {
            "Name": "glass",
            "FontName": "Segoe UI Semibold",
            "ItemColor": "000000",
            "TextColor": "31DDE3",
            "SelectedItemColor": "0fffff",
            "SelectedTextColor": "00000f",
            "BackgroundColor": "000000",
            "TransparencyColorKey": "000000",
            "ItemHeight": 20,
            "ItemWidth": 355,
            "ItemSpacing": 0
        },
        {
            "Name": "Discord Dark",
            "FontName": "Whitney Light",
            "ItemColor": "2F3137",
            "TextColor": "b9bbbe",
            "SelectedItemColor": "42454C",
            "SelectedTextColor": "dddddf",
            "BackgroundColor": "2F3137",
            "TransparencyColorKey": "000000",
            "ItemHeight": 19,
            "ItemWidth": 380,
            "ItemSpacing": 5
        },
        {
            "Name": "South Beach 1",
            "FontName": "DIN Next LT Pro Bold",
            "ItemColor": "DB3EB1",
            "TextColor": "FFFFFF",
            "SelectedItemColor": "41B6E6",
            "SelectedTextColor": "FFFFFF",
            "BackgroundColor": "FFFFFF",
            "TransparencyColorKey": "001337",
            "ItemHeight": 20,
            "ItemWidth": 350,
            "ItemSpacing": 0
        },
        {
            "Name": "South Beach 2",
            "FontName": "DIN Next LT Pro Bold",
            "ItemColor": "41B6E6",
            "TextColor": "FFFFFF",
            "SelectedItemColor": "DB3EB1",
            "SelectedTextColor": "FFFFFF",
            "BackgroundColor": "FFFFFF",
            "TransparencyColorKey": "001337",
            "ItemHeight": 20,
            "ItemWidth": 350,
            "ItemSpacing": 0
        },
        {
            "Name": "eCola",
            "FontName": "ITC Clearface Std",
            "ItemColor": "8e0606",
            "TextColor": "ffffff",
            "SelectedItemColor": "b9473f",
            "SelectedTextColor": "ffffff",
            "BackgroundColor": "130100",
            "TransparencyColorKey": "000000",
            "ItemHeight": 21,
            "ItemWidth": 360,
            "ItemSpacing": 2
        },
        {
            "Name": "Sprunk",
            "FontName": "ITC Stone informal",
            "ItemColor": "1db854",
            "TextColor": "ffffff",
            "SelectedItemColor": "8cf13c",
            "SelectedTextColor": "046330",
            "BackgroundColor": "046330",
            "TransparencyColorKey": "000000",
            "ItemHeight": 21,
            "ItemWidth": 360,
            "ItemSpacing": 2
        }
    ]
}
