{
  "CustomVehicles": [
    {
      "DashboardColorIndex": 0,
      "DriftTyres": false,
      "EnvEffScale": -1.000000,
      "Flags": {
        "BulletproofTyres": true,
        "CustomPrimaryColor": false,
        "CustomSecondaryColor": false,
        "ExtraFlag1": false,
        "ExtraFlag10": false,
        "ExtraFlag11": false,
        "ExtraFlag12": false,
        "ExtraFlag2": false,
        "ExtraFlag3": false,
        "ExtraFlag4": false,
        "ExtraFlag5": false,
        "ExtraFlag6": false,
        "ExtraFlag7": false,
        "ExtraFlag8": false,
        "ExtraFlag9": false,
        "NeonBack": true,
        "NeonFront": true,
        "NeonLeft": true,
        "NeonRight": true
      },
      "InteriorColorIndex": 0,
      "Livery": -1,
      "ModelHash": 1922257928,
      "Name": "Sheriff SUV",
      "NeonColor": {
        "b": 255,
        "g": 255,
        "r": 255
      },
      "NumberPlateIndex": 1,
      "NumberPlateText": "Sheriff",
      "PearlesentColorIndex": 0,
      "PrimaryColor": {
        "b": 140,
        "g": 4,
        "r": 4
      },
      "PrimaryColorIndex": 127,
      "RoofLivery": -1,
      "SecondaryColor": {
        "b": 140,
        "g": 4,
        "r": 4
      },
      "SecondaryColorIndex": 44,
      "TyreSmokeColor": {
        "b": 255,
        "g": 255,
        "r": 255
      },
      "VehicleMods": [
        -1,
        -1,
        -1,
        -1,
        -1,
        -1,
        -1,
        -1,
        -1,
        -1,
        -1,
        4,
        3,
        3,
        58,
        4,
        5,
        1,
        1,
        1,
        1,
        1,
        9,
        -1,
        -1,
        -1,
        -1,
        -1,
        -1,
        -1,
        -1,
        -1,
        -1,
        -1,
        -1,
        -1,
        -1,
        -1,
        -1,
        -1,
        -1,
        -1,
        -1,
        -1,
        -1,
        -1,
        -1,
        -1,
        -1
      ],
      "WheelColorIndex": 0,
      "WheelType": -1,
      "WheelVariations": [
        -1,
        -1
      ],
      "WindowTint": 1
    },
    {
      "DashboardColorIndex": 0,
      "DriftTyres": false,
      "EnvEffScale": -1.000000,
      "Flags": {
        "BulletproofTyres": true,
        "CustomPrimaryColor": false,
        "CustomSecondaryColor": false,
        "ExtraFlag1": false,
        "ExtraFlag10": false,
        "ExtraFlag11": false,
        "ExtraFlag12": false,
        "ExtraFlag2": false,
        "ExtraFlag3": false,
        "ExtraFlag4": false,
        "ExtraFlag5": false,
        "ExtraFlag6": false,
        "ExtraFlag7": false,
        "ExtraFlag8": false,
        "ExtraFlag9": false,
        "NeonBack": false,
        "NeonFront": false,
        "NeonLeft": false,
        "NeonRight": false
      },
      "InteriorColorIndex": 0,
      "Livery": -1,
      "ModelHash": 884483972,
      "Name": "MK1 Oppressor",
      "NeonColor": {
        "b": 0,
        "g": 0,
        "r": 0
      },
      "NumberPlateIndex": 0,
      "NumberPlateText": "FUCKED",
      "PearlesentColorIndex": 91,
      "PrimaryColor": {
        "b": 0,
        "g": 0,
        "r": 0
      },
      "PrimaryColorIndex": 91,
      "RoofLivery": -1,
      "SecondaryColor": {
        "b": 0,
        "g": 0,
        "r": 0
      },
      "SecondaryColorIndex": 120,
      "TyreSmokeColor": {
        "b": 0,
        "g": 0,
        "r": 252
      },
      "VehicleMods": [
        1,
        1,
        1,
        -1,
        -1,
        1,
        -1,
        2,
        1,
        -1,
        1,
        4,
        3,
        3,
        -1,
        -1,
        5,
        -1,
        1,
        -1,
        1,
        -1,
        -1,
        64,
        64,
        -1,
        -1,
        -1,
        -1,
        -1,
        -1,
        -1,
        -1,
        -1,
        -1,
        -1,
        -1,
        -1,
        -1,
        -1,
        -1,
        -1,
        -1,
        -1,
        -1,
        -1,
        -1,
        -1,
        16
      ],
      "WheelColorIndex": 156,
      "WheelType": 6,
      "WheelVariations": [
        -1,
        -1
      ],
      "WindowTint": 0
    },
    {
      "DashboardColorIndex": 111,
      "DriftTyres": false,
      "EnvEffScale": -1.000000,
      "Flags": {
        "BulletproofTyres": true,
        "CustomPrimaryColor": false,
        "CustomSecondaryColor": false,
        "ExtraFlag1": false,
        "ExtraFlag10": false,
        "ExtraFlag11": false,
        "ExtraFlag12": false,
        "ExtraFlag2": false,
        "ExtraFlag3": false,
        "ExtraFlag4": false,
        "ExtraFlag5": false,
        "ExtraFlag6": false,
        "ExtraFlag7": false,
        "ExtraFlag8": false,
        "ExtraFlag9": false,
        "NeonBack": true,
        "NeonFront": true,
        "NeonLeft": true,
        "NeonRight": true
      },
      "InteriorColorIndex": 0,
      "Livery": -1,
      "ModelHash": -42959138,
      "Name": "Hunter Heli",
      "NeonColor": {
        "b": 255,
        "g": 255,
        "r": 255
      },
      "NumberPlateIndex": 1,
      "NumberPlateText": "PIMP",
      "PearlesentColorIndex": 0,
      "PrimaryColor": {
        "b": 35,
        "g": 41,
        "r": 46
      },
      "PrimaryColorIndex": 124,
      "RoofLivery": -1,
      "SecondaryColor": {
        "b": 35,
        "g": 41,
        "r": 46
      },
      "SecondaryColorIndex": 10,
      "TyreSmokeColor": {
        "b": 255,
        "g": 255,
        "r": 255
      },
      "VehicleMods": [
        -1,
        2,
        -1,
        -1,
        -1,
        -1,
        -1,
        -1,
        -1,
        4,
        1,
        4,
        3,
        -1,
        -1,
        -1,
        5,
        1,
        1,
        1,
        1,
        1,
        9,
        -1,
        -1,
        -1,
        -1,
        -1,
        -1,
        -1,
        -1,
        -1,
        -1,
        -1,
        -1,
        -1,
        -1,
        -1,
        -1,
        -1,
        -1,
        -1,
        -1,
        -1,
        -1,
        -1,
        -1,
        -1,
        3
      ],
      "WheelColorIndex": 0,
      "WheelType": -1,
      "WheelVariations": [
        -1,
        -1
      ],
      "WindowTint": 0
    },
    {
      "DashboardColorIndex": 0,
      "DriftTyres": false,
      "EnvEffScale": -1.000000,
      "Flags": {
        "BulletproofTyres": true,
        "CustomPrimaryColor": false,
        "CustomSecondaryColor": false,
        "ExtraFlag1": false,
        "ExtraFlag10": false,
        "ExtraFlag11": false,
        "ExtraFlag12": false,
        "ExtraFlag2": false,
        "ExtraFlag3": false,
        "ExtraFlag4": false,
        "ExtraFlag5": false,
        "ExtraFlag6": false,
        "ExtraFlag7": false,
        "ExtraFlag8": false,
        "ExtraFlag9": false,
        "NeonBack": true,
        "NeonFront": true,
        "NeonLeft": true,
        "NeonRight": true
      },
      "InteriorColorIndex": 0,
      "Livery": -1,
      "ModelHash": 1058115860,
      "Name": "Jumbo Jet ",
      "NeonColor": {
        "b": 255,
        "g": 255,
        "r": 255
      },
      "NumberPlateIndex": 1,
      "NumberPlateText": "PIMP",
      "PearlesentColorIndex": 158,
      "PrimaryColor": {
        "b": 240,
        "g": 240,
        "r": 240
      },
      "PrimaryColorIndex": 158,
      "RoofLivery": -1,
      "SecondaryColor": {
        "b": 240,
        "g": 240,
        "r": 240
      },
      "SecondaryColorIndex": 158,
      "TyreSmokeColor": {
        "b": 255,
        "g": 255,
        "r": 255
      },
      "VehicleMods": [
        -1,
        -1,
        -1,
        -1,
        -1,
        -1,
        -1,
        -1,
        -1,
        -1,
        -1,
        -1,
        -1,
        -1,
        -1,
        -1,
        -1,
        1,
        1,
        1,
        1,
        -1,
        1,
        217,
        -1,
        -1,
        -1,
        -1,
        -1,
        -1,
        -1,
        -1,
        -1,
        -1,
        -1,
        -1,
        -1,
        -1,
        -1,
        -1,
        -1,
        -1,
        -1,
        -1,
        -1,
        -1,
        -1,
        -1,
        -1
      ],
      "WheelColorIndex": 0,
      "WheelType": 9,
      "WheelVariations": [
        1,
        1
      ],
      "WindowTint": 1
    },
    {
      "DashboardColorIndex": 1,
      "DriftTyres": false,
      "EnvEffScale": -1.000000,
      "Flags": {
        "BulletproofTyres": true,
        "CustomPrimaryColor": true,
        "CustomSecondaryColor": false,
        "ExtraFlag1": false,
        "ExtraFlag10": false,
        "ExtraFlag11": false,
        "ExtraFlag12": false,
        "ExtraFlag2": false,
        "ExtraFlag3": false,
        "ExtraFlag4": false,
        "ExtraFlag5": false,
        "ExtraFlag6": false,
        "ExtraFlag7": false,
        "ExtraFlag8": false,
        "ExtraFlag9": false,
        "NeonBack": true,
        "NeonFront": true,
        "NeonLeft": true,
        "NeonRight": true
      },
      "InteriorColorIndex": 0,
      "Livery": -1,
      "ModelHash": -261346873,
      "Name": "Gang SUV",
      "NeonColor": {
        "b": 255,
        "g": 222,
        "r": 222
      },
      "NumberPlateIndex": 1,
      "NumberPlateText": "GANG",
      "PearlesentColorIndex": 72,
      "PrimaryColor": {
        "b": 255,
        "g": 80,
        "r": 0
      },
      "PrimaryColorIndex": 88,
      "RoofLivery": -1,
      "SecondaryColor": {
        "b": 255,
        "g": 80,
        "r": 0
      },
      "SecondaryColorIndex": 12,
      "TyreSmokeColor": {
        "b": 0,
        "g": 0,
        "r": 255
      },
      "VehicleMods": [
        1,
        1,
        2,
        1,
        6,
        1,
        -1,
        4,
        3,
        -1,
        1,
        4,
        3,
        3,
        1,
        -1,
        5,
        -1,
        1,
        -1,
        1,
        -1,
        -1,
        27,
        -1,
        -1,
        -1,
        -1,
        1,
        -1,
        -1,
        -1,
        -1,
        -1,
        -1,
        -1,
        -1,
        -1,
        -1,
        -1,
        -1,
        -1,
        -1,
        -1,
        1,
        1,
        -1,
        -1,
        2
      ],
      "WheelColorIndex": 0,
      "WheelType": 4,
      "WheelVariations": [
        1,
        1
      ],
      "WindowTint": 1
    },
    {
      "DashboardColorIndex": 1,
      "DriftTyres": false,
      "EnvEffScale": -1.000000,
      "Flags": {
        "BulletproofTyres": true,
        "CustomPrimaryColor": false,
        "CustomSecondaryColor": false,
        "ExtraFlag1": false,
        "ExtraFlag10": false,
        "ExtraFlag11": false,
        "ExtraFlag12": false,
        "ExtraFlag2": false,
        "ExtraFlag3": false,
        "ExtraFlag4": false,
        "ExtraFlag5": false,
        "ExtraFlag6": false,
        "ExtraFlag7": false,
        "ExtraFlag8": false,
        "ExtraFlag9": false,
        "NeonBack": true,
        "NeonFront": true,
        "NeonLeft": true,
        "NeonRight": true
      },
      "InteriorColorIndex": 0,
      "Livery": -1,
      "ModelHash": -1810806490,
      "Name": "Seminole Frontier",
      "NeonColor": {
        "b": 5,
        "g": 150,
        "r": 255
      },
      "NumberPlateIndex": 1,
      "NumberPlateText": "PIMP",
      "PearlesentColorIndex": 38,
      "PrimaryColor": {
        "b": 194,
        "g": 102,
        "r": 16
      },
      "PrimaryColorIndex": 89,
      "RoofLivery": -1,
      "SecondaryColor": {
        "b": 194,
        "g": 102,
        "r": 16
      },
      "SecondaryColorIndex": 138,
      "TyreSmokeColor": {
        "b": 0,
        "g": 0,
        "r": 255
      },
      "VehicleMods": [
        -1,
        7,
        1,
        2,
        3,
        4,
        3,
        5,
        2,
        1,
        5,
        4,
        3,
        3,
        1,
        -1,
        5,
        -1,
        1,
        -1,
        1,
        -1,
        -1,
        8,
        -1,
        -1,
        -1,
        -1,
        -1,
        -1,
        -1,
        -1,
        -1,
        -1,
        -1,
        -1,
        -1,
        -1,
        -1,
        -1,
        -1,
        -1,
        1,
        -1,
        -1,
        -1,
        -1,
        -1,
        4
      ],
      "WheelColorIndex": 138,
      "WheelType": 4,
      "WheelVariations": [
        -1,
        -1
      ],
      "WindowTint": 2
    },
    {
      "DashboardColorIndex": 48,
      "DriftTyres": false,
      "EnvEffScale": -1.000000,
      "Flags": {
        "BulletproofTyres": true,
        "CustomPrimaryColor": false,
        "CustomSecondaryColor": false,
        "ExtraFlag1": false,
        "ExtraFlag10": false,
        "ExtraFlag11": false,
        "ExtraFlag12": false,
        "ExtraFlag2": false,
        "ExtraFlag3": false,
        "ExtraFlag4": false,
        "ExtraFlag5": false,
        "ExtraFlag6": false,
        "ExtraFlag7": false,
        "ExtraFlag8": false,
        "ExtraFlag9": false,
        "NeonBack": true,
        "NeonFront": true,
        "NeonLeft": true,
        "NeonRight": true
      },
      "InteriorColorIndex": 156,
      "Livery": -1,
      "ModelHash": -114627507,
      "Name": "Limo Turret",
      "NeonColor": {
        "b": 255,
        "g": 255,
        "r": 255
      },
      "NumberPlateIndex": 1,
      "NumberPlateText": "RICH BOI",
      "PearlesentColorIndex": 158,
      "PrimaryColor": {
        "b": 5,
        "g": 5,
        "r": 5
      },
      "PrimaryColorIndex": 158,
      "RoofLivery": -1,
      "SecondaryColor": {
        "b": 5,
        "g": 5,
        "r": 5
      },
      "SecondaryColorIndex": 158,
      "TyreSmokeColor": {
        "b": 255,
        "g": 255,
        "r": 255
      },
      "VehicleMods": [
        -1,
        -1,
        -1,
        -1,
        -1,
        -1,
        -1,
        -1,
        -1,
        -1,
        -1,
        4,
        3,
        3,
        58,
        4,
        5,
        1,
        1,
        1,
        1,
        1,
        1,
        217,
        -1,
        -1,
        -1,
        -1,
        -1,
        -1,
        -1,
        -1,
        -1,
        -1,
        -1,
        -1,
        -1,
        -1,
        -1,
        -1,
        -1,
        -1,
        -1,
        -1,
        -1,
        -1,
        -1,
        -1,
        -1
      ],
      "WheelColorIndex": 12,
      "WheelType": 9,
      "WheelVariations": [
        1,
        1
      ],
      "WindowTint": 1
    },
    {
      "DashboardColorIndex": 54,
      "DriftTyres": false,
      "EnvEffScale": -1.000000,
      "Flags": {
        "BulletproofTyres": true,
        "CustomPrimaryColor": false,
        "CustomSecondaryColor": false,
        "ExtraFlag1": false,
        "ExtraFlag10": false,
        "ExtraFlag11": false,
        "ExtraFlag12": false,
        "ExtraFlag2": false,
        "ExtraFlag3": false,
        "ExtraFlag4": false,
        "ExtraFlag5": false,
        "ExtraFlag6": false,
        "ExtraFlag7": false,
        "ExtraFlag8": false,
        "ExtraFlag9": false,
        "NeonBack": true,
        "NeonFront": true,
        "NeonLeft": true,
        "NeonRight": true
      },
      "InteriorColorIndex": 91,
      "Livery": -1,
      "ModelHash": 2038480341,
      "Name": "Euros",
      "NeonColor": {
        "b": 140,
        "g": 255,
        "r": 0
      },
      "NumberPlateIndex": 1,
      "NumberPlateText": "DT98",
      "PearlesentColorIndex": 0,
      "PrimaryColor": {
        "b": 162,
        "g": 168,
        "r": 39
      },
      "PrimaryColorIndex": 54,
      "RoofLivery": -1,
      "SecondaryColor": {
        "b": 162,
        "g": 168,
        "r": 39
      },
      "SecondaryColorIndex": 91,
      "TyreSmokeColor": {
        "b": 114,
        "g": 114,
        "r": 114
      },
      "VehicleMods": [
        1,
        1,
        1,
        3,
        2,
        1,
        -1,
        19,
        3,
        -1,
        3,
        4,
        3,
        3,
        43,
        4,
        5,
        -1,
        1,
        -1,
        1,
        -1,
        6,
        5,
        -1,
        -1,
        5,
        1,
        -1,
        2,
        -1,
        3,
        12,
        14,
        -1,
        -1,
        -1,
        -1,
        -1,
        1,
        10,
        6,
        5,
        2,
        13,
        -1,
        -1,
        -1,
        8
      ],
      "WheelColorIndex": 151,
      "WheelType": 0,
      "WheelVariations": [
        -1,
        -1
      ],
      "WindowTint": 1
    },
    {
      "DashboardColorIndex": 0,
      "DriftTyres": false,
      "EnvEffScale": -1.000000,
      "Flags": {
        "BulletproofTyres": true,
        "CustomPrimaryColor": false,
        "CustomSecondaryColor": false,
        "ExtraFlag1": false,
        "ExtraFlag10": false,
        "ExtraFlag11": false,
        "ExtraFlag12": false,
        "ExtraFlag2": false,
        "ExtraFlag3": false,
        "ExtraFlag4": false,
        "ExtraFlag5": false,
        "ExtraFlag6": false,
        "ExtraFlag7": false,
        "ExtraFlag8": false,
        "ExtraFlag9": false,
        "NeonBack": true,
        "NeonFront": true,
        "NeonLeft": true,
        "NeonRight": true
      },
      "InteriorColorIndex": 0,
      "Livery": -1,
      "ModelHash": 1131912276,
      "Name": "BMX Bike",
      "NeonColor": {
        "b": 255,
        "g": 255,
        "r": 255
      },
      "NumberPlateIndex": 1,
      "NumberPlateText": "DT98",
      "PearlesentColorIndex": 0,
      "PrimaryColor": {
        "b": 8,
        "g": 8,
        "r": 8
      },
      "PrimaryColorIndex": 29,
      "RoofLivery": -1,
      "SecondaryColor": {
        "b": 8,
        "g": 8,
        "r": 8
      },
      "SecondaryColorIndex": 0,
      "TyreSmokeColor": {
        "b": 255,
        "g": 255,
        "r": 255
      },
      "VehicleMods": [
        -1,
        -1,
        -1,
        -1,
        -1,
        -1,
        -1,
        -1,
        -1,
        -1,
        -1,
        -1,
        -1,
        -1,
        -1,
        -1,
        -1,
        -1,
        -1,
        -1,
        -1,
        -1,
        -1,
        -1,
        -1,
        -1,
        -1,
        -1,
        -1,
        -1,
        -1,
        -1,
        -1,
        -1,
        -1,
        -1,
        -1,
        -1,
        -1,
        -1,
        -1,
        -1,
        -1,
        -1,
        -1,
        -1,
        -1,
        -1,
        -1
      ],
      "WheelColorIndex": 0,
      "WheelType": -1,
      "WheelVariations": [
        -1,
        -1
      ],
      "WindowTint": 0
    }
  ]
}