{
    "__createdwith": "opl's Model Creator",
    "ambientocclusion": false,
    "textures": {
        "particle": "blocks/bed_head_top",
        "side": "blocks/bed_head_side",
        "bottom": "blocks/planks_oak",
        "end": "blocks/bed_head_end",
        "top": "blocks/bed_head_top",
        "bed legs under side": "blocks/bed_legs_under_side"
    },
    "elements": [
        {
            "from": [0,4,0],
            "to": [16,4,16],
            "faces": {
                "down": {
                    "texture": "#bottom"
                }
            }
        },
        {
            "from": [1,4,0],
            "to": [15,9,15],
            "faces": {
                "up": {
                    "uv": [0,1,15,15],
                    "texture": "#top",
                    "rotation": 90
                },
                "west": {
                    "texture": "#side"
                },
                "east": {
                    "uv": [15,7,0,12],
                    "texture": "#side"
                },
                "south": {
                    "texture": "#end"
                }
            }
        },
        {
            "from": [0,1,12],
            "to": [4,4,16],
            "faces": {
                "up": {
                    "texture": "#bed legs under side"
                },
                "down": {
                    "texture": "#bed legs under side"
                },
                "west": {
                    "texture": "#side"
                },
                "east": {
                    "texture": "#side"
                },
                "north": {
                    "texture": "#end"
                },
                "south": {
                    "texture": "#end"
                }
            }
        },
        {
            "from": [12,1,12],
            "to": [16,4,16],
            "faces": {
                "up": {
                    "texture": "#bed legs under side"
                },
                "down": {
                    "texture": "#bed legs under side"
                },
                "west": {
                    "texture": "#side"
                },
                "east": {
                    "texture": "#side"
                },
                "north": {
                    "texture": "#end"
                },
                "south": {
                    "texture": "#end"
                }
            }
        },
        {
            "from": [1,0,12],
            "to": [3,1,16],
            "faces": {
                "down": {
                    "texture": "#bed legs under side"
                },
                "west": {
                    "uv": [12,11,16,12],
                    "texture": "#side"
                },
                "east": {
                    "uv": [12,11,16,12],
                    "texture": "#side"
                },
                "north": {
                    "texture": "#end"
                },
                "south": {
                    "texture": "#end"
                }
            }
        },
        {
            "from": [13,0,12],
            "to": [15,1,16],
            "faces": {
                "down": {
                    "texture": "#bed legs under side"
                },
                "west": {
                    "uv": [12,11,16,12],
                    "texture": "#side"
                },
                "east": {
                    "uv": [12,11,16,12],
                    "texture": "#side"
                },
                "north": {
                    "texture": "#end"
                },
                "south": {
                    "texture": "#end"
                }
            }
        },
        {
            "from": [3,0,13],
            "to": [4,1,15],
            "faces": {
                "down": {
                    "texture": "#bed legs under side"
                },
                "west": {
                    "uv": [12,11,16,12],
                    "texture": "#side"
                },
                "east": {
                    "uv": [12,11,16,12],
                    "texture": "#side"
                },
                "north": {
                    "uv": [2,15,3,16],
                    "texture": "#end"
                },
                "south": {
                    "uv": [2,15,3,16],
                    "texture": "#end"
                }
            }
        },
        {
            "from": [0,0,13],
            "to": [1,1,15],
            "faces": {
                "down": {
                    "texture": "#bed legs under side"
                },
                "west": {
                    "uv": [12,11,16,12],
                    "texture": "#side"
                },
                "east": {
                    "uv": [12,11,16,12],
                    "texture": "#side"
                },
                "north": {
                    "uv": [2,15,3,16],
                    "texture": "#end"
                },
                "south": {
                    "uv": [2,15,3,16],
                    "texture": "#end"
                }
            }
        },
        {
            "from": [15,0,13],
            "to": [16,1,15],
            "faces": {
                "down": {
                    "texture": "#bed legs under side"
                },
                "west": {
                    "uv": [12,11,16,12],
                    "texture": "#side"
                },
                "east": {
                    "uv": [12,11,16,12],
                    "texture": "#side"
                },
                "north": {
                    "uv": [2,15,3,16],
                    "texture": "#end"
                },
                "south": {
                    "uv": [2,15,3,16],
                    "texture": "#end"
                }
            }
        },
        {
            "from": [12,0,13],
            "to": [13,1,15],
            "faces": {
                "down": {
                    "texture": "#bed legs under side"
                },
                "west": {
                    "uv": [12,11,16,12],
                    "texture": "#side"
                },
                "east": {
                    "uv": [12,11,16,12],
                    "texture": "#side"
                },
                "north": {
                    "uv": [2,15,3,16],
                    "texture": "#end"
                },
                "south": {
                    "uv": [2,15,3,16],
                    "texture": "#end"
                }
            }
        },
        {
            "from": [0,4,0],
            "to": [1,8,15],
            "faces": {
                "up": {
                    "uv": [0,15,15,16],
                    "texture": "#top",
                    "rotation": 90
                },
                "west": {
                    "uv": [0,8,15,12],
                    "texture": "#side"
                },
                "east": {
                    "uv": [15,8,0,12],
                    "texture": "#side"
                },
                "south": {
                    "texture": "#end"
                }
            }
        },
        {
            "from": [1,4,15],
            "to": [15,8,16],
            "faces": {
                "up": {
                    "uv": [15,1,16,3],
                    "texture": "#top",
                    "rotation": 90
                },
                "west": {
                    "texture": "#side"
                },
                "east": {
                    "uv": [16,8,15,12],
                    "texture": "#side"
                },
                "south": {
                    "texture": "#end"
                }
            }
        },
        {
            "from": [15,4,0],
            "to": [16,8,15],
            "faces": {
                "up": {
                    "uv": [0,15,15,16],
                    "texture": "#top",
                    "rotation": 90
                },
                "west": {
                    "uv": [0,8,16,12],
                    "texture": "#side"
                },
                "east": {
                    "uv": [15,8,0,12],
                    "texture": "#side"
                },
                "south": {
                    "texture": "#end"
                }
            }
        },
        {
            "from": [4,8,15],
            "to": [12,9,16],
            "faces": {
                "up": {
                    "uv": [15,4,16,12],
                    "texture": "#top",
                    "rotation": 90
                },
                "west": {
                    "texture": "#top"
                },
                "east": {
                    "uv": [16,7,15,8],
                    "texture": "#top"
                },
                "south": {
                    "texture": "#end"
                }
            }
        },
        {
            "from": [3,9,9],
            "to": [13,10,15],
            "faces": {
                "up": {
                    "uv": [10,3,15,13],
                    "texture": "#top",
                    "rotation": 90
                },
                "west": {
                    "uv": [9,12,15,13],
                    "texture": "#top"
                },
                "east": {
                    "uv": [15,3,9,4],
                    "texture": "#top"
                },
                "north": {
                    "uv": [9,3,10,13],
                    "texture": "#top"
                },
                "south": {
                    "uv": [15,4,16,12],
                    "texture": "#top"
                }
            }
        }
    ]
}