{
	"credit": "Made with Blockbench",
	"parent": "block/block",
	"textures": {
		"0": "blocks/enchanting_table_side",
		"1": "blocks/enchanting_table_top",
		"2": "blocks/enchanting_table_bottom",
		"particle": "blocks/enchanting_table_bottom"
	},
	"elements": [
		{
			"from": [12, 12, 4],
			"to": [16, 13, 12],
			"faces": {
				"north": {"uv": [4, 0, 5, 5], "texture": "#1"},
				"east": {"uv": [4, 0, 12, 1], "texture": "#1"},
				"south": {"uv": [4, 0, 5, 5], "texture": "#1"},
				"west": {"uv": [4, 0, 12, 1], "texture": "#1"},
				"up": {"uv": [0, 4, 4, 12], "texture": "#1"},
				"down": {"uv": [0, 0, 0, 0], "texture": "null"}
			}
		},
		{
			"from": [4, 12, 0],
			"to": [12, 13, 16],
			"faces": {
				"north": {"uv": [4, 0, 12, 1], "texture": "#1"},
				"east": {"uv": [0, 4, 16, 5], "texture": "#1"},
				"south": {"uv": [4, 0, 12, 1], "texture": "#1"},
				"west": {"uv": [0, 4, 16, 5], "texture": "#1"},
				"up": {"uv": [4, 0, 12, 16], "texture": "#1"},
				"down": {"uv": [0, 0, 0, 0], "texture": "null"}
			}
		},
		{
			"from": [0, 12, 4],
			"to": [4, 13, 12],
			"faces": {
				"north": {"uv": [4, 0, 5, 5], "texture": "#1"},
				"east": {"uv": [4, 0, 12, 1], "texture": "#1"},
				"south": {"uv": [4, 0, 5, 5], "texture": "#1"},
				"west": {"uv": [4, 0, 12, 1], "texture": "#1"},
				"up": {"uv": [0, 4, 4, 12], "texture": "#1"},
				"down": {"uv": [0, 0, 0, 0], "texture": "null"}
			}
		},
		{
			"from": [0, 3, 6],
			"to": [1, 4, 10],
			"faces": {
				"north": {"uv": [9, 12, 10, 13], "texture": "#0"},
				"east": {"uv": [0, 0, 4, 1], "texture": "#missing"},
				"south": {"uv": [6, 12, 7, 13], "texture": "#0"},
				"west": {"uv": [6, 12, 10, 13], "texture": "#0"},
				"up": {"uv": [0, 0, 4, 1], "rotation": 270, "texture": "#missing"},
				"down": {"uv": [6, 12, 10, 13], "rotation": 90, "texture": "#0"}
			}
		},
		{
			"from": [0, 4, 5],
			"to": [1, 5, 11],
			"faces": {
				"north": {"uv": [10, 11, 11, 12], "texture": "#0"},
				"east": {"uv": [0, 0, 6, 1], "texture": "#missing"},
				"south": {"uv": [5, 11, 6, 12], "texture": "#0"},
				"west": {"uv": [5, 11, 11, 12], "texture": "#0"},
				"up": {"uv": [0, 0, 6, 1], "rotation": 270, "texture": "#missing"},
				"down": {"uv": [5, 11, 11, 12], "rotation": 90, "texture": "#0"}
			}
		},
		{
			"from": [0, 5, 4],
			"to": [1, 12, 12],
			"faces": {
				"north": {"uv": [11, 4, 12, 11], "texture": "#0"},
				"east": {"uv": [0, 0, 8, 8], "texture": "#missing"},
				"south": {"uv": [4, 4, 5, 11], "texture": "#0"},
				"west": {"uv": [4, 4, 12, 11], "texture": "#0"},
				"up": {"uv": [4, 4, 12, 5], "rotation": 270, "texture": "#0"},
				"down": {"uv": [4, 10, 12, 11], "rotation": 90, "texture": "#0"}
			}
		},
		{
			"from": [6, 3, 15],
			"to": [10, 4, 16],
			"faces": {
				"north": {"uv": [0, 0, 4, 1], "texture": "#missing"},
				"east": {"uv": [6, 12, 7, 13], "texture": "#0"},
				"south": {"uv": [6, 12, 10, 13], "texture": "#0"},
				"west": {"uv": [9, 12, 10, 13], "texture": "#0"},
				"up": {"uv": [0, 0, 4, 1], "rotation": 180, "texture": "#missing"},
				"down": {"uv": [6, 12, 10, 13], "rotation": 180, "texture": "#0"}
			}
		},
		{
			"from": [5, 4, 15],
			"to": [11, 5, 16],
			"faces": {
				"north": {"uv": [0, 0, 6, 1], "texture": "#missing"},
				"east": {"uv": [5, 11, 6, 12], "texture": "#0"},
				"south": {"uv": [5, 11, 11, 12], "texture": "#0"},
				"west": {"uv": [10, 11, 11, 12], "texture": "#0"},
				"up": {"uv": [0, 0, 6, 1], "rotation": 180, "texture": "#missing"},
				"down": {"uv": [5, 11, 11, 12], "rotation": 180, "texture": "#0"}
			}
		},
		{
			"from": [4, 5, 15],
			"to": [12, 12, 16],
			"faces": {
				"north": {"uv": [0, 0, 8, 8], "texture": "#missing"},
				"east": {"uv": [4, 4, 5, 11], "texture": "#0"},
				"south": {"uv": [4, 4, 12, 11], "texture": "#0"},
				"west": {"uv": [11, 4, 12, 11], "texture": "#0"},
				"up": {"uv": [4, 4, 12, 5], "rotation": 180, "texture": "#0"},
				"down": {"uv": [4, 10, 12, 11], "rotation": 180, "texture": "#0"}
			}
		},
		{
			"from": [15, 3, 6],
			"to": [16, 4, 10],
			"faces": {
				"north": {"uv": [6, 12, 7, 13], "texture": "#0"},
				"east": {"uv": [6, 12, 10, 13], "texture": "#0"},
				"south": {"uv": [9, 12, 10, 13], "texture": "#0"},
				"west": {"uv": [0, 0, 4, 1], "texture": "#missing"},
				"up": {"uv": [0, 0, 4, 1], "rotation": 90, "texture": "#missing"},
				"down": {"uv": [6, 12, 10, 13], "rotation": 270, "texture": "#0"}
			}
		},
		{
			"from": [15, 4, 5],
			"to": [16, 5, 11],
			"faces": {
				"north": {"uv": [5, 11, 6, 12], "texture": "#0"},
				"east": {"uv": [5, 11, 11, 12], "texture": "#0"},
				"south": {"uv": [10, 11, 11, 12], "texture": "#0"},
				"west": {"uv": [0, 0, 6, 1], "texture": "#missing"},
				"up": {"uv": [0, 0, 6, 1], "rotation": 90, "texture": "#missing"},
				"down": {"uv": [5, 11, 11, 12], "rotation": 270, "texture": "#0"}
			}
		},
		{
			"from": [15, 5, 4],
			"to": [16, 12, 12],
			"faces": {
				"north": {"uv": [4, 4, 5, 11], "texture": "#0"},
				"east": {"uv": [4, 4, 12, 11], "texture": "#0"},
				"south": {"uv": [11, 4, 12, 11], "texture": "#0"},
				"west": {"uv": [0, 0, 8, 8], "texture": "#missing"},
				"up": {"uv": [4, 4, 12, 5], "rotation": 90, "texture": "#0"},
				"down": {"uv": [4, 10, 12, 11], "rotation": 270, "texture": "#0"}
			}
		},
		{
			"from": [6, 3, 0],
			"to": [10, 4, 1],
			"faces": {
				"north": {"uv": [6, 12, 10, 13], "texture": "#0"},
				"east": {"uv": [9, 12, 10, 13], "texture": "#0"},
				"south": {"uv": [0, 0, 4, 1], "texture": "#missing"},
				"west": {"uv": [6, 12, 7, 13], "texture": "#0"},
				"up": {"uv": [0, 0, 4, 1], "texture": "#missing"},
				"down": {"uv": [6, 12, 10, 13], "texture": "#0"}
			}
		},
		{
			"from": [5, 4, 0],
			"to": [11, 5, 1],
			"faces": {
				"north": {"uv": [5, 11, 11, 12], "texture": "#0"},
				"east": {"uv": [10, 11, 11, 12], "texture": "#0"},
				"south": {"uv": [0, 0, 6, 1], "texture": "#missing"},
				"west": {"uv": [5, 11, 6, 12], "texture": "#0"},
				"up": {"uv": [0, 0, 6, 1], "texture": "#missing"},
				"down": {"uv": [5, 11, 11, 12], "texture": "#0"}
			}
		},
		{
			"from": [4, 5, 0],
			"to": [12, 12, 1],
			"faces": {
				"north": {"uv": [4, 4, 12, 11], "texture": "#0"},
				"east": {"uv": [11, 4, 12, 11], "texture": "#0"},
				"south": {"uv": [0, 0, 8, 8], "texture": "#missing"},
				"west": {"uv": [4, 4, 5, 11], "texture": "#0"},
				"up": {"uv": [4, 4, 12, 5], "texture": "#0"},
				"down": {"uv": [4, 10, 12, 11], "texture": "#0"}
			}
		},
		{
			"from": [1, 0, 1],
			"to": [15, 12, 15],
			"faces": {
				"north": {"uv": [0, 4, 16, 16], "texture": "#0", "cullface": "north"},
				"east": {"uv": [0, 4, 16, 16], "texture": "#0", "cullface": "east"},
				"south": {"uv": [0, 4, 16, 16], "texture": "#0", "cullface": "south"},
				"west": {"uv": [0, 4, 16, 16], "texture": "#0", "cullface": "west"},
				"up": {"uv": [0, 0, 16, 16], "texture": "#1"},
				"down": {"uv": [0, 0, 16, 16], "texture": "#2", "cullface": "down"}
			}
		}
	],
	"display": {
		"thirdperson_righthand": {
			"scale": [0.5, 0.5, 0.5]
		},
		"thirdperson_lefthand": {
			"scale": [0.5, 0.5, 0.5]
		},
		"firstperson_righthand": {
			"scale": [0.5, 0.5, 0.5]
		},
		"firstperson_lefthand": {
			"scale": [0.5, 0.5, 0.5]
		},
		"ground": {
			"translation": [0, 4.5, 0]
		}
	},
	"groups": [
		{
			"name": "topCloth",
			"children": [0, 1, 2]
		},
		{
			"name": "westCloth",
			"children": [3, 4, 5]
		},
		{
			"name": "southCloth",
			"children": [6, 7, 8]
		},
		{
			"name": "eastCloth",
			"children": [9, 10, 11]
		},
		{
			"name": "northCloth",
			"children": [12, 13, 14]
		}, 15]
}