{
    "__createdwith": "opl's Model Creator",
    "ambientocclusion": false,
    "textures": {
        "particle": "blocks/endframe_side",
        "side": "blocks/endframe_side",
        "bottom": "blocks/end_stone",
        "top": "blocks/endframe_top"
    },
    "elements": [
        {
            "from": [1,0,1],
            "to": [15,12,15],
            "faces": {
                "up": {
                    "texture": "#top"
                },
                "down": {
                    "texture": "#bottom"
                },
                "west": {
                    "texture": "#side"
                },
                "east": {
                    "texture": "#side"
                },
                "north": {
                    "texture": "#side"
                },
                "south": {
                    "texture": "#side"
                }
            }
        },
        {
            "from": [0,9,0],
            "to": [1,13,4],
            "faces": {
                "up": {
                    "texture": "#top"
                },
                "down": {
                    "uv": [0,4,1,7],
                    "texture": "#side"
                },
                "west": {
                    "texture": "#side"
                },
                "east": {
                    "texture": "#side"
                },
                "north": {
                    "texture": "#side"
                },
                "south": {
                    "texture": "#side"
                }
            }
        },
        {
            "from": [1,9,0],
            "to": [4,13,1],
            "faces": {
                "up": {
                    "texture": "#top"
                },
                "down": {
                    "uv": [0,4,1,7],
                    "texture": "#side"
                },
                "west": {
                    "texture": "#side"
                },
                "east": {
                    "texture": "#side"
                },
                "north": {
                    "uv": [0,3,3,7],
                    "texture": "#side"
                },
                "south": {
                    "texture": "#side"
                }
            }
        },
        {
            "from": [1,12,1],
            "to": [4,13,4],
            "faces": {
                "up": {
                    "texture": "#top"
                },
                "down": {
                    "uv": [0,4,1,7],
                    "texture": "#side"
                },
                "west": {
                    "texture": "#side"
                },
                "east": {
                    "texture": "#side"
                },
                "north": {
                    "texture": "#side"
                },
                "south": {
                    "texture": "#side"
                }
            }
        },
        {
            "from": [1,12,12],
            "to": [4,13,15],
            "faces": {
                "up": {
                    "texture": "#top"
                },
                "down": {
                    "uv": [0,4,1,7],
                    "texture": "#side"
                },
                "west": {
                    "texture": "#side"
                },
                "east": {
                    "texture": "#side"
                },
                "north": {
                    "texture": "#side"
                },
                "south": {
                    "texture": "#side"
                }
            }
        },
        {
            "from": [12,12,12],
            "to": [15,13,15],
            "faces": {
                "up": {
                    "texture": "#top"
                },
                "down": {
                    "uv": [0,4,1,7],
                    "texture": "#side"
                },
                "west": {
                    "texture": "#side"
                },
                "east": {
                    "texture": "#side"
                },
                "north": {
                    "texture": "#side"
                },
                "south": {
                    "texture": "#side"
                }
            }
        },
        {
            "from": [12,12,1],
            "to": [15,13,4],
            "faces": {
                "up": {
                    "texture": "#top"
                },
                "down": {
                    "uv": [0,4,1,7],
                    "texture": "#side"
                },
                "west": {
                    "texture": "#side"
                },
                "east": {
                    "texture": "#side"
                },
                "north": {
                    "texture": "#side"
                },
                "south": {
                    "texture": "#side"
                }
            }
        },
        {
            "from": [3,12,5],
            "to": [4,13,11],
            "faces": {
                "up": {
                    "texture": "#top"
                },
                "down": {
                    "uv": [0,4,1,7],
                    "texture": "#side"
                },
                "west": {
                    "texture": "#side"
                },
                "east": {
                    "texture": "#side"
                },
                "north": {
                    "uv": [4,3,5,4],
                    "texture": "#side"
                },
                "south": {
                    "uv": [4,3,5,4],
                    "texture": "#side"
                }
            }
        },
        {
            "from": [2,12,10],
            "to": [3,13,12],
            "faces": {
                "up": {
                    "texture": "#top"
                },
                "down": {
                    "uv": [0,4,1,7],
                    "texture": "#side"
                },
                "west": {
                    "texture": "#side"
                },
                "east": {
                    "texture": "#side"
                },
                "north": {
                    "uv": [4,3,5,4],
                    "texture": "#side"
                },
                "south": {
                    "texture": "#side"
                }
            }
        },
        {
            "from": [2,12,4],
            "to": [3,13,6],
            "faces": {
                "up": {
                    "texture": "#top"
                },
                "down": {
                    "uv": [0,4,1,7],
                    "texture": "#side"
                },
                "west": {
                    "texture": "#side"
                },
                "east": {
                    "texture": "#side"
                },
                "north": {
                    "uv": [4,3,5,4],
                    "texture": "#side"
                },
                "south": {
                    "uv": [4,3,5,4],
                    "texture": "#side"
                }
            }
        },
        {
            "from": [12,12,5],
            "to": [13,13,11],
            "faces": {
                "up": {
                    "texture": "#top"
                },
                "down": {
                    "uv": [0,4,1,7],
                    "texture": "#side"
                },
                "west": {
                    "texture": "#side"
                },
                "east": {
                    "texture": "#side"
                },
                "north": {
                    "uv": [4,3,5,4],
                    "texture": "#side"
                },
                "south": {
                    "uv": [4,3,5,4],
                    "texture": "#side"
                }
            }
        },
        {
            "from": [13,12,10],
            "to": [14,13,12],
            "faces": {
                "up": {
                    "texture": "#top"
                },
                "down": {
                    "uv": [0,4,1,7],
                    "texture": "#side"
                },
                "west": {
                    "texture": "#side"
                },
                "east": {
                    "texture": "#side"
                },
                "north": {
                    "uv": [4,3,5,4],
                    "texture": "#side"
                },
                "south": {
                    "texture": "#side"
                }
            }
        },
        {
            "from": [13,12,4],
            "to": [14,13,6],
            "faces": {
                "up": {
                    "texture": "#top"
                },
                "down": {
                    "uv": [0,4,1,7],
                    "texture": "#side"
                },
                "west": {
                    "texture": "#side"
                },
                "east": {
                    "texture": "#side"
                },
                "north": {
                    "uv": [4,3,5,4],
                    "texture": "#side"
                },
                "south": {
                    "uv": [4,3,5,4],
                    "texture": "#side"
                }
            }
        },
        {
            "from": [5,12,12],
            "to": [11,13,13],
            "faces": {
                "up": {
                    "texture": "#top"
                },
                "down": {
                    "uv": [0,4,1,7],
                    "texture": "#side"
                },
                "west": {
                    "uv": [11,3,12,4],
                    "texture": "#side"
                },
                "east": {
                    "uv": [11,3,12,4],
                    "texture": "#side"
                },
                "north": {
                    "uv": [4,3,5,4],
                    "texture": "#side"
                },
                "south": {
                    "uv": [4,3,5,4],
                    "texture": "#side"
                }
            }
        },
        {
            "from": [4,12,13],
            "to": [6,13,14],
            "faces": {
                "up": {
                    "texture": "#top"
                },
                "down": {
                    "uv": [0,4,1,7],
                    "texture": "#side"
                },
                "west": {
                    "uv": [11,3,12,4],
                    "texture": "#side"
                },
                "east": {
                    "uv": [11,3,12,4],
                    "texture": "#side"
                },
                "north": {
                    "uv": [4,3,5,4],
                    "texture": "#side"
                },
                "south": {
                    "uv": [4,3,5,4],
                    "texture": "#side"
                }
            }
        },
        {
            "from": [10,12,13],
            "to": [12,13,14],
            "faces": {
                "up": {
                    "texture": "#top"
                },
                "down": {
                    "uv": [0,4,1,7],
                    "texture": "#side"
                },
                "west": {
                    "uv": [11,3,12,4],
                    "texture": "#side"
                },
                "east": {
                    "uv": [11,3,12,4],
                    "texture": "#side"
                },
                "north": {
                    "uv": [4,3,5,4],
                    "texture": "#side"
                },
                "south": {
                    "uv": [4,3,5,4],
                    "texture": "#side"
                }
            }
        },
        {
            "from": [5,12,3],
            "to": [11,13,4],
            "faces": {
                "up": {
                    "texture": "#top"
                },
                "down": {
                    "uv": [0,4,1,7],
                    "texture": "#side"
                },
                "west": {
                    "uv": [11,3,12,4],
                    "texture": "#side"
                },
                "east": {
                    "uv": [11,3,12,4],
                    "texture": "#side"
                },
                "north": {
                    "uv": [4,3,5,4],
                    "texture": "#side"
                },
                "south": {
                    "uv": [4,3,5,4],
                    "texture": "#side"
                }
            }
        },
        {
            "from": [10,12,2],
            "to": [12,13,3],
            "faces": {
                "up": {
                    "texture": "#top"
                },
                "down": {
                    "uv": [0,4,1,7],
                    "texture": "#side"
                },
                "west": {
                    "uv": [11,3,12,4],
                    "texture": "#side"
                },
                "east": {
                    "uv": [11,3,12,4],
                    "texture": "#side"
                },
                "north": {
                    "uv": [4,3,5,4],
                    "texture": "#side"
                },
                "south": {
                    "uv": [4,3,5,4],
                    "texture": "#side"
                }
            }
        },
        {
            "from": [4,12,2],
            "to": [6,13,3],
            "faces": {
                "up": {
                    "texture": "#top"
                },
                "down": {
                    "uv": [0,4,1,7],
                    "texture": "#side"
                },
                "west": {
                    "uv": [11,3,12,4],
                    "texture": "#side"
                },
                "east": {
                    "uv": [11,3,12,4],
                    "texture": "#side"
                },
                "north": {
                    "uv": [4,3,5,4],
                    "texture": "#side"
                },
                "south": {
                    "uv": [4,3,5,4],
                    "texture": "#side"
                }
            }
        },
        {
            "from": [4,12,5],
            "to": [5,13,6],
            "faces": {
                "up": {
                    "texture": "#top"
                },
                "down": {
                    "uv": [0,4,1,7],
                    "texture": "#side"
                },
                "west": {
                    "texture": "#side"
                },
                "east": {
                    "uv": [5,4,6,5],
                    "texture": "#top"
                },
                "north": {
                    "uv": [4,3,5,4],
                    "texture": "#side"
                },
                "south": {
                    "uv": [4,5,5,6],
                    "texture": "#top"
                }
            }
        },
        {
            "from": [5,12,4],
            "to": [6,13,5],
            "faces": {
                "up": {
                    "texture": "#top"
                },
                "down": {
                    "uv": [0,4,1,7],
                    "texture": "#side"
                },
                "west": {
                    "texture": "#side"
                },
                "east": {
                    "uv": [5,4,6,5],
                    "texture": "#top"
                },
                "north": {
                    "uv": [4,3,5,4],
                    "texture": "#side"
                },
                "south": {
                    "uv": [4,5,5,6],
                    "texture": "#top"
                }
            }
        },
        {
            "from": [10,12,11],
            "to": [11,13,12],
            "faces": {
                "up": {
                    "texture": "#top"
                },
                "down": {
                    "uv": [0,4,1,7],
                    "texture": "#side"
                },
                "west": {
                    "uv": [11,5,12,6],
                    "texture": "#top"
                },
                "east": {
                    "uv": [5,4,6,5],
                    "texture": "#top"
                },
                "north": {
                    "uv": [5,4,6,5],
                    "texture": "#top"
                },
                "south": {
                    "uv": [4,5,5,6],
                    "texture": "#top"
                }
            }
        },
        {
            "from": [11,12,10],
            "to": [12,13,11],
            "faces": {
                "up": {
                    "texture": "#top"
                },
                "down": {
                    "uv": [0,4,1,7],
                    "texture": "#side"
                },
                "west": {
                    "uv": [10,4,11,5],
                    "texture": "#top"
                },
                "east": {
                    "uv": [5,4,6,5],
                    "texture": "#top"
                },
                "north": {
                    "uv": [5,4,6,5],
                    "texture": "#top"
                },
                "south": {
                    "uv": [4,5,5,6],
                    "texture": "#top"
                }
            }
        },
        {
            "from": [7,8,8],
            "to": [8,9,9],
            "faces": {
                "up": {
                    "texture": "#top"
                },
                "down": {
                    "uv": [0,4,1,7],
                    "texture": "#side"
                },
                "west": {
                    "texture": "#side"
                },
                "east": {
                    "uv": [5,4,6,5],
                    "texture": "#top"
                },
                "north": {
                    "uv": [4,3,5,4],
                    "texture": "#side"
                },
                "south": {
                    "uv": [4,5,5,6],
                    "texture": "#top"
                }
            }
        },
        {
            "from": [8,8,7],
            "to": [9,9,8],
            "faces": {
                "up": {
                    "texture": "#top"
                },
                "down": {
                    "uv": [0,4,1,7],
                    "texture": "#side"
                },
                "west": {
                    "texture": "#side"
                },
                "east": {
                    "uv": [5,4,6,5],
                    "texture": "#top"
                },
                "north": {
                    "uv": [4,3,5,4],
                    "texture": "#side"
                },
                "south": {
                    "uv": [4,5,5,6],
                    "texture": "#top"
                }
            }
        },
        {
            "from": [10,12,4],
            "to": [11,13,5],
            "faces": {
                "up": {
                    "texture": "#top"
                },
                "down": {
                    "uv": [0,4,1,7],
                    "texture": "#side"
                },
                "west": {
                    "uv": [5,4,6,5],
                    "texture": "#top"
                },
                "east": {
                    "uv": [5,4,6,5],
                    "texture": "#top"
                },
                "north": {
                    "uv": [4,3,5,4],
                    "texture": "#side"
                },
                "south": {
                    "uv": [4,5,5,6],
                    "texture": "#top"
                }
            }
        },
        {
            "from": [11,12,5],
            "to": [12,13,6],
            "faces": {
                "up": {
                    "texture": "#top"
                },
                "down": {
                    "uv": [0,4,1,7],
                    "texture": "#side"
                },
                "west": {
                    "uv": [5,4,6,5],
                    "texture": "#top"
                },
                "east": {
                    "uv": [5,4,6,5],
                    "texture": "#top"
                },
                "north": {
                    "uv": [4,3,5,4],
                    "texture": "#side"
                },
                "south": {
                    "uv": [4,5,5,6],
                    "texture": "#top"
                }
            }
        },
        {
            "from": [4,12,10],
            "to": [5,13,11],
            "faces": {
                "up": {
                    "texture": "#top"
                },
                "down": {
                    "uv": [0,4,1,7],
                    "texture": "#side"
                },
                "west": {
                    "texture": "#side"
                },
                "east": {
                    "uv": [5,4,6,5],
                    "texture": "#top"
                },
                "north": {
                    "uv": [5,4,6,5],
                    "texture": "#top"
                },
                "south": {
                    "uv": [4,5,5,6],
                    "texture": "#top"
                }
            }
        },
        {
            "from": [5,12,11],
            "to": [6,13,12],
            "faces": {
                "up": {
                    "texture": "#top"
                },
                "down": {
                    "uv": [0,4,1,7],
                    "texture": "#side"
                },
                "west": {
                    "texture": "#side"
                },
                "east": {
                    "uv": [5,4,6,5],
                    "texture": "#top"
                },
                "north": {
                    "uv": [5,4,6,5],
                    "texture": "#top"
                },
                "south": {
                    "uv": [4,5,5,6],
                    "texture": "#top"
                }
            }
        },
        {
            "from": [0,9,12],
            "to": [1,13,16],
            "faces": {
                "up": {
                    "texture": "#top"
                },
                "down": {
                    "uv": [0,4,1,7],
                    "texture": "#side"
                },
                "west": {
                    "texture": "#side"
                },
                "east": {
                    "texture": "#side"
                },
                "north": {
                    "texture": "#side"
                },
                "south": {
                    "texture": "#side"
                }
            }
        },
        {
            "from": [15,9,12],
            "to": [16,13,16],
            "faces": {
                "up": {
                    "texture": "#top"
                },
                "down": {
                    "uv": [0,4,1,7],
                    "texture": "#side"
                },
                "west": {
                    "texture": "#side"
                },
                "east": {
                    "texture": "#side"
                },
                "north": {
                    "texture": "#side"
                },
                "south": {
                    "texture": "#side"
                }
            }
        },
        {
            "from": [15,9,0],
            "to": [16,13,4],
            "faces": {
                "up": {
                    "texture": "#top"
                },
                "down": {
                    "uv": [0,4,1,7],
                    "texture": "#side"
                },
                "west": {
                    "texture": "#side"
                },
                "east": {
                    "texture": "#side"
                },
                "north": {
                    "texture": "#side"
                },
                "south": {
                    "texture": "#side"
                }
            }
        },
        {
            "from": [12,9,0],
            "to": [15,13,1],
            "faces": {
                "up": {
                    "texture": "#top"
                },
                "down": {
                    "uv": [0,4,1,7],
                    "texture": "#side"
                },
                "west": {
                    "texture": "#side"
                },
                "east": {
                    "texture": "#side"
                },
                "north": {
                    "uv": [1,3,4,7],
                    "texture": "#side"
                },
                "south": {
                    "texture": "#side"
                }
            }
        },
        {
            "from": [12,9,15],
            "to": [15,13,16],
            "faces": {
                "up": {
                    "texture": "#top"
                },
                "down": {
                    "uv": [0,4,1,7],
                    "texture": "#side"
                },
                "west": {
                    "texture": "#side"
                },
                "east": {
                    "texture": "#side"
                },
                "north": {
                    "uv": [1,3,4,7],
                    "texture": "#side"
                },
                "south": {
                    "texture": "#side"
                }
            }
        },
        {
            "from": [1,9,15],
            "to": [4,13,16],
            "faces": {
                "up": {
                    "texture": "#top"
                },
                "down": {
                    "uv": [0,4,1,7],
                    "texture": "#side"
                },
                "west": {
                    "texture": "#side"
                },
                "east": {
                    "texture": "#side"
                },
                "north": {
                    "uv": [0,3,3,7],
                    "texture": "#side"
                },
                "south": {
                    "texture": "#side"
                }
            }
        },
        {
            "from": [4,9,0],
            "to": [12,10,1],
            "faces": {
                "up": {
                    "texture": "#top"
                },
                "down": {
                    "uv": [4,6,12,7],
                    "texture": "#side"
                },
                "west": {
                    "texture": "#side"
                },
                "east": {
                    "texture": "#side"
                },
                "north": {
                    "uv": [4,6,12,7],
                    "texture": "#side"
                },
                "south": {
                    "texture": "#side"
                }
            }
        },
        {
            "from": [2,6,0],
            "to": [3,9,1],
            "faces": {
                "up": {
                    "texture": "#top"
                },
                "down": {
                    "uv": [4,6,12,7],
                    "texture": "#side"
                },
                "west": {
                    "uv": [2,7,3,10],
                    "texture": "#side"
                },
                "east": {
                    "uv": [2,7,3,10],
                    "texture": "#side"
                },
                "north": {
                    "uv": [4,6,12,7],
                    "texture": "#side"
                },
                "south": {
                    "texture": "#side"
                }
            }
        },
        {
            "from": [13,6,0],
            "to": [14,9,1],
            "faces": {
                "up": {
                    "texture": "#top"
                },
                "down": {
                    "uv": [4,6,12,7],
                    "texture": "#side"
                },
                "west": {
                    "uv": [2,7,3,10],
                    "texture": "#side"
                },
                "east": {
                    "uv": [2,7,3,10],
                    "texture": "#side"
                },
                "north": {
                    "uv": [4,6,12,7],
                    "texture": "#side"
                },
                "south": {
                    "texture": "#side"
                }
            }
        },
        {
            "from": [3,6,0],
            "to": [5,7,1],
            "faces": {
                "up": {
                    "uv": [4,0,6,1],
                    "texture": "#top"
                },
                "down": {
                    "uv": [4,6,12,7],
                    "texture": "#side"
                },
                "west": {
                    "uv": [2,7,3,10],
                    "texture": "#side"
                },
                "east": {
                    "uv": [2,7,3,10],
                    "texture": "#side"
                },
                "north": {
                    "uv": [4,6,12,7],
                    "texture": "#side"
                },
                "south": {
                    "texture": "#side"
                }
            }
        },
        {
            "from": [11,6,0],
            "to": [13,7,1],
            "faces": {
                "up": {
                    "uv": [4,0,6,1],
                    "texture": "#top"
                },
                "down": {
                    "uv": [4,6,12,7],
                    "texture": "#side"
                },
                "west": {
                    "uv": [2,7,3,10],
                    "texture": "#side"
                },
                "east": {
                    "uv": [2,7,3,10],
                    "texture": "#side"
                },
                "north": {
                    "uv": [4,6,12,7],
                    "texture": "#side"
                },
                "south": {
                    "texture": "#side"
                }
            }
        },
        {
            "from": [5,5,0],
            "to": [11,8,1],
            "faces": {
                "up": {
                    "uv": [2,0,4,1],
                    "texture": "#top"
                },
                "down": {
                    "uv": [1,6,3,7],
                    "texture": "#side"
                },
                "west": {
                    "uv": [3,4,4,7],
                    "texture": "#side"
                },
                "east": {
                    "uv": [3,4,4,7],
                    "texture": "#side"
                },
                "north": {
                    "uv": [5,8,11,11],
                    "texture": "#side"
                },
                "south": {
                    "texture": "#side"
                }
            }
        },
        {
            "from": [13,6,15],
            "to": [14,9,16],
            "faces": {
                "up": {
                    "texture": "#top"
                },
                "down": {
                    "uv": [4,6,12,7],
                    "texture": "#side"
                },
                "west": {
                    "uv": [2,7,3,10],
                    "texture": "#side"
                },
                "east": {
                    "uv": [2,7,3,10],
                    "texture": "#side"
                },
                "north": {
                    "uv": [4,6,12,7],
                    "texture": "#side"
                },
                "south": {
                    "texture": "#side"
                }
            }
        },
        {
            "from": [4,9,15],
            "to": [12,10,16],
            "faces": {
                "up": {
                    "texture": "#top"
                },
                "down": {
                    "uv": [4,6,12,7],
                    "texture": "#side"
                },
                "west": {
                    "texture": "#side"
                },
                "east": {
                    "texture": "#side"
                },
                "north": {
                    "uv": [4,6,12,7],
                    "texture": "#side"
                },
                "south": {
                    "texture": "#side"
                }
            }
        },
        {
            "from": [2,6,15],
            "to": [3,9,16],
            "faces": {
                "up": {
                    "texture": "#top"
                },
                "down": {
                    "uv": [4,6,12,7],
                    "texture": "#side"
                },
                "west": {
                    "uv": [2,7,3,10],
                    "texture": "#side"
                },
                "east": {
                    "uv": [2,7,3,10],
                    "texture": "#side"
                },
                "north": {
                    "uv": [4,6,12,7],
                    "texture": "#side"
                },
                "south": {
                    "texture": "#side"
                }
            }
        },
        {
            "from": [3,6,15],
            "to": [5,7,16],
            "faces": {
                "up": {
                    "uv": [4,0,6,1],
                    "texture": "#top"
                },
                "down": {
                    "uv": [4,6,12,7],
                    "texture": "#side"
                },
                "west": {
                    "uv": [2,7,3,10],
                    "texture": "#side"
                },
                "east": {
                    "uv": [2,7,3,10],
                    "texture": "#side"
                },
                "north": {
                    "uv": [4,6,12,7],
                    "texture": "#side"
                },
                "south": {
                    "texture": "#side"
                }
            }
        },
        {
            "from": [11,6,15],
            "to": [13,7,16],
            "faces": {
                "up": {
                    "uv": [4,0,6,1],
                    "texture": "#top"
                },
                "down": {
                    "uv": [4,6,12,7],
                    "texture": "#side"
                },
                "west": {
                    "uv": [2,7,3,10],
                    "texture": "#side"
                },
                "east": {
                    "uv": [2,7,3,10],
                    "texture": "#side"
                },
                "north": {
                    "uv": [4,6,12,7],
                    "texture": "#side"
                },
                "south": {
                    "texture": "#side"
                }
            }
        },
        {
            "from": [5,5,15],
            "to": [11,8,16],
            "faces": {
                "up": {
                    "uv": [2,0,4,1],
                    "texture": "#top"
                },
                "down": {
                    "uv": [1,6,3,7],
                    "texture": "#side"
                },
                "west": {
                    "uv": [3,4,4,7],
                    "texture": "#side"
                },
                "east": {
                    "uv": [3,4,4,7],
                    "texture": "#side"
                },
                "north": {
                    "uv": [5,8,11,11],
                    "texture": "#side"
                },
                "south": {
                    "texture": "#side"
                }
            }
        },
        {
            "from": [15,9,4],
            "to": [16,10,12],
            "faces": {
                "up": {
                    "texture": "#top"
                },
                "down": {
                    "uv": [4,6,12,7],
                    "texture": "#side"
                },
                "west": {
                    "texture": "#side"
                },
                "east": {
                    "texture": "#side"
                },
                "north": {
                    "texture": "#side"
                },
                "south": {
                    "texture": "#side"
                }
            }
        },
        {
            "from": [15,6,2],
            "to": [16,9,3],
            "faces": {
                "up": {
                    "texture": "#top"
                },
                "down": {
                    "uv": [4,6,12,7],
                    "texture": "#side"
                },
                "west": {
                    "texture": "#side"
                },
                "east": {
                    "texture": "#side"
                },
                "north": {
                    "uv": [13,7,14,10],
                    "texture": "#side"
                },
                "south": {
                    "uv": [13,7,14,10],
                    "texture": "#side"
                }
            }
        },
        {
            "from": [15,6,13],
            "to": [16,9,14],
            "faces": {
                "up": {
                    "texture": "#top"
                },
                "down": {
                    "uv": [4,6,12,7],
                    "texture": "#side"
                },
                "west": {
                    "texture": "#side"
                },
                "east": {
                    "texture": "#side"
                },
                "north": {
                    "uv": [13,7,14,10],
                    "texture": "#side"
                },
                "south": {
                    "uv": [13,7,14,10],
                    "texture": "#side"
                }
            }
        },
        {
            "from": [15,6,3],
            "to": [16,7,5],
            "faces": {
                "up": {
                    "uv": [15,4,16,6],
                    "texture": "#top"
                },
                "down": {
                    "uv": [4,6,12,7],
                    "texture": "#side"
                },
                "west": {
                    "texture": "#side"
                },
                "east": {
                    "texture": "#side"
                },
                "north": {
                    "texture": "#side"
                },
                "south": {
                    "uv": [13,9,14,10],
                    "texture": "#side"
                }
            }
        },
        {
            "from": [15,6,11],
            "to": [16,7,13],
            "faces": {
                "up": {
                    "uv": [15,4,16,6],
                    "texture": "#top"
                },
                "down": {
                    "uv": [4,6,12,7],
                    "texture": "#side"
                },
                "west": {
                    "texture": "#side"
                },
                "east": {
                    "texture": "#side"
                },
                "north": {
                    "uv": [13,9,14,10],
                    "texture": "#side"
                },
                "south": {
                    "uv": [13,9,14,10],
                    "texture": "#side"
                }
            }
        },
        {
            "from": [15,5,5],
            "to": [16,8,11],
            "faces": {
                "up": {
                    "uv": [15,0,16,4],
                    "texture": "#top"
                },
                "down": {
                    "uv": [4,10,11,11],
                    "texture": "#side"
                },
                "west": {
                    "texture": "#side"
                },
                "east": {
                    "texture": "#side"
                },
                "north": {
                    "uv": [15,4,16,7],
                    "texture": "#side"
                },
                "south": {
                    "uv": [15,4,16,7],
                    "texture": "#side"
                }
            }
        },
        {
            "from": [0,9,4],
            "to": [1,10,12],
            "faces": {
                "up": {
                    "texture": "#top"
                },
                "down": {
                    "uv": [4,6,12,7],
                    "texture": "#side"
                },
                "west": {
                    "texture": "#side"
                },
                "east": {
                    "texture": "#side"
                },
                "north": {
                    "texture": "#side"
                },
                "south": {
                    "texture": "#side"
                }
            }
        },
        {
            "from": [0,6,13],
            "to": [1,9,14],
            "faces": {
                "up": {
                    "texture": "#top"
                },
                "down": {
                    "uv": [4,6,12,7],
                    "texture": "#side"
                },
                "west": {
                    "texture": "#side"
                },
                "east": {
                    "texture": "#side"
                },
                "north": {
                    "uv": [13,7,14,10],
                    "texture": "#side"
                },
                "south": {
                    "uv": [13,7,14,10],
                    "texture": "#side"
                }
            }
        },
        {
            "from": [0,6,11],
            "to": [1,7,13],
            "faces": {
                "up": {
                    "uv": [15,4,16,6],
                    "texture": "#top"
                },
                "down": {
                    "uv": [4,6,12,7],
                    "texture": "#side"
                },
                "west": {
                    "texture": "#side"
                },
                "east": {
                    "texture": "#side"
                },
                "north": {
                    "uv": [13,9,14,10],
                    "texture": "#side"
                },
                "south": {
                    "uv": [13,9,14,10],
                    "texture": "#side"
                }
            }
        },
        {
            "from": [0,5,5],
            "to": [1,8,11],
            "faces": {
                "up": {
                    "uv": [15,0,16,4],
                    "texture": "#top"
                },
                "down": {
                    "uv": [4,10,11,11],
                    "texture": "#side"
                },
                "west": {
                    "texture": "#side"
                },
                "east": {
                    "texture": "#side"
                },
                "north": {
                    "uv": [15,4,16,7],
                    "texture": "#side"
                },
                "south": {
                    "uv": [15,4,16,7],
                    "texture": "#side"
                }
            }
        },
        {
            "from": [0,6,3],
            "to": [1,7,5],
            "faces": {
                "up": {
                    "uv": [15,4,16,6],
                    "texture": "#top"
                },
                "down": {
                    "uv": [4,6,12,7],
                    "texture": "#side"
                },
                "west": {
                    "texture": "#side"
                },
                "east": {
                    "texture": "#side"
                },
                "north": {
                    "texture": "#side"
                },
                "south": {
                    "uv": [13,9,14,10],
                    "texture": "#side"
                }
            }
        },
        {
            "from": [0,6,2],
            "to": [1,9,3],
            "faces": {
                "up": {
                    "texture": "#top"
                },
                "down": {
                    "uv": [4,6,12,7],
                    "texture": "#side"
                },
                "west": {
                    "texture": "#side"
                },
                "east": {
                    "texture": "#side"
                },
                "north": {
                    "uv": [13,7,14,10],
                    "texture": "#side"
                },
                "south": {
                    "uv": [13,7,14,10],
                    "texture": "#side"
                }
            }
        }
    ]
}