{
    "__createdwith": "opl's Model Creator",
    "ambientocclusion": false,
    "textures": {
        "particle": "blocks/ladder",
        "texture": "blocks/ladder"
    },
    "elements": [
        {
            "from": [1,0,15],
            "to": [4,16,16],
            "faces": {
                "up": {
                    "uv": [4,14,7,15],
                    "texture": "#texture"
                },
                "down": {
                    "uv": [4,14,7,15],
                    "texture": "#texture"
                },
                "west": {
                    "uv": [14,0,15,16],
                    "texture": "#texture"
                },
                "east": {
                    "uv": [14,0,15,16],
                    "texture": "#texture"
                },
                "north": {
                    "uv": [4,0,1,16],
                    "texture": "#texture"
                },
                "south": {
                    "texture": "#texture"
                }
            }
        },
        {
            "from": [12,0,15],
            "to": [15,16,16],
            "faces": {
                "up": {
                    "uv": [9,14,12,15],
                    "texture": "#texture"
                },
                "down": {
                    "uv": [9,14,12,15],
                    "texture": "#texture"
                },
                "west": {
                    "uv": [14,0,15,16],
                    "texture": "#texture"
                },
                "east": {
                    "uv": [14,0,15,16],
                    "texture": "#texture"
                },
                "north": {
                    "uv": [15,0,12,16],
                    "texture": "#texture"
                },
                "south": {
                    "texture": "#texture"
                }
            }
        },
        {
            "from": [4,10,15],
            "to": [12,14,16],
            "faces": {
                "up": {
                    "uv": [4,14,12,15],
                    "texture": "#texture"
                },
                "down": {
                    "uv": [4,14,12,15],
                    "texture": "#texture"
                },
                "north": {
                    "texture": "#texture"
                },
                "south": {
                    "texture": "#texture"
                }
            }
        },
        {
            "from": [4,1,15],
            "to": [12,5,16],
            "faces": {
                "up": {
                    "uv": [4,14,12,15],
                    "texture": "#texture"
                },
                "down": {
                    "uv": [4,14,12,15],
                    "texture": "#texture"
                },
                "north": {
                    "texture": "#texture"
                },
                "south": {
                    "texture": "#texture"
                }
            }
        }
    ]
}