{
	"credit": "Made with Blockbench",
	"ambientocclusion": false,
	"textures": {
		"tnt_bottom": "blocks/tnt_bottom",
		"particle": "blocks/tnt_bottom",
		"tnt_side": "blocks/tnt_side",
		"tnt_top": "blocks/tnt_top"
	},
	"elements": [
		{
			"from": [0, 0, 0],
			"to": [16, 15, 16],
			"faces": {
				"north": {"uv": [0, 0, 16, 16], "texture": "#tnt_side"},
				"east": {"uv": [0, 0, 16, 16], "texture": "#tnt_side"},
				"south": {"uv": [0, 0, 16, 16], "texture": "#tnt_side"},
				"west": {"uv": [0, 0, 16, 16], "texture": "#tnt_side"},
				"up": {"uv": [0, 0, 16, 16], "texture": "#tnt_top"},
				"down": {"uv": [0, 0, 16, 16], "texture": "#tnt_bottom"}
			}
		},
		{
			"from": [0, 15, 0],
			"to": [2, 16, 16],
			"faces": {
				"north": {"uv": [14, 0, 16, 1], "texture": "#tnt_side"},
				"east": {"uv": [0, 0, 16, 1], "texture": "#tnt_top"},
				"south": {"uv": [0, 0, 2, 1], "texture": "#tnt_side"},
				"west": {"uv": [0, 0, 16, 1], "texture": "#tnt_side"},
				"up": {"uv": [0, 0, 2, 16], "texture": "#tnt_top"}
			}
		},
		{
			"from": [14, 15, 0],
			"to": [16, 16, 16],
			"faces": {
				"north": {"uv": [0, 0, 2, 1], "texture": "#tnt_side"},
				"east": {"uv": [0, 0, 16, 1], "texture": "#tnt_side"},
				"south": {"uv": [14, 0, 16, 1], "texture": "#tnt_side"},
				"west": {"uv": [0, 0, 16, 1], "texture": "#tnt_top"},
				"up": {"uv": [14, 0, 16, 16], "texture": "#tnt_top"}
			}
		},
		{
			"from": [2, 15, 0],
			"to": [14, 16, 3],
			"faces": {
				"north": {"uv": [2, 0, 14, 1], "texture": "#tnt_side"},
				"east": {"uv": [13, 0, 16, 1], "texture": "missingtexture"},
				"south": {"uv": [2, 0, 14, 1], "texture": "#tnt_top"},
				"west": {"uv": [0, 0, 3, 1], "texture": "missingtexture"},
				"up": {"uv": [2, 0, 14, 3], "texture": "#tnt_top"}
			}
		},
		{
			"from": [2, 15, 13],
			"to": [14, 16, 16],
			"faces": {
				"north": {"uv": [2, 0, 14, 1], "texture": "#tnt_top"},
				"east": {"uv": [0, 0, 3, 1], "texture": "missingtexture"},
				"south": {"uv": [2, 0, 14, 1], "texture": "#tnt_side"},
				"west": {"uv": [13, 0, 16, 1], "texture": "missingtexture"},
				"up": {"uv": [2, 13, 14, 16], "texture": "#tnt_top"}
			}
		},
		{
			"from": [2, 15, 3],
			"to": [4, 16, 4],
			"faces": {
				"north": {"uv": [12, 0, 14, 1], "texture": "missingtexture"},
				"east": {"uv": [12, 0, 13, 1], "texture": "#tnt_top"},
				"south": {"uv": [2, 0, 4, 1], "texture": "#tnt_top"},
				"west": {"uv": [3, 0, 4, 1], "texture": "missingtexture"},
				"up": {"uv": [2, 3, 4, 4], "texture": "#tnt_top"}
			}
		},
		{
			"from": [12, 15, 3],
			"to": [14, 16, 4],
			"faces": {
				"north": {"uv": [2, 0, 4, 1], "texture": "missingtexture"},
				"east": {"uv": [12, 0, 13, 1], "texture": "missingtexture"},
				"south": {"uv": [12, 0, 14, 1], "texture": "#tnt_top"},
				"west": {"uv": [3, 0, 4, 1], "texture": "#tnt_top"},
				"up": {"uv": [12, 3, 14, 4], "texture": "#tnt_top"}
			}
		},
		{
			"from": [2, 15, 12],
			"to": [4, 16, 13],
			"faces": {
				"north": {"uv": [12, 0, 14, 1], "texture": "#tnt_top"},
				"east": {"uv": [3, 0, 4, 1], "texture": "#tnt_top"},
				"south": {"uv": [2, 0, 4, 1], "texture": "missingtexture"},
				"west": {"uv": [12, 0, 13, 1], "texture": "missingtexture"},
				"up": {"uv": [2, 12, 4, 13], "texture": "#tnt_top"}
			}
		},
		{
			"from": [12, 15, 12],
			"to": [14, 16, 13],
			"faces": {
				"north": {"uv": [2, 0, 4, 1], "texture": "#tnt_top"},
				"east": {"uv": [3, 0, 4, 1], "texture": "missingtexture"},
				"south": {"uv": [12, 0, 14, 1], "texture": "missingtexture"},
				"west": {"uv": [12, 0, 13, 1], "texture": "#tnt_top"},
				"up": {"uv": [12, 12, 14, 13], "texture": "#tnt_top"}
			}
		},
		{
			"from": [2, 15, 4],
			"to": [3, 16, 5],
			"faces": {
				"north": {"uv": [13, 0, 14, 1], "texture": "missingtexture"},
				"east": {"uv": [11, 0, 12, 1], "texture": "#tnt_top"},
				"south": {"uv": [2, 0, 3, 1], "texture": "#tnt_top"},
				"west": {"uv": [4, 0, 5, 1], "texture": "missingtexture"},
				"up": {"uv": [2, 4, 3, 5], "texture": "#tnt_top"}
			}
		},
		{
			"from": [13, 15, 4],
			"to": [14, 16, 5],
			"faces": {
				"north": {"uv": [2, 0, 3, 1], "texture": "missingtexture"},
				"east": {"uv": [11, 0, 12, 1], "texture": "missingtexture"},
				"south": {"uv": [13, 0, 14, 1], "texture": "#tnt_top"},
				"west": {"uv": [4, 0, 5, 1], "texture": "#tnt_top"},
				"up": {"uv": [13, 4, 14, 5], "texture": "#tnt_top"}
			}
		},
		{
			"from": [13, 15, 11],
			"to": [14, 16, 12],
			"faces": {
				"north": {"uv": [2, 0, 3, 1], "texture": "#tnt_top"},
				"east": {"uv": [4, 0, 5, 1], "texture": "missingtexture"},
				"south": {"uv": [13, 0, 14, 1], "texture": "missingtexture"},
				"west": {"uv": [11, 0, 12, 1], "texture": "#tnt_top"},
				"up": {"uv": [13, 11, 14, 12], "texture": "#tnt_top"}
			}
		},
		{
			"from": [2, 15, 11],
			"to": [3, 16, 12],
			"faces": {
				"north": {"uv": [13, 0, 14, 1], "texture": "#tnt_top"},
				"east": {"uv": [4, 0, 5, 1], "texture": "#tnt_top"},
				"south": {"uv": [2, 0, 3, 1], "texture": "missingtexture"},
				"west": {"uv": [11, 0, 12, 1], "texture": "missingtexture"},
				"up": {"uv": [2, 11, 3, 12], "texture": "#tnt_top"}
			}
		},
		{
			"from": [4, 15, 4],
			"to": [7, 16, 12],
			"faces": {
				"north": {"uv": [9, 0, 12, 1], "texture": "#tnt_top"},
				"east": {"uv": [4, 0, 12, 1], "texture": "#tnt_top"},
				"south": {"uv": [4, 0, 7, 1], "texture": "#tnt_top"},
				"west": {"uv": [4, 0, 12, 1], "texture": "#tnt_top"},
				"up": {"uv": [4, 4, 7, 12], "texture": "#tnt_top"}
			}
		},
		{
			"from": [9, 15, 4],
			"to": [12, 16, 12],
			"faces": {
				"north": {"uv": [4, 0, 7, 1], "texture": "#tnt_top"},
				"east": {"uv": [4, 0, 12, 1], "texture": "#tnt_top"},
				"south": {"uv": [9, 0, 12, 1], "texture": "#tnt_top"},
				"west": {"uv": [4, 0, 12, 1], "texture": "#tnt_top"},
				"up": {"uv": [9, 4, 12, 12], "texture": "#tnt_top"}
			}
		},
		{
			"from": [7, 15, 4],
			"to": [9, 16, 10],
			"faces": {
				"north": {"uv": [7, 0, 9, 1], "texture": "#tnt_top"},
				"east": {"uv": [6, 0, 12, 1], "texture": "missingtexture"},
				"south": {"uv": [7, 0, 9, 1], "texture": "#tnt_top"},
				"west": {"uv": [4, 0, 10, 1], "texture": "missingtexture"},
				"up": {"uv": [7, 4, 9, 10], "texture": "#tnt_top"}
			}
		},
		{
			"from": [7, 15, 11],
			"to": [9, 16, 12],
			"faces": {
				"north": {"uv": [7, 0, 9, 1], "texture": "#tnt_top"},
				"east": {"uv": [4, 0, 5, 1], "texture": "missingtexture"},
				"south": {"uv": [7, 0, 9, 1], "texture": "#tnt_top"},
				"west": {"uv": [11, 0, 12, 1], "texture": "missingtexture"},
				"up": {"uv": [7, 11, 9, 12], "texture": "#tnt_top"}
			}
		},
		{
			"from": [3, 15, 5],
			"to": [4, 16, 11],
			"faces": {
				"north": {"uv": [12, 0, 13, 1], "texture": "#tnt_top"},
				"east": {"uv": [5, 0, 11, 1], "texture": "missingtexture"},
				"south": {"uv": [3, 0, 4, 1], "texture": "#tnt_top"},
				"west": {"uv": [5, 0, 11, 1], "texture": "#tnt_top"},
				"up": {"uv": [3, 5, 4, 11], "texture": "#tnt_top"}
			}
		},
		{
			"from": [12, 15, 5],
			"to": [13, 16, 11],
			"faces": {
				"north": {"uv": [3, 0, 4, 1], "texture": "#tnt_top"},
				"east": {"uv": [5, 0, 11, 1], "texture": "#tnt_top"},
				"south": {"uv": [12, 0, 13, 1], "texture": "#tnt_top"},
				"west": {"uv": [5, 0, 11, 1], "texture": "missingtexture"},
				"up": {"uv": [12, 5, 13, 11], "texture": "#tnt_top"}
			}
		}
	],
	"display": {
		"thirdperson_righthand": {
			"scale": [0.5, 0.5, 0.5]
		},
		"thirdperson_lefthand": {
			"scale": [0.5, 0.5, 0.5]
		},
		"firstperson_righthand": {
			"scale": [0.5, 0.5, 0.5]
		},
		"firstperson_lefthand": {
			"scale": [0.5, 0.5, 0.5]
		},
		"ground": {
			"translation": [0, 4.5, 0]
		}
	}
}