{
	"credit": "Made with Blockbench",
	"ambientocclusion": false,
	"textures": {
		"redstone_lamp_off": "blocks/redstone_lamp_off",
		"particle": "blocks/redstone_lamp_off"
	},
	"elements": [
		{
			"from": [1, 1, 1],
			"to": [15, 15, 15],
			"faces": {
				"north": {"uv": [1, 1, 15, 15], "texture": "#redstone_lamp_off"},
				"east": {"uv": [1, 1, 15, 15], "texture": "#redstone_lamp_off"},
				"south": {"uv": [1, 1, 15, 15], "texture": "#redstone_lamp_off"},
				"west": {"uv": [1, 1, 15, 15], "texture": "#redstone_lamp_off"},
				"up": {"uv": [1, 1, 15, 15], "texture": "#redstone_lamp_off"},
				"down": {"uv": [1, 1, 15, 15], "rotation": 180, "texture": "#redstone_lamp_off"}
			}
		},
		{
			"from": [2, 15, 5],
			"to": [14, 16, 7],
			"faces": {
				"north": {"uv": [2, 0, 14, 1], "texture": "#redstone_lamp_off"},
				"east": {"uv": [9, 0, 11, 1], "texture": "#redstone_lamp_off"},
				"south": {"uv": [2, 0, 14, 1], "texture": "#redstone_lamp_off"},
				"west": {"uv": [5, 0, 7, 1], "texture": "#redstone_lamp_off"},
				"up": {"uv": [2, 5, 14, 7], "texture": "#redstone_lamp_off"},
				"down": {"uv": [2, 9, 14, 11], "texture": "missingtexture"}
			}
		},
		{
			"from": [3, 15, 4],
			"to": [13, 16, 5],
			"faces": {
				"north": {"uv": [3, 0, 13, 1], "texture": "#redstone_lamp_off"},
				"east": {"uv": [11, 0, 12, 1], "texture": "#redstone_lamp_off"},
				"south": {"uv": [3, 0, 13, 1], "texture": "missingtexture"},
				"west": {"uv": [4, 0, 5, 1], "texture": "#redstone_lamp_off"},
				"up": {"uv": [3, 4, 13, 5], "texture": "#redstone_lamp_off"},
				"down": {"uv": [3, 11, 13, 12], "texture": "missingtexture"}
			}
		},
		{
			"from": [4, 15, 3],
			"to": [12, 16, 4],
			"faces": {
				"north": {"uv": [4, 0, 12, 1], "texture": "#redstone_lamp_off"},
				"east": {"uv": [12, 0, 13, 1], "texture": "#redstone_lamp_off"},
				"south": {"uv": [4, 0, 12, 1], "texture": "missingtexture"},
				"west": {"uv": [3, 0, 4, 1], "texture": "#redstone_lamp_off"},
				"up": {"uv": [4, 3, 12, 4], "texture": "#redstone_lamp_off"},
				"down": {"uv": [4, 12, 12, 13], "texture": "missingtexture"}
			}
		},
		{
			"from": [6, 15, 2],
			"to": [10, 16, 3],
			"faces": {
				"north": {"uv": [6, 0, 10, 1], "texture": "#redstone_lamp_off"},
				"east": {"uv": [13, 0, 14, 1], "texture": "#redstone_lamp_off"},
				"south": {"uv": [6, 0, 10, 1], "texture": "missingtexture"},
				"west": {"uv": [2, 0, 3, 1], "texture": "#redstone_lamp_off"},
				"up": {"uv": [6, 2, 10, 3], "texture": "#redstone_lamp_off"},
				"down": {"uv": [6, 13, 10, 14], "texture": "missingtexture"}
			}
		},
		{
			"from": [1, 15, 7],
			"to": [7, 16, 8],
			"faces": {
				"north": {"uv": [9, 0, 15, 1], "texture": "#redstone_lamp_off"},
				"east": {"uv": [8, 0, 9, 1], "texture": "#redstone_lamp_off"},
				"south": {"uv": [1, 0, 7, 1], "texture": "#redstone_lamp_off"},
				"west": {"uv": [7, 0, 8, 1], "texture": "#redstone_lamp_off"},
				"up": {"uv": [1, 7, 7, 8], "texture": "#redstone_lamp_off"},
				"down": {"uv": [1, 8, 7, 9], "texture": "missingtexture"}
			}
		},
		{
			"from": [9, 15, 7],
			"to": [15, 16, 8],
			"faces": {
				"north": {"uv": [1, 0, 7, 1], "texture": "#redstone_lamp_off"},
				"east": {"uv": [8, 0, 9, 1], "texture": "#redstone_lamp_off"},
				"south": {"uv": [9, 0, 15, 1], "texture": "#redstone_lamp_off"},
				"west": {"uv": [7, 0, 8, 1], "texture": "#redstone_lamp_off"},
				"up": {"uv": [9, 7, 15, 8], "texture": "#redstone_lamp_off"},
				"down": {"uv": [9, 8, 15, 9], "texture": "missingtexture"}
			}
		},
		{
			"from": [6, 15, 9],
			"to": [10, 16, 10],
			"faces": {
				"north": {"uv": [6, 0, 10, 1], "texture": "#redstone_lamp_off"},
				"east": {"uv": [6, 0, 7, 1], "texture": "#redstone_lamp_off"},
				"south": {"uv": [6, 0, 10, 1], "texture": "#redstone_lamp_off"},
				"west": {"uv": [9, 0, 10, 1], "texture": "#redstone_lamp_off"},
				"up": {"uv": [6, 9, 10, 10], "texture": "#redstone_lamp_off"},
				"down": {"uv": [6, 6, 10, 7], "texture": "missingtexture"}
			}
		},
		{
			"from": [6, 15, 8],
			"to": [7, 16, 9],
			"faces": {
				"north": {"uv": [9, 0, 10, 1], "texture": "missingtexture"},
				"east": {"uv": [7, 0, 8, 1], "texture": "#redstone_lamp_off"},
				"south": {"uv": [6, 0, 7, 1], "texture": "missingtexture"},
				"west": {"uv": [8, 0, 9, 1], "texture": "#redstone_lamp_off"},
				"up": {"uv": [6, 8, 7, 9], "texture": "#redstone_lamp_off"},
				"down": {"uv": [6, 7, 7, 8], "texture": "missingtexture"}
			}
		},
		{
			"from": [9, 15, 8],
			"to": [10, 16, 9],
			"faces": {
				"north": {"uv": [6, 0, 7, 1], "texture": "missingtexture"},
				"east": {"uv": [7, 0, 8, 1], "texture": "#redstone_lamp_off"},
				"south": {"uv": [9, 0, 10, 1], "texture": "missingtexture"},
				"west": {"uv": [8, 0, 9, 1], "texture": "#redstone_lamp_off"},
				"up": {"uv": [9, 8, 10, 9], "texture": "#redstone_lamp_off"},
				"down": {"uv": [9, 7, 10, 8], "texture": "missingtexture"}
			}
		},
		{
			"from": [1, 15, 8],
			"to": [3, 16, 9],
			"faces": {
				"north": {"uv": [13, 0, 15, 1], "texture": "missingtexture"},
				"east": {"uv": [7, 0, 8, 1], "texture": "#redstone_lamp_off"},
				"south": {"uv": [1, 0, 3, 1], "texture": "#redstone_lamp_off"},
				"west": {"uv": [8, 0, 9, 1], "texture": "#redstone_lamp_off"},
				"up": {"uv": [1, 8, 3, 9], "texture": "#redstone_lamp_off"},
				"down": {"uv": [1, 7, 3, 8], "texture": "missingtexture"}
			}
		},
		{
			"from": [13, 15, 8],
			"to": [15, 16, 9],
			"faces": {
				"north": {"uv": [1, 0, 3, 1], "texture": "missingtexture"},
				"east": {"uv": [7, 0, 8, 1], "texture": "#redstone_lamp_off"},
				"south": {"uv": [13, 0, 15, 1], "texture": "#redstone_lamp_off"},
				"west": {"uv": [8, 0, 9, 1], "texture": "#redstone_lamp_off"},
				"up": {"uv": [13, 8, 15, 9], "texture": "#redstone_lamp_off"},
				"down": {"uv": [13, 7, 15, 8], "texture": "missingtexture"}
			}
		},
		{
			"from": [2, 15, 9],
			"to": [3, 16, 11],
			"faces": {
				"north": {"uv": [13, 0, 14, 1], "texture": "missingtexture"},
				"east": {"uv": [5, 0, 7, 1], "texture": "#redstone_lamp_off"},
				"south": {"uv": [2, 0, 3, 1], "texture": "#redstone_lamp_off"},
				"west": {"uv": [9, 0, 11, 1], "texture": "#redstone_lamp_off"},
				"up": {"uv": [2, 9, 3, 11], "texture": "#redstone_lamp_off"},
				"down": {"uv": [2, 5, 3, 7], "texture": "missingtexture"}
			}
		},
		{
			"from": [13, 15, 9],
			"to": [14, 16, 11],
			"faces": {
				"north": {"uv": [2, 0, 3, 1], "texture": "missingtexture"},
				"east": {"uv": [5, 0, 7, 1], "texture": "#redstone_lamp_off"},
				"south": {"uv": [13, 0, 14, 1], "texture": "#redstone_lamp_off"},
				"west": {"uv": [9, 0, 11, 1], "texture": "#redstone_lamp_off"},
				"up": {"uv": [13, 9, 14, 11], "texture": "#redstone_lamp_off"},
				"down": {"uv": [13, 5, 14, 7], "texture": "missingtexture"}
			}
		},
		{
			"from": [3, 15, 11],
			"to": [4, 16, 12],
			"faces": {
				"north": {"uv": [12, 0, 13, 1], "texture": "#redstone_lamp_off"},
				"east": {"uv": [4, 0, 5, 1], "texture": "#redstone_lamp_off"},
				"south": {"uv": [3, 0, 4, 1], "texture": "#redstone_lamp_off"},
				"west": {"uv": [11, 0, 12, 1], "texture": "#redstone_lamp_off"},
				"up": {"uv": [3, 11, 4, 12], "texture": "#redstone_lamp_off"},
				"down": {"uv": [3, 4, 4, 5], "texture": "missingtexture"}
			}
		},
		{
			"from": [12, 15, 11],
			"to": [13, 16, 12],
			"faces": {
				"north": {"uv": [3, 0, 4, 1], "texture": "#redstone_lamp_off"},
				"east": {"uv": [4, 0, 5, 1], "texture": "#redstone_lamp_off"},
				"south": {"uv": [12, 0, 13, 1], "texture": "#redstone_lamp_off"},
				"west": {"uv": [11, 0, 12, 1], "texture": "#redstone_lamp_off"},
				"up": {"uv": [12, 11, 13, 12], "texture": "#redstone_lamp_off"},
				"down": {"uv": [12, 4, 13, 5], "texture": "missingtexture"}
			}
		},
		{
			"from": [4, 15, 12],
			"to": [6, 16, 13],
			"faces": {
				"north": {"uv": [10, 0, 12, 1], "texture": "#redstone_lamp_off"},
				"east": {"uv": [3, 0, 4, 1], "texture": "#redstone_lamp_off"},
				"south": {"uv": [4, 0, 6, 1], "texture": "#redstone_lamp_off"},
				"west": {"uv": [12, 0, 13, 1], "texture": "#redstone_lamp_off"},
				"up": {"uv": [4, 12, 6, 13], "texture": "#redstone_lamp_off"},
				"down": {"uv": [4, 3, 6, 4], "texture": "missingtexture"}
			}
		},
		{
			"from": [10, 15, 12],
			"to": [12, 16, 13],
			"faces": {
				"north": {"uv": [4, 0, 6, 1], "texture": "#redstone_lamp_off"},
				"east": {"uv": [3, 0, 4, 1], "texture": "#redstone_lamp_off"},
				"south": {"uv": [10, 0, 12, 1], "texture": "#redstone_lamp_off"},
				"west": {"uv": [12, 0, 13, 1], "texture": "#redstone_lamp_off"},
				"up": {"uv": [10, 12, 12, 13], "texture": "#redstone_lamp_off"},
				"down": {"uv": [10, 3, 12, 4], "texture": "missingtexture"}
			}
		},
		{
			"from": [6, 15, 13],
			"to": [10, 16, 14],
			"faces": {
				"north": {"uv": [6, 0, 10, 1], "texture": "#redstone_lamp_off"},
				"east": {"uv": [2, 0, 3, 1], "texture": "#redstone_lamp_off"},
				"south": {"uv": [6, 0, 10, 1], "texture": "#redstone_lamp_off"},
				"west": {"uv": [13, 0, 14, 1], "texture": "#redstone_lamp_off"},
				"up": {"uv": [6, 13, 10, 14], "texture": "#redstone_lamp_off"},
				"down": {"uv": [6, 2, 10, 3], "texture": "missingtexture"}
			}
		},
		{
			"from": [7, 15, 14],
			"to": [9, 16, 15],
			"faces": {
				"north": {"uv": [7, 0, 9, 1], "texture": "missingtexture"},
				"east": {"uv": [1, 0, 2, 1], "texture": "#redstone_lamp_off"},
				"south": {"uv": [7, 0, 9, 1], "texture": "#redstone_lamp_off"},
				"west": {"uv": [14, 0, 15, 1], "texture": "#redstone_lamp_off"},
				"up": {"uv": [7, 14, 9, 15], "texture": "#redstone_lamp_off"},
				"down": {"uv": [7, 1, 9, 2], "texture": "missingtexture"}
			}
		},
		{
			"from": [7, 15, 1],
			"to": [9, 16, 2],
			"faces": {
				"north": {"uv": [7, 0, 9, 1], "texture": "#redstone_lamp_off"},
				"east": {"uv": [14, 0, 15, 1], "texture": "#redstone_lamp_off"},
				"south": {"uv": [7, 0, 9, 1], "texture": "missingtexture"},
				"west": {"uv": [1, 0, 2, 1], "texture": "#redstone_lamp_off"},
				"up": {"uv": [7, 1, 9, 2], "texture": "#redstone_lamp_off"},
				"down": {"uv": [7, 14, 9, 15], "texture": "missingtexture"}
			}
		},
		{
			"from": [7, 0, 14],
			"to": [9, 1, 15],
			"faces": {
				"north": {"uv": [7, 15, 9, 16], "texture": "#redstone_lamp_off"},
				"east": {"uv": [1, 15, 2, 16], "texture": "#redstone_lamp_off"},
				"south": {"uv": [7, 15, 9, 16], "texture": "#redstone_lamp_off"},
				"west": {"uv": [14, 15, 15, 16], "texture": "#redstone_lamp_off"},
				"up": {"uv": [7, 14, 9, 15], "texture": "#redstone_lamp_off"},
				"down": {"uv": [7, 1, 9, 2], "texture": "#redstone_lamp_off"}
			}
		},
		{
			"from": [6, 0, 13],
			"to": [10, 1, 14],
			"faces": {
				"north": {"uv": [6, 15, 10, 16], "texture": "#redstone_lamp_off"},
				"east": {"uv": [2, 15, 3, 16], "texture": "#redstone_lamp_off"},
				"south": {"uv": [6, 15, 10, 16], "texture": "#redstone_lamp_off"},
				"west": {"uv": [13, 15, 14, 16], "texture": "#redstone_lamp_off"},
				"up": {"uv": [6, 13, 10, 14], "texture": "#redstone_lamp_off"},
				"down": {"uv": [6, 2, 10, 3], "texture": "#redstone_lamp_off"}
			}
		},
		{
			"from": [4, 0, 12],
			"to": [6, 1, 13],
			"faces": {
				"north": {"uv": [10, 15, 12, 16], "texture": "#redstone_lamp_off"},
				"east": {"uv": [3, 15, 4, 16], "texture": "#redstone_lamp_off"},
				"south": {"uv": [4, 15, 6, 16], "texture": "#redstone_lamp_off"},
				"west": {"uv": [12, 15, 13, 16], "texture": "#redstone_lamp_off"},
				"up": {"uv": [4, 12, 6, 13], "texture": "#redstone_lamp_off"},
				"down": {"uv": [4, 3, 6, 4], "texture": "#redstone_lamp_off"}
			}
		},
		{
			"from": [10, 0, 12],
			"to": [12, 1, 13],
			"faces": {
				"north": {"uv": [4, 15, 6, 16], "texture": "#redstone_lamp_off"},
				"east": {"uv": [3, 15, 4, 16], "texture": "#redstone_lamp_off"},
				"south": {"uv": [10, 15, 12, 16], "texture": "#redstone_lamp_off"},
				"west": {"uv": [12, 15, 13, 16], "texture": "#redstone_lamp_off"},
				"up": {"uv": [10, 12, 12, 13], "texture": "#redstone_lamp_off"},
				"down": {"uv": [10, 3, 12, 4], "texture": "#redstone_lamp_off"}
			}
		},
		{
			"from": [12, 0, 11],
			"to": [13, 1, 12],
			"faces": {
				"north": {"uv": [3, 15, 4, 16], "texture": "#redstone_lamp_off"},
				"east": {"uv": [4, 15, 5, 16], "texture": "#redstone_lamp_off"},
				"south": {"uv": [12, 15, 13, 16], "texture": "#redstone_lamp_off"},
				"west": {"uv": [11, 15, 12, 16], "texture": "#redstone_lamp_off"},
				"up": {"uv": [12, 11, 13, 12], "texture": "#redstone_lamp_off"},
				"down": {"uv": [12, 4, 13, 5], "texture": "#redstone_lamp_off"}
			}
		},
		{
			"from": [3, 0, 11],
			"to": [4, 1, 12],
			"faces": {
				"north": {"uv": [12, 15, 13, 16], "texture": "#redstone_lamp_off"},
				"east": {"uv": [4, 15, 5, 16], "texture": "#redstone_lamp_off"},
				"south": {"uv": [3, 15, 4, 16], "texture": "#redstone_lamp_off"},
				"west": {"uv": [11, 15, 12, 16], "texture": "#redstone_lamp_off"},
				"up": {"uv": [3, 11, 4, 12], "texture": "#redstone_lamp_off"},
				"down": {"uv": [3, 4, 4, 5], "texture": "#redstone_lamp_off"}
			}
		},
		{
			"from": [2, 0, 9],
			"to": [3, 1, 11],
			"faces": {
				"north": {"uv": [13, 15, 14, 16], "texture": "#redstone_lamp_off"},
				"east": {"uv": [5, 15, 7, 16], "texture": "#redstone_lamp_off"},
				"south": {"uv": [2, 15, 3, 16], "texture": "#redstone_lamp_off"},
				"west": {"uv": [9, 15, 11, 16], "texture": "#redstone_lamp_off"},
				"up": {"uv": [2, 9, 3, 11], "texture": "#redstone_lamp_off"},
				"down": {"uv": [2, 5, 3, 7], "texture": "#redstone_lamp_off"}
			}
		},
		{
			"from": [13, 0, 9],
			"to": [14, 1, 11],
			"faces": {
				"north": {"uv": [2, 15, 3, 16], "texture": "#redstone_lamp_off"},
				"east": {"uv": [5, 15, 7, 16], "texture": "#redstone_lamp_off"},
				"south": {"uv": [13, 15, 14, 16], "texture": "#redstone_lamp_off"},
				"west": {"uv": [9, 15, 11, 16], "texture": "#redstone_lamp_off"},
				"up": {"uv": [13, 9, 14, 11], "texture": "#redstone_lamp_off"},
				"down": {"uv": [13, 5, 14, 7], "texture": "#redstone_lamp_off"}
			}
		},
		{
			"from": [13, 0, 8],
			"to": [15, 1, 9],
			"faces": {
				"north": {"uv": [1, 15, 3, 16], "texture": "#redstone_lamp_off"},
				"east": {"uv": [7, 15, 8, 16], "texture": "#redstone_lamp_off"},
				"south": {"uv": [13, 15, 15, 16], "texture": "#redstone_lamp_off"},
				"west": {"uv": [8, 15, 9, 16], "texture": "#redstone_lamp_off"},
				"up": {"uv": [13, 8, 15, 9], "texture": "#redstone_lamp_off"},
				"down": {"uv": [13, 7, 15, 8], "texture": "#redstone_lamp_off"}
			}
		},
		{
			"from": [1, 0, 8],
			"to": [3, 1, 9],
			"faces": {
				"north": {"uv": [13, 15, 15, 16], "texture": "#redstone_lamp_off"},
				"east": {"uv": [7, 15, 8, 16], "texture": "#redstone_lamp_off"},
				"south": {"uv": [1, 15, 3, 16], "texture": "#redstone_lamp_off"},
				"west": {"uv": [8, 15, 9, 16], "texture": "#redstone_lamp_off"},
				"up": {"uv": [1, 8, 3, 9], "texture": "#redstone_lamp_off"},
				"down": {"uv": [1, 7, 3, 8], "texture": "#redstone_lamp_off"}
			}
		},
		{
			"from": [9, 0, 7],
			"to": [15, 1, 8],
			"faces": {
				"north": {"uv": [1, 15, 7, 16], "texture": "#redstone_lamp_off"},
				"east": {"uv": [8, 15, 9, 16], "texture": "#redstone_lamp_off"},
				"south": {"uv": [9, 15, 15, 16], "texture": "#redstone_lamp_off"},
				"west": {"uv": [7, 15, 8, 16], "texture": "#redstone_lamp_off"},
				"up": {"uv": [9, 7, 15, 8], "texture": "#redstone_lamp_off"},
				"down": {"uv": [9, 8, 15, 9], "texture": "#redstone_lamp_off"}
			}
		},
		{
			"from": [1, 0, 7],
			"to": [7, 1, 8],
			"faces": {
				"north": {"uv": [9, 15, 15, 16], "texture": "#redstone_lamp_off"},
				"east": {"uv": [8, 15, 9, 16], "texture": "#redstone_lamp_off"},
				"south": {"uv": [1, 15, 7, 16], "texture": "#redstone_lamp_off"},
				"west": {"uv": [7, 15, 8, 16], "texture": "#redstone_lamp_off"},
				"up": {"uv": [1, 7, 7, 8], "texture": "#redstone_lamp_off"},
				"down": {"uv": [1, 8, 7, 9], "texture": "#redstone_lamp_off"}
			}
		},
		{
			"from": [6, 0, 8],
			"to": [7, 1, 9],
			"faces": {
				"north": {"uv": [9, 15, 10, 16], "texture": "#redstone_lamp_off"},
				"east": {"uv": [7, 15, 8, 16], "texture": "#redstone_lamp_off"},
				"south": {"uv": [6, 15, 7, 16], "texture": "#redstone_lamp_off"},
				"west": {"uv": [8, 15, 9, 16], "texture": "#redstone_lamp_off"},
				"up": {"uv": [6, 8, 7, 9], "texture": "#redstone_lamp_off"},
				"down": {"uv": [6, 7, 7, 8], "texture": "#redstone_lamp_off"}
			}
		},
		{
			"from": [9, 0, 8],
			"to": [10, 1, 9],
			"faces": {
				"north": {"uv": [6, 15, 7, 16], "texture": "#redstone_lamp_off"},
				"east": {"uv": [7, 15, 8, 16], "texture": "#redstone_lamp_off"},
				"south": {"uv": [9, 15, 10, 16], "texture": "#redstone_lamp_off"},
				"west": {"uv": [8, 15, 9, 16], "texture": "#redstone_lamp_off"},
				"up": {"uv": [9, 8, 10, 9], "texture": "#redstone_lamp_off"},
				"down": {"uv": [9, 7, 10, 8], "texture": "#redstone_lamp_off"}
			}
		},
		{
			"from": [6, 0, 9],
			"to": [10, 1, 10],
			"faces": {
				"north": {"uv": [6, 15, 10, 16], "texture": "#redstone_lamp_off"},
				"east": {"uv": [6, 15, 7, 16], "texture": "#redstone_lamp_off"},
				"south": {"uv": [6, 15, 10, 16], "texture": "#redstone_lamp_off"},
				"west": {"uv": [9, 15, 10, 16], "texture": "#redstone_lamp_off"},
				"up": {"uv": [6, 9, 10, 10], "texture": "#redstone_lamp_off"},
				"down": {"uv": [6, 6, 10, 7], "texture": "#redstone_lamp_off"}
			}
		},
		{
			"from": [2, 0, 5],
			"to": [14, 1, 7],
			"faces": {
				"north": {"uv": [2, 15, 14, 16], "texture": "#redstone_lamp_off"},
				"east": {"uv": [9, 15, 11, 16], "texture": "#redstone_lamp_off"},
				"south": {"uv": [2, 15, 14, 16], "texture": "#redstone_lamp_off"},
				"west": {"uv": [5, 15, 7, 16], "texture": "#redstone_lamp_off"},
				"up": {"uv": [2, 5, 14, 7], "texture": "#redstone_lamp_off"},
				"down": {"uv": [2, 9, 14, 11], "texture": "#redstone_lamp_off"}
			}
		},
		{
			"from": [3, 0, 4],
			"to": [13, 1, 5],
			"faces": {
				"north": {"uv": [3, 15, 13, 16], "texture": "#redstone_lamp_off"},
				"east": {"uv": [11, 15, 12, 16], "texture": "#redstone_lamp_off"},
				"south": {"uv": [3, 15, 13, 16], "texture": "#redstone_lamp_off"},
				"west": {"uv": [4, 15, 5, 16], "texture": "#redstone_lamp_off"},
				"up": {"uv": [3, 4, 13, 5], "texture": "#redstone_lamp_off"},
				"down": {"uv": [3, 11, 13, 12], "texture": "#redstone_lamp_off"}
			}
		},
		{
			"from": [4, 0, 3],
			"to": [12, 1, 4],
			"faces": {
				"north": {"uv": [4, 15, 12, 16], "texture": "#redstone_lamp_off"},
				"east": {"uv": [12, 15, 13, 16], "texture": "#redstone_lamp_off"},
				"south": {"uv": [4, 15, 12, 16], "texture": "#redstone_lamp_off"},
				"west": {"uv": [3, 15, 4, 16], "texture": "#redstone_lamp_off"},
				"up": {"uv": [4, 3, 12, 4], "texture": "#redstone_lamp_off"},
				"down": {"uv": [4, 12, 12, 13], "texture": "#redstone_lamp_off"}
			}
		},
		{
			"from": [6, 0, 2],
			"to": [10, 1, 3],
			"faces": {
				"north": {"uv": [6, 15, 10, 16], "texture": "#redstone_lamp_off"},
				"east": {"uv": [13, 15, 14, 16], "texture": "#redstone_lamp_off"},
				"south": {"uv": [6, 15, 10, 16], "texture": "#redstone_lamp_off"},
				"west": {"uv": [2, 15, 3, 16], "texture": "#redstone_lamp_off"},
				"up": {"uv": [6, 2, 10, 3], "texture": "#redstone_lamp_off"},
				"down": {"uv": [6, 13, 10, 14], "texture": "#redstone_lamp_off"}
			}
		},
		{
			"from": [7, 0, 1],
			"to": [9, 1, 2],
			"faces": {
				"north": {"uv": [7, 15, 9, 16], "texture": "#redstone_lamp_off"},
				"east": {"uv": [14, 15, 15, 16], "texture": "#redstone_lamp_off"},
				"south": {"uv": [7, 15, 9, 16], "texture": "#redstone_lamp_off"},
				"west": {"uv": [1, 15, 2, 16], "texture": "#redstone_lamp_off"},
				"up": {"uv": [7, 1, 9, 2], "texture": "#redstone_lamp_off"},
				"down": {"uv": [7, 14, 9, 15], "texture": "#redstone_lamp_off"}
			}
		},
		{
			"from": [2, 9, 15],
			"to": [14, 11, 16],
			"faces": {
				"north": {"uv": [2, 5, 14, 7], "texture": "missingtexture"},
				"east": {"uv": [0, 5, 1, 7], "texture": "#redstone_lamp_off"},
				"south": {"uv": [2, 5, 14, 7], "texture": "#redstone_lamp_off"},
				"west": {"uv": [15, 5, 16, 7], "texture": "#redstone_lamp_off"},
				"up": {"uv": [2, 15, 14, 16], "texture": "#redstone_lamp_off"},
				"down": {"uv": [2, 0, 14, 1], "texture": "#redstone_lamp_off"}
			}
		},
		{
			"from": [3, 11, 15],
			"to": [13, 12, 16],
			"faces": {
				"north": {"uv": [3, 4, 13, 5], "texture": "missingtexture"},
				"east": {"uv": [0, 4, 1, 5], "texture": "#redstone_lamp_off"},
				"south": {"uv": [3, 4, 13, 5], "texture": "#redstone_lamp_off"},
				"west": {"uv": [15, 4, 16, 5], "texture": "#redstone_lamp_off"},
				"up": {"uv": [3, 15, 13, 16], "texture": "#redstone_lamp_off"},
				"down": {"uv": [3, 0, 13, 1], "texture": "missingtexture"}
			}
		},
		{
			"from": [4, 12, 15],
			"to": [12, 13, 16],
			"faces": {
				"north": {"uv": [4, 3, 12, 4], "texture": "missingtexture"},
				"east": {"uv": [0, 3, 1, 4], "texture": "#redstone_lamp_off"},
				"south": {"uv": [4, 3, 12, 4], "texture": "#redstone_lamp_off"},
				"west": {"uv": [15, 3, 16, 4], "texture": "#redstone_lamp_off"},
				"up": {"uv": [4, 15, 12, 16], "texture": "#redstone_lamp_off"},
				"down": {"uv": [4, 0, 12, 1], "texture": "missingtexture"}
			}
		},
		{
			"from": [6, 13, 15],
			"to": [10, 14, 16],
			"faces": {
				"north": {"uv": [6, 2, 10, 3], "texture": "missingtexture"},
				"east": {"uv": [0, 2, 1, 3], "texture": "#redstone_lamp_off"},
				"south": {"uv": [6, 2, 10, 3], "texture": "#redstone_lamp_off"},
				"west": {"uv": [15, 2, 16, 3], "texture": "#redstone_lamp_off"},
				"up": {"uv": [6, 15, 10, 16], "texture": "#redstone_lamp_off"},
				"down": {"uv": [6, 0, 10, 1], "texture": "#redstone_lamp_off"}
			}
		},
		{
			"from": [7, 14, 15],
			"to": [9, 15, 16],
			"faces": {
				"north": {"uv": [7, 1, 9, 2], "texture": "missingtexture"},
				"east": {"uv": [0, 1, 1, 2], "texture": "#redstone_lamp_off"},
				"south": {"uv": [7, 1, 9, 2], "texture": "#redstone_lamp_off"},
				"west": {"uv": [15, 1, 16, 2], "texture": "#redstone_lamp_off"},
				"up": {"uv": [7, 15, 9, 16], "texture": "#redstone_lamp_off"},
				"down": {"uv": [7, 0, 9, 1], "texture": "#redstone_lamp_off"}
			}
		},
		{
			"from": [1, 8, 15],
			"to": [7, 9, 16],
			"faces": {
				"north": {"uv": [9, 7, 15, 8], "texture": "missingtexture"},
				"east": {"uv": [0, 7, 1, 8], "texture": "#redstone_lamp_off"},
				"south": {"uv": [1, 7, 7, 8], "texture": "#redstone_lamp_off"},
				"west": {"uv": [15, 7, 16, 8], "texture": "#redstone_lamp_off"},
				"up": {"uv": [1, 15, 7, 16], "texture": "#redstone_lamp_off"},
				"down": {"uv": [1, 0, 7, 1], "texture": "#redstone_lamp_off"}
			}
		},
		{
			"from": [9, 8, 15],
			"to": [15, 9, 16],
			"faces": {
				"north": {"uv": [1, 7, 7, 8], "texture": "missingtexture"},
				"east": {"uv": [0, 7, 1, 8], "texture": "#redstone_lamp_off"},
				"south": {"uv": [9, 7, 15, 8], "texture": "#redstone_lamp_off"},
				"west": {"uv": [15, 7, 16, 8], "texture": "#redstone_lamp_off"},
				"up": {"uv": [9, 15, 15, 16], "texture": "#redstone_lamp_off"},
				"down": {"uv": [9, 0, 15, 1], "texture": "#redstone_lamp_off"}
			}
		},
		{
			"from": [1, 7, 15],
			"to": [3, 8, 16],
			"faces": {
				"north": {"uv": [13, 8, 15, 9], "texture": "missingtexture"},
				"east": {"uv": [0, 8, 1, 9], "texture": "#redstone_lamp_off"},
				"south": {"uv": [1, 8, 3, 9], "texture": "#redstone_lamp_off"},
				"west": {"uv": [15, 8, 16, 9], "texture": "#redstone_lamp_off"},
				"up": {"uv": [1, 15, 3, 16], "texture": "#redstone_lamp_off"},
				"down": {"uv": [1, 0, 3, 1], "texture": "#redstone_lamp_off"}
			}
		},
		{
			"from": [13, 7, 15],
			"to": [15, 8, 16],
			"faces": {
				"north": {"uv": [1, 8, 3, 9], "texture": "missingtexture"},
				"east": {"uv": [0, 8, 1, 9], "texture": "#redstone_lamp_off"},
				"south": {"uv": [13, 8, 15, 9], "texture": "#redstone_lamp_off"},
				"west": {"uv": [15, 8, 16, 9], "texture": "#redstone_lamp_off"},
				"up": {"uv": [13, 15, 15, 16], "texture": "#redstone_lamp_off"},
				"down": {"uv": [13, 0, 15, 1], "texture": "#redstone_lamp_off"}
			}
		},
		{
			"from": [6, 7, 15],
			"to": [7, 8, 16],
			"faces": {
				"north": {"uv": [9, 8, 10, 9], "texture": "missingtexture"},
				"east": {"uv": [0, 8, 1, 9], "texture": "#redstone_lamp_off"},
				"south": {"uv": [6, 8, 7, 9], "texture": "#redstone_lamp_off"},
				"west": {"uv": [15, 8, 16, 9], "texture": "#redstone_lamp_off"},
				"up": {"uv": [6, 15, 7, 16], "texture": "#redstone_lamp_off"},
				"down": {"uv": [6, 0, 7, 1], "texture": "#redstone_lamp_off"}
			}
		},
		{
			"from": [9, 7, 15],
			"to": [10, 8, 16],
			"faces": {
				"north": {"uv": [6, 8, 7, 9], "texture": "missingtexture"},
				"east": {"uv": [0, 8, 1, 9], "texture": "#redstone_lamp_off"},
				"south": {"uv": [9, 8, 10, 9], "texture": "#redstone_lamp_off"},
				"west": {"uv": [15, 8, 16, 9], "texture": "#redstone_lamp_off"},
				"up": {"uv": [9, 15, 10, 16], "texture": "#redstone_lamp_off"},
				"down": {"uv": [9, 0, 10, 1], "texture": "#redstone_lamp_off"}
			}
		},
		{
			"from": [6, 6, 15],
			"to": [10, 7, 16],
			"faces": {
				"north": {"uv": [6, 9, 10, 10], "texture": "missingtexture"},
				"east": {"uv": [0, 9, 1, 10], "texture": "#redstone_lamp_off"},
				"south": {"uv": [6, 9, 10, 10], "texture": "#redstone_lamp_off"},
				"west": {"uv": [15, 9, 16, 10], "texture": "#redstone_lamp_off"},
				"up": {"uv": [6, 15, 10, 16], "texture": "#redstone_lamp_off"},
				"down": {"uv": [6, 0, 10, 1], "texture": "#redstone_lamp_off"}
			}
		},
		{
			"from": [2, 5, 15],
			"to": [3, 7, 16],
			"faces": {
				"north": {"uv": [13, 9, 14, 11], "texture": "missingtexture"},
				"east": {"uv": [0, 9, 1, 11], "texture": "#redstone_lamp_off"},
				"south": {"uv": [2, 9, 3, 11], "texture": "#redstone_lamp_off"},
				"west": {"uv": [15, 9, 16, 11], "texture": "#redstone_lamp_off"},
				"up": {"uv": [2, 15, 3, 16], "texture": "#redstone_lamp_off"},
				"down": {"uv": [2, 0, 3, 1], "texture": "#redstone_lamp_off"}
			}
		},
		{
			"from": [13, 5, 15],
			"to": [14, 7, 16],
			"faces": {
				"north": {"uv": [2, 9, 3, 11], "texture": "missingtexture"},
				"east": {"uv": [0, 9, 1, 11], "texture": "#redstone_lamp_off"},
				"south": {"uv": [13, 9, 14, 11], "texture": "#redstone_lamp_off"},
				"west": {"uv": [15, 9, 16, 11], "texture": "#redstone_lamp_off"},
				"up": {"uv": [13, 15, 14, 16], "texture": "#redstone_lamp_off"},
				"down": {"uv": [13, 0, 14, 1], "texture": "#redstone_lamp_off"}
			}
		},
		{
			"from": [3, 4, 15],
			"to": [4, 5, 16],
			"faces": {
				"north": {"uv": [12, 11, 13, 12], "texture": "missingtexture"},
				"east": {"uv": [0, 11, 1, 12], "texture": "#redstone_lamp_off"},
				"south": {"uv": [3, 11, 4, 12], "texture": "#redstone_lamp_off"},
				"west": {"uv": [15, 11, 16, 12], "texture": "#redstone_lamp_off"},
				"up": {"uv": [3, 15, 4, 16], "texture": "#redstone_lamp_off"},
				"down": {"uv": [3, 0, 4, 1], "texture": "#redstone_lamp_off"}
			}
		},
		{
			"from": [12, 4, 15],
			"to": [13, 5, 16],
			"faces": {
				"north": {"uv": [3, 11, 4, 12], "texture": "missingtexture"},
				"east": {"uv": [0, 11, 1, 12], "texture": "#redstone_lamp_off"},
				"south": {"uv": [12, 11, 13, 12], "texture": "#redstone_lamp_off"},
				"west": {"uv": [15, 11, 16, 12], "texture": "#redstone_lamp_off"},
				"up": {"uv": [12, 15, 13, 16], "texture": "#redstone_lamp_off"},
				"down": {"uv": [12, 0, 13, 1], "texture": "#redstone_lamp_off"}
			}
		},
		{
			"from": [4, 3, 15],
			"to": [6, 4, 16],
			"faces": {
				"north": {"uv": [10, 12, 12, 13], "texture": "missingtexture"},
				"east": {"uv": [0, 12, 1, 13], "texture": "#redstone_lamp_off"},
				"south": {"uv": [4, 12, 6, 13], "texture": "#redstone_lamp_off"},
				"west": {"uv": [15, 12, 16, 13], "texture": "#redstone_lamp_off"},
				"up": {"uv": [4, 15, 6, 16], "texture": "#redstone_lamp_off"},
				"down": {"uv": [4, 0, 6, 1], "texture": "#redstone_lamp_off"}
			}
		},
		{
			"from": [10, 3, 15],
			"to": [12, 4, 16],
			"faces": {
				"north": {"uv": [4, 12, 6, 13], "texture": "missingtexture"},
				"east": {"uv": [0, 12, 1, 13], "texture": "#redstone_lamp_off"},
				"south": {"uv": [10, 12, 12, 13], "texture": "#redstone_lamp_off"},
				"west": {"uv": [15, 12, 16, 13], "texture": "#redstone_lamp_off"},
				"up": {"uv": [10, 15, 12, 16], "texture": "#redstone_lamp_off"},
				"down": {"uv": [10, 0, 12, 1], "texture": "#redstone_lamp_off"}
			}
		},
		{
			"from": [6, 2, 15],
			"to": [10, 3, 16],
			"faces": {
				"north": {"uv": [6, 13, 10, 14], "texture": "missingtexture"},
				"east": {"uv": [0, 13, 1, 14], "texture": "#redstone_lamp_off"},
				"south": {"uv": [6, 13, 10, 14], "texture": "#redstone_lamp_off"},
				"west": {"uv": [15, 13, 16, 14], "texture": "#redstone_lamp_off"},
				"up": {"uv": [6, 15, 10, 16], "texture": "#redstone_lamp_off"},
				"down": {"uv": [6, 0, 10, 1], "texture": "#redstone_lamp_off"}
			}
		},
		{
			"from": [7, 1, 15],
			"to": [9, 2, 16],
			"faces": {
				"north": {"uv": [7, 14, 9, 15], "texture": "missingtexture"},
				"east": {"uv": [0, 14, 1, 15], "texture": "#redstone_lamp_off"},
				"south": {"uv": [7, 14, 9, 15], "texture": "#redstone_lamp_off"},
				"west": {"uv": [15, 14, 16, 15], "texture": "#redstone_lamp_off"},
				"up": {"uv": [7, 15, 9, 16], "texture": "#redstone_lamp_off"},
				"down": {"uv": [7, 0, 9, 1], "texture": "#redstone_lamp_off"}
			}
		},
		{
			"from": [7, 14, 0],
			"to": [9, 15, 1],
			"faces": {
				"north": {"uv": [7, 1, 9, 2], "texture": "#redstone_lamp_off"},
				"east": {"uv": [15, 1, 16, 2], "texture": "#redstone_lamp_off"},
				"south": {"uv": [7, 1, 9, 2], "texture": "#redstone_lamp_off"},
				"west": {"uv": [0, 1, 1, 2], "texture": "#redstone_lamp_off"},
				"up": {"uv": [7, 0, 9, 1], "texture": "#redstone_lamp_off"},
				"down": {"uv": [7, 15, 9, 16], "texture": "#redstone_lamp_off"}
			}
		},
		{
			"from": [6, 13, 0],
			"to": [10, 14, 1],
			"faces": {
				"north": {"uv": [6, 2, 10, 3], "texture": "#redstone_lamp_off"},
				"east": {"uv": [15, 2, 16, 3], "texture": "#redstone_lamp_off"},
				"south": {"uv": [6, 2, 10, 3], "texture": "#redstone_lamp_off"},
				"west": {"uv": [0, 2, 1, 3], "texture": "#redstone_lamp_off"},
				"up": {"uv": [6, 0, 10, 1], "texture": "#redstone_lamp_off"},
				"down": {"uv": [6, 15, 10, 16], "texture": "#redstone_lamp_off"}
			}
		},
		{
			"from": [4, 12, 0],
			"to": [12, 13, 1],
			"faces": {
				"north": {"uv": [4, 3, 12, 4], "texture": "#redstone_lamp_off"},
				"east": {"uv": [15, 3, 16, 4], "texture": "#redstone_lamp_off"},
				"south": {"uv": [4, 3, 12, 4], "texture": "#redstone_lamp_off"},
				"west": {"uv": [0, 3, 1, 4], "texture": "#redstone_lamp_off"},
				"up": {"uv": [4, 0, 12, 1], "texture": "#redstone_lamp_off"},
				"down": {"uv": [4, 15, 12, 16], "texture": "missingtexture"}
			}
		},
		{
			"from": [3, 11, 0],
			"to": [13, 12, 1],
			"faces": {
				"north": {"uv": [3, 4, 13, 5], "texture": "#redstone_lamp_off"},
				"east": {"uv": [15, 4, 16, 5], "texture": "#redstone_lamp_off"},
				"south": {"uv": [3, 4, 13, 5], "texture": "#redstone_lamp_off"},
				"west": {"uv": [0, 4, 1, 5], "texture": "#redstone_lamp_off"},
				"up": {"uv": [3, 0, 13, 1], "texture": "#redstone_lamp_off"},
				"down": {"uv": [3, 15, 13, 16], "texture": "missingtexture"}
			}
		},
		{
			"from": [2, 9, 0],
			"to": [14, 11, 1],
			"faces": {
				"north": {"uv": [2, 5, 14, 7], "texture": "#redstone_lamp_off"},
				"east": {"uv": [15, 5, 16, 7], "texture": "#redstone_lamp_off"},
				"south": {"uv": [2, 5, 14, 7], "texture": "#redstone_lamp_off"},
				"west": {"uv": [0, 5, 1, 7], "texture": "#redstone_lamp_off"},
				"up": {"uv": [2, 0, 14, 1], "texture": "#redstone_lamp_off"},
				"down": {"uv": [2, 15, 14, 16], "texture": "#redstone_lamp_off"}
			}
		},
		{
			"from": [9, 8, 0],
			"to": [15, 9, 1],
			"faces": {
				"north": {"uv": [1, 7, 7, 8], "texture": "#redstone_lamp_off"},
				"east": {"uv": [15, 7, 16, 8], "texture": "#redstone_lamp_off"},
				"south": {"uv": [9, 7, 15, 8], "texture": "#redstone_lamp_off"},
				"west": {"uv": [0, 7, 1, 8], "texture": "#redstone_lamp_off"},
				"up": {"uv": [9, 0, 15, 1], "texture": "#redstone_lamp_off"},
				"down": {"uv": [9, 15, 15, 16], "texture": "#redstone_lamp_off"}
			}
		},
		{
			"from": [1, 8, 0],
			"to": [7, 9, 1],
			"faces": {
				"north": {"uv": [9, 7, 15, 8], "texture": "#redstone_lamp_off"},
				"east": {"uv": [15, 7, 16, 8], "texture": "#redstone_lamp_off"},
				"south": {"uv": [1, 7, 7, 8], "texture": "#redstone_lamp_off"},
				"west": {"uv": [0, 7, 1, 8], "texture": "#redstone_lamp_off"},
				"up": {"uv": [1, 0, 7, 1], "texture": "#redstone_lamp_off"},
				"down": {"uv": [1, 15, 7, 16], "texture": "#redstone_lamp_off"}
			}
		},
		{
			"from": [1, 7, 0],
			"to": [3, 8, 1],
			"faces": {
				"north": {"uv": [13, 8, 15, 9], "texture": "#redstone_lamp_off"},
				"east": {"uv": [15, 8, 16, 9], "texture": "#redstone_lamp_off"},
				"south": {"uv": [1, 8, 3, 9], "texture": "#redstone_lamp_off"},
				"west": {"uv": [0, 8, 1, 9], "texture": "#redstone_lamp_off"},
				"up": {"uv": [1, 0, 3, 1], "texture": "#redstone_lamp_off"},
				"down": {"uv": [1, 15, 3, 16], "texture": "#redstone_lamp_off"}
			}
		},
		{
			"from": [6, 7, 0],
			"to": [7, 8, 1],
			"faces": {
				"north": {"uv": [9, 8, 10, 9], "texture": "#redstone_lamp_off"},
				"east": {"uv": [15, 8, 16, 9], "texture": "#redstone_lamp_off"},
				"south": {"uv": [6, 8, 7, 9], "texture": "#redstone_lamp_off"},
				"west": {"uv": [0, 8, 1, 9], "texture": "#redstone_lamp_off"},
				"up": {"uv": [6, 0, 7, 1], "texture": "#redstone_lamp_off"},
				"down": {"uv": [6, 15, 7, 16], "texture": "#redstone_lamp_off"}
			}
		},
		{
			"from": [9, 7, 0],
			"to": [10, 8, 1],
			"faces": {
				"north": {"uv": [6, 8, 7, 9], "texture": "#redstone_lamp_off"},
				"east": {"uv": [15, 8, 16, 9], "texture": "#redstone_lamp_off"},
				"south": {"uv": [9, 8, 10, 9], "texture": "#redstone_lamp_off"},
				"west": {"uv": [0, 8, 1, 9], "texture": "#redstone_lamp_off"},
				"up": {"uv": [9, 0, 10, 1], "texture": "#redstone_lamp_off"},
				"down": {"uv": [9, 15, 10, 16], "texture": "#redstone_lamp_off"}
			}
		},
		{
			"from": [13, 7, 0],
			"to": [15, 8, 1],
			"faces": {
				"north": {"uv": [1, 8, 3, 9], "texture": "#redstone_lamp_off"},
				"east": {"uv": [15, 8, 16, 9], "texture": "#redstone_lamp_off"},
				"south": {"uv": [13, 8, 15, 9], "texture": "#redstone_lamp_off"},
				"west": {"uv": [0, 8, 1, 9], "texture": "#redstone_lamp_off"},
				"up": {"uv": [13, 0, 15, 1], "texture": "#redstone_lamp_off"},
				"down": {"uv": [13, 15, 15, 16], "texture": "#redstone_lamp_off"}
			}
		},
		{
			"from": [6, 6, 0],
			"to": [10, 7, 1],
			"faces": {
				"north": {"uv": [6, 9, 10, 10], "texture": "#redstone_lamp_off"},
				"east": {"uv": [15, 9, 16, 10], "texture": "#redstone_lamp_off"},
				"south": {"uv": [6, 9, 10, 10], "texture": "#redstone_lamp_off"},
				"west": {"uv": [0, 9, 1, 10], "texture": "#redstone_lamp_off"},
				"up": {"uv": [6, 0, 10, 1], "texture": "#redstone_lamp_off"},
				"down": {"uv": [6, 15, 10, 16], "texture": "#redstone_lamp_off"}
			}
		},
		{
			"from": [2, 5, 0],
			"to": [3, 7, 1],
			"faces": {
				"north": {"uv": [13, 9, 14, 11], "texture": "#redstone_lamp_off"},
				"east": {"uv": [15, 9, 16, 11], "texture": "#redstone_lamp_off"},
				"south": {"uv": [2, 9, 3, 11], "texture": "#redstone_lamp_off"},
				"west": {"uv": [0, 9, 1, 11], "texture": "#redstone_lamp_off"},
				"up": {"uv": [2, 0, 3, 1], "texture": "#redstone_lamp_off"},
				"down": {"uv": [2, 15, 3, 16], "texture": "#redstone_lamp_off"}
			}
		},
		{
			"from": [13, 5, 0],
			"to": [14, 7, 1],
			"faces": {
				"north": {"uv": [2, 9, 3, 11], "texture": "#redstone_lamp_off"},
				"east": {"uv": [15, 9, 16, 11], "texture": "#redstone_lamp_off"},
				"south": {"uv": [13, 9, 14, 11], "texture": "#redstone_lamp_off"},
				"west": {"uv": [0, 9, 1, 11], "texture": "#redstone_lamp_off"},
				"up": {"uv": [13, 0, 14, 1], "texture": "#redstone_lamp_off"},
				"down": {"uv": [13, 15, 14, 16], "texture": "#redstone_lamp_off"}
			}
		},
		{
			"from": [12, 4, 0],
			"to": [13, 5, 1],
			"faces": {
				"north": {"uv": [3, 11, 4, 12], "texture": "#redstone_lamp_off"},
				"east": {"uv": [15, 11, 16, 12], "texture": "#redstone_lamp_off"},
				"south": {"uv": [12, 11, 13, 12], "texture": "#redstone_lamp_off"},
				"west": {"uv": [0, 11, 1, 12], "texture": "#redstone_lamp_off"},
				"up": {"uv": [12, 0, 13, 1], "texture": "#redstone_lamp_off"},
				"down": {"uv": [12, 15, 13, 16], "texture": "#redstone_lamp_off"}
			}
		},
		{
			"from": [3, 4, 0],
			"to": [4, 5, 1],
			"faces": {
				"north": {"uv": [12, 11, 13, 12], "texture": "#redstone_lamp_off"},
				"east": {"uv": [15, 11, 16, 12], "texture": "#redstone_lamp_off"},
				"south": {"uv": [3, 11, 4, 12], "texture": "#redstone_lamp_off"},
				"west": {"uv": [0, 11, 1, 12], "texture": "#redstone_lamp_off"},
				"up": {"uv": [3, 0, 4, 1], "texture": "#redstone_lamp_off"},
				"down": {"uv": [3, 15, 4, 16], "texture": "#redstone_lamp_off"}
			}
		},
		{
			"from": [4, 3, 0],
			"to": [6, 4, 1],
			"faces": {
				"north": {"uv": [10, 12, 12, 13], "texture": "#redstone_lamp_off"},
				"east": {"uv": [15, 12, 16, 13], "texture": "#redstone_lamp_off"},
				"south": {"uv": [4, 12, 6, 13], "texture": "#redstone_lamp_off"},
				"west": {"uv": [0, 12, 1, 13], "texture": "#redstone_lamp_off"},
				"up": {"uv": [4, 0, 6, 1], "texture": "#redstone_lamp_off"},
				"down": {"uv": [4, 15, 6, 16], "texture": "#redstone_lamp_off"}
			}
		},
		{
			"from": [10, 3, 0],
			"to": [12, 4, 1],
			"faces": {
				"north": {"uv": [4, 12, 6, 13], "texture": "#redstone_lamp_off"},
				"east": {"uv": [15, 12, 16, 13], "texture": "#redstone_lamp_off"},
				"south": {"uv": [10, 12, 12, 13], "texture": "#redstone_lamp_off"},
				"west": {"uv": [0, 12, 1, 13], "texture": "#redstone_lamp_off"},
				"up": {"uv": [10, 0, 12, 1], "texture": "#redstone_lamp_off"},
				"down": {"uv": [10, 15, 12, 16], "texture": "#redstone_lamp_off"}
			}
		},
		{
			"from": [6, 2, 0],
			"to": [10, 3, 1],
			"faces": {
				"north": {"uv": [6, 13, 10, 14], "texture": "#redstone_lamp_off"},
				"east": {"uv": [15, 13, 16, 14], "texture": "#redstone_lamp_off"},
				"south": {"uv": [6, 13, 10, 14], "texture": "#redstone_lamp_off"},
				"west": {"uv": [0, 13, 1, 14], "texture": "#redstone_lamp_off"},
				"up": {"uv": [6, 0, 10, 1], "texture": "#redstone_lamp_off"},
				"down": {"uv": [6, 15, 10, 16], "texture": "#redstone_lamp_off"}
			}
		},
		{
			"from": [7, 1, 0],
			"to": [9, 2, 1],
			"faces": {
				"north": {"uv": [7, 14, 9, 15], "texture": "#redstone_lamp_off"},
				"east": {"uv": [15, 14, 16, 15], "texture": "#redstone_lamp_off"},
				"south": {"uv": [7, 14, 9, 15], "texture": "#redstone_lamp_off"},
				"west": {"uv": [0, 14, 1, 15], "texture": "#redstone_lamp_off"},
				"up": {"uv": [7, 0, 9, 1], "texture": "#redstone_lamp_off"},
				"down": {"uv": [7, 15, 9, 16], "texture": "#redstone_lamp_off"}
			}
		},
		{
			"from": [0, 9, 2],
			"to": [1, 11, 14],
			"faces": {
				"north": {"uv": [15, 5, 16, 7], "texture": "#redstone_lamp_off"},
				"east": {"uv": [2, 5, 14, 7], "texture": "#redstone_lamp_off"},
				"south": {"uv": [0, 5, 1, 7], "texture": "#redstone_lamp_off"},
				"west": {"uv": [2, 5, 14, 7], "texture": "#redstone_lamp_off"},
				"up": {"uv": [0, 2, 1, 14], "texture": "#redstone_lamp_off"},
				"down": {"uv": [0, 2, 1, 14], "texture": "#redstone_lamp_off"}
			}
		},
		{
			"from": [0, 11, 3],
			"to": [1, 12, 13],
			"faces": {
				"north": {"uv": [15, 4, 16, 5], "texture": "#redstone_lamp_off"},
				"east": {"uv": [3, 4, 13, 5], "texture": "#redstone_lamp_off"},
				"south": {"uv": [0, 4, 1, 5], "texture": "#redstone_lamp_off"},
				"west": {"uv": [3, 4, 13, 5], "texture": "#redstone_lamp_off"},
				"up": {"uv": [0, 3, 1, 13], "texture": "#redstone_lamp_off"},
				"down": {"uv": [0, 3, 1, 13], "texture": "#redstone_lamp_off"}
			}
		},
		{
			"from": [0, 12, 4],
			"to": [1, 13, 12],
			"faces": {
				"north": {"uv": [15, 3, 16, 4], "texture": "#redstone_lamp_off"},
				"east": {"uv": [4, 3, 12, 4], "texture": "#redstone_lamp_off"},
				"south": {"uv": [0, 3, 1, 4], "texture": "#redstone_lamp_off"},
				"west": {"uv": [4, 3, 12, 4], "texture": "#redstone_lamp_off"},
				"up": {"uv": [0, 4, 1, 12], "texture": "#redstone_lamp_off"},
				"down": {"uv": [0, 4, 1, 12], "texture": "#redstone_lamp_off"}
			}
		},
		{
			"from": [0, 13, 6],
			"to": [1, 14, 10],
			"faces": {
				"north": {"uv": [15, 2, 16, 3], "texture": "#redstone_lamp_off"},
				"east": {"uv": [6, 2, 10, 3], "texture": "#redstone_lamp_off"},
				"south": {"uv": [0, 2, 1, 3], "texture": "#redstone_lamp_off"},
				"west": {"uv": [6, 2, 10, 3], "texture": "#redstone_lamp_off"},
				"up": {"uv": [0, 6, 1, 10], "texture": "#redstone_lamp_off"},
				"down": {"uv": [0, 6, 1, 10], "texture": "#redstone_lamp_off"}
			}
		},
		{
			"from": [0, 14, 7],
			"to": [1, 15, 9],
			"faces": {
				"north": {"uv": [15, 1, 16, 2], "texture": "#redstone_lamp_off"},
				"east": {"uv": [7, 1, 9, 2], "texture": "#redstone_lamp_off"},
				"south": {"uv": [0, 1, 1, 2], "texture": "#redstone_lamp_off"},
				"west": {"uv": [7, 1, 9, 2], "texture": "#redstone_lamp_off"},
				"up": {"uv": [0, 7, 1, 9], "texture": "#redstone_lamp_off"},
				"down": {"uv": [0, 7, 1, 9], "texture": "#redstone_lamp_off"}
			}
		},
		{
			"from": [0, 8, 1],
			"to": [1, 9, 7],
			"faces": {
				"north": {"uv": [15, 7, 16, 8], "texture": "#redstone_lamp_off"},
				"east": {"uv": [9, 7, 15, 8], "texture": "#redstone_lamp_off"},
				"south": {"uv": [0, 7, 1, 8], "texture": "#redstone_lamp_off"},
				"west": {"uv": [1, 7, 7, 8], "texture": "#redstone_lamp_off"},
				"up": {"uv": [0, 1, 1, 7], "texture": "#redstone_lamp_off"},
				"down": {"uv": [0, 9, 1, 15], "texture": "#redstone_lamp_off"}
			}
		},
		{
			"from": [0, 8, 9],
			"to": [1, 9, 15],
			"faces": {
				"north": {"uv": [15, 7, 16, 8], "texture": "#redstone_lamp_off"},
				"east": {"uv": [1, 7, 7, 8], "texture": "#redstone_lamp_off"},
				"south": {"uv": [0, 7, 1, 8], "texture": "#redstone_lamp_off"},
				"west": {"uv": [9, 7, 15, 8], "texture": "#redstone_lamp_off"},
				"up": {"uv": [0, 9, 1, 15], "texture": "#redstone_lamp_off"},
				"down": {"uv": [0, 1, 1, 7], "texture": "#redstone_lamp_off"}
			}
		},
		{
			"from": [0, 6, 6],
			"to": [1, 7, 10],
			"faces": {
				"north": {"uv": [15, 9, 16, 10], "texture": "#redstone_lamp_off"},
				"east": {"uv": [6, 9, 10, 10], "texture": "#redstone_lamp_off"},
				"south": {"uv": [0, 9, 1, 10], "texture": "#redstone_lamp_off"},
				"west": {"uv": [6, 9, 10, 10], "texture": "#redstone_lamp_off"},
				"up": {"uv": [0, 6, 1, 10], "texture": "#redstone_lamp_off"},
				"down": {"uv": [0, 6, 1, 10], "texture": "#redstone_lamp_off"}
			}
		},
		{
			"from": [0, 7, 6],
			"to": [1, 8, 7],
			"faces": {
				"north": {"uv": [15, 8, 16, 9], "texture": "#redstone_lamp_off"},
				"east": {"uv": [9, 8, 10, 9], "texture": "#redstone_lamp_off"},
				"south": {"uv": [0, 8, 1, 9], "texture": "#redstone_lamp_off"},
				"west": {"uv": [6, 8, 7, 9], "texture": "#redstone_lamp_off"},
				"up": {"uv": [0, 6, 1, 7], "texture": "#redstone_lamp_off"},
				"down": {"uv": [0, 9, 1, 10], "texture": "#redstone_lamp_off"}
			}
		},
		{
			"from": [0, 7, 9],
			"to": [1, 8, 10],
			"faces": {
				"north": {"uv": [15, 8, 16, 9], "texture": "#redstone_lamp_off"},
				"east": {"uv": [6, 8, 7, 9], "texture": "#redstone_lamp_off"},
				"south": {"uv": [0, 8, 1, 9], "texture": "#redstone_lamp_off"},
				"west": {"uv": [9, 8, 10, 9], "texture": "#redstone_lamp_off"},
				"up": {"uv": [0, 9, 1, 10], "texture": "#redstone_lamp_off"},
				"down": {"uv": [0, 6, 1, 7], "texture": "#redstone_lamp_off"}
			}
		},
		{
			"from": [0, 7, 1],
			"to": [1, 8, 3],
			"faces": {
				"north": {"uv": [15, 8, 16, 9], "texture": "#redstone_lamp_off"},
				"east": {"uv": [13, 8, 15, 9], "texture": "#redstone_lamp_off"},
				"south": {"uv": [0, 8, 1, 9], "texture": "#redstone_lamp_off"},
				"west": {"uv": [1, 8, 3, 9], "texture": "#redstone_lamp_off"},
				"up": {"uv": [0, 1, 1, 3], "texture": "#redstone_lamp_off"},
				"down": {"uv": [0, 13, 1, 15], "texture": "#redstone_lamp_off"}
			}
		},
		{
			"from": [0, 7, 13],
			"to": [1, 8, 15],
			"faces": {
				"north": {"uv": [15, 8, 16, 9], "texture": "#redstone_lamp_off"},
				"east": {"uv": [1, 8, 3, 9], "texture": "#redstone_lamp_off"},
				"south": {"uv": [0, 8, 1, 9], "texture": "#redstone_lamp_off"},
				"west": {"uv": [13, 8, 15, 9], "texture": "#redstone_lamp_off"},
				"up": {"uv": [0, 13, 1, 15], "texture": "#redstone_lamp_off"},
				"down": {"uv": [0, 1, 1, 3], "texture": "#redstone_lamp_off"}
			}
		},
		{
			"from": [0, 5, 2],
			"to": [1, 7, 3],
			"faces": {
				"north": {"uv": [15, 9, 16, 11], "texture": "#redstone_lamp_off"},
				"east": {"uv": [13, 9, 14, 11], "texture": "#redstone_lamp_off"},
				"south": {"uv": [0, 9, 1, 11], "texture": "#redstone_lamp_off"},
				"west": {"uv": [2, 9, 3, 11], "texture": "#redstone_lamp_off"},
				"up": {"uv": [0, 2, 1, 3], "texture": "#redstone_lamp_off"},
				"down": {"uv": [0, 13, 1, 14], "texture": "#redstone_lamp_off"}
			}
		},
		{
			"from": [0, 5, 13],
			"to": [1, 7, 14],
			"faces": {
				"north": {"uv": [15, 9, 16, 11], "texture": "#redstone_lamp_off"},
				"east": {"uv": [2, 9, 3, 11], "texture": "#redstone_lamp_off"},
				"south": {"uv": [0, 9, 1, 11], "texture": "#redstone_lamp_off"},
				"west": {"uv": [13, 9, 14, 11], "texture": "#redstone_lamp_off"},
				"up": {"uv": [0, 13, 1, 14], "texture": "#redstone_lamp_off"},
				"down": {"uv": [0, 2, 1, 3], "texture": "#redstone_lamp_off"}
			}
		},
		{
			"from": [0, 4, 3],
			"to": [1, 5, 4],
			"faces": {
				"north": {"uv": [15, 11, 16, 12], "texture": "#redstone_lamp_off"},
				"east": {"uv": [12, 11, 13, 12], "texture": "#redstone_lamp_off"},
				"south": {"uv": [0, 11, 1, 12], "texture": "#redstone_lamp_off"},
				"west": {"uv": [3, 11, 4, 12], "texture": "#redstone_lamp_off"},
				"up": {"uv": [0, 3, 1, 4], "texture": "#redstone_lamp_off"},
				"down": {"uv": [0, 12, 1, 13], "texture": "#redstone_lamp_off"}
			}
		},
		{
			"from": [0, 4, 12],
			"to": [1, 5, 13],
			"faces": {
				"north": {"uv": [15, 11, 16, 12], "texture": "#redstone_lamp_off"},
				"east": {"uv": [3, 11, 4, 12], "texture": "#redstone_lamp_off"},
				"south": {"uv": [0, 11, 1, 12], "texture": "#redstone_lamp_off"},
				"west": {"uv": [12, 11, 13, 12], "texture": "#redstone_lamp_off"},
				"up": {"uv": [0, 12, 1, 13], "texture": "#redstone_lamp_off"},
				"down": {"uv": [0, 3, 1, 4], "texture": "#redstone_lamp_off"}
			}
		},
		{
			"from": [0, 3, 4],
			"to": [1, 4, 6],
			"faces": {
				"north": {"uv": [15, 12, 16, 13], "texture": "#redstone_lamp_off"},
				"east": {"uv": [10, 12, 12, 13], "texture": "#redstone_lamp_off"},
				"south": {"uv": [0, 12, 1, 13], "texture": "#redstone_lamp_off"},
				"west": {"uv": [4, 12, 6, 13], "texture": "#redstone_lamp_off"},
				"up": {"uv": [0, 4, 1, 6], "texture": "#redstone_lamp_off"},
				"down": {"uv": [0, 10, 1, 12], "texture": "#redstone_lamp_off"}
			}
		},
		{
			"from": [0, 3, 10],
			"to": [1, 4, 12],
			"faces": {
				"north": {"uv": [15, 12, 16, 13], "texture": "#redstone_lamp_off"},
				"east": {"uv": [4, 12, 6, 13], "texture": "#redstone_lamp_off"},
				"south": {"uv": [0, 12, 1, 13], "texture": "#redstone_lamp_off"},
				"west": {"uv": [10, 12, 12, 13], "texture": "#redstone_lamp_off"},
				"up": {"uv": [0, 10, 1, 12], "texture": "#redstone_lamp_off"},
				"down": {"uv": [0, 4, 1, 6], "texture": "#redstone_lamp_off"}
			}
		},
		{
			"from": [0, 2, 6],
			"to": [1, 3, 10],
			"faces": {
				"north": {"uv": [15, 13, 16, 14], "texture": "#redstone_lamp_off"},
				"east": {"uv": [6, 13, 10, 14], "texture": "#redstone_lamp_off"},
				"south": {"uv": [0, 13, 1, 14], "texture": "#redstone_lamp_off"},
				"west": {"uv": [6, 13, 10, 14], "texture": "#redstone_lamp_off"},
				"up": {"uv": [0, 6, 1, 10], "texture": "#redstone_lamp_off"},
				"down": {"uv": [0, 6, 1, 10], "texture": "#redstone_lamp_off"}
			}
		},
		{
			"from": [0, 1, 7],
			"to": [1, 2, 9],
			"faces": {
				"north": {"uv": [15, 14, 16, 15], "texture": "#redstone_lamp_off"},
				"east": {"uv": [7, 14, 9, 15], "texture": "#redstone_lamp_off"},
				"south": {"uv": [0, 14, 1, 15], "texture": "#redstone_lamp_off"},
				"west": {"uv": [7, 14, 9, 15], "texture": "#redstone_lamp_off"},
				"up": {"uv": [0, 7, 1, 9], "texture": "#redstone_lamp_off"},
				"down": {"uv": [0, 7, 1, 9], "texture": "#redstone_lamp_off"}
			}
		},
		{
			"from": [15, 14, 7],
			"to": [16, 15, 9],
			"faces": {
				"north": {"uv": [0, 1, 1, 2], "texture": "#redstone_lamp_off"},
				"east": {"uv": [7, 1, 9, 2], "texture": "#redstone_lamp_off"},
				"south": {"uv": [15, 1, 16, 2], "texture": "#redstone_lamp_off"},
				"west": {"uv": [7, 1, 9, 2], "texture": "#redstone_lamp_off"},
				"up": {"uv": [15, 7, 16, 9], "texture": "#redstone_lamp_off"},
				"down": {"uv": [15, 7, 16, 9], "texture": "#redstone_lamp_off"}
			}
		},
		{
			"from": [15, 13, 6],
			"to": [16, 14, 10],
			"faces": {
				"north": {"uv": [0, 2, 1, 3], "texture": "#redstone_lamp_off"},
				"east": {"uv": [6, 2, 10, 3], "texture": "#redstone_lamp_off"},
				"south": {"uv": [15, 2, 16, 3], "texture": "#redstone_lamp_off"},
				"west": {"uv": [6, 2, 10, 3], "texture": "#redstone_lamp_off"},
				"up": {"uv": [15, 6, 16, 10], "texture": "#redstone_lamp_off"},
				"down": {"uv": [15, 6, 16, 10], "texture": "#redstone_lamp_off"}
			}
		},
		{
			"from": [15, 12, 4],
			"to": [16, 13, 12],
			"faces": {
				"north": {"uv": [0, 3, 1, 4], "texture": "#redstone_lamp_off"},
				"east": {"uv": [4, 3, 12, 4], "texture": "#redstone_lamp_off"},
				"south": {"uv": [15, 3, 16, 4], "texture": "#redstone_lamp_off"},
				"west": {"uv": [4, 3, 12, 4], "texture": "#redstone_lamp_off"},
				"up": {"uv": [15, 4, 16, 12], "texture": "#redstone_lamp_off"},
				"down": {"uv": [15, 4, 16, 12], "texture": "#redstone_lamp_off"}
			}
		},
		{
			"from": [15, 11, 3],
			"to": [16, 12, 13],
			"faces": {
				"north": {"uv": [0, 4, 1, 5], "texture": "#redstone_lamp_off"},
				"east": {"uv": [3, 4, 13, 5], "texture": "#redstone_lamp_off"},
				"south": {"uv": [15, 4, 16, 5], "texture": "#redstone_lamp_off"},
				"west": {"uv": [3, 4, 13, 5], "texture": "#redstone_lamp_off"},
				"up": {"uv": [15, 3, 16, 13], "texture": "#redstone_lamp_off"},
				"down": {"uv": [15, 3, 16, 13], "texture": "#redstone_lamp_off"}
			}
		},
		{
			"from": [15, 9, 2],
			"to": [16, 11, 14],
			"faces": {
				"north": {"uv": [0, 5, 1, 7], "texture": "#redstone_lamp_off"},
				"east": {"uv": [2, 5, 14, 7], "texture": "#redstone_lamp_off"},
				"south": {"uv": [15, 5, 16, 7], "texture": "#redstone_lamp_off"},
				"west": {"uv": [2, 5, 14, 7], "texture": "#redstone_lamp_off"},
				"up": {"uv": [15, 2, 16, 14], "texture": "#redstone_lamp_off"},
				"down": {"uv": [15, 2, 16, 14], "texture": "#redstone_lamp_off"}
			}
		},
		{
			"from": [15, 8, 1],
			"to": [16, 9, 7],
			"faces": {
				"north": {"uv": [0, 7, 1, 8], "texture": "#redstone_lamp_off"},
				"east": {"uv": [9, 7, 15, 8], "texture": "#redstone_lamp_off"},
				"south": {"uv": [15, 7, 16, 8], "texture": "#redstone_lamp_off"},
				"west": {"uv": [1, 7, 7, 8], "texture": "#redstone_lamp_off"},
				"up": {"uv": [15, 1, 16, 7], "texture": "#redstone_lamp_off"},
				"down": {"uv": [15, 9, 16, 15], "texture": "#redstone_lamp_off"}
			}
		},
		{
			"from": [15, 8, 9],
			"to": [16, 9, 15],
			"faces": {
				"north": {"uv": [0, 7, 1, 8], "texture": "#redstone_lamp_off"},
				"east": {"uv": [1, 7, 7, 8], "texture": "#redstone_lamp_off"},
				"south": {"uv": [15, 7, 16, 8], "texture": "#redstone_lamp_off"},
				"west": {"uv": [9, 7, 15, 8], "texture": "#redstone_lamp_off"},
				"up": {"uv": [15, 9, 16, 15], "texture": "#redstone_lamp_off"},
				"down": {"uv": [15, 1, 16, 7], "texture": "#redstone_lamp_off"}
			}
		},
		{
			"from": [15, 7, 1],
			"to": [16, 8, 3],
			"faces": {
				"north": {"uv": [0, 8, 1, 9], "texture": "#redstone_lamp_off"},
				"east": {"uv": [13, 8, 15, 9], "texture": "#redstone_lamp_off"},
				"south": {"uv": [15, 8, 16, 9], "texture": "#redstone_lamp_off"},
				"west": {"uv": [1, 8, 3, 9], "texture": "#redstone_lamp_off"},
				"up": {"uv": [15, 1, 16, 3], "texture": "#redstone_lamp_off"},
				"down": {"uv": [15, 13, 16, 15], "texture": "#redstone_lamp_off"}
			}
		},
		{
			"from": [15, 7, 13],
			"to": [16, 8, 15],
			"faces": {
				"north": {"uv": [0, 8, 1, 9], "texture": "#redstone_lamp_off"},
				"east": {"uv": [1, 8, 3, 9], "texture": "#redstone_lamp_off"},
				"south": {"uv": [15, 8, 16, 9], "texture": "#redstone_lamp_off"},
				"west": {"uv": [13, 8, 15, 9], "texture": "#redstone_lamp_off"},
				"up": {"uv": [15, 13, 16, 15], "texture": "#redstone_lamp_off"},
				"down": {"uv": [15, 1, 16, 3], "texture": "#redstone_lamp_off"}
			}
		},
		{
			"from": [15, 7, 6],
			"to": [16, 8, 7],
			"faces": {
				"north": {"uv": [0, 8, 1, 9], "texture": "#redstone_lamp_off"},
				"east": {"uv": [9, 8, 10, 9], "texture": "#redstone_lamp_off"},
				"south": {"uv": [15, 8, 16, 9], "texture": "#redstone_lamp_off"},
				"west": {"uv": [6, 8, 7, 9], "texture": "#redstone_lamp_off"},
				"up": {"uv": [15, 6, 16, 7], "texture": "#redstone_lamp_off"},
				"down": {"uv": [15, 9, 16, 10], "texture": "#redstone_lamp_off"}
			}
		},
		{
			"from": [15, 7, 9],
			"to": [16, 8, 10],
			"faces": {
				"north": {"uv": [0, 8, 1, 9], "texture": "#redstone_lamp_off"},
				"east": {"uv": [6, 8, 7, 9], "texture": "#redstone_lamp_off"},
				"south": {"uv": [15, 8, 16, 9], "texture": "#redstone_lamp_off"},
				"west": {"uv": [9, 8, 10, 9], "texture": "#redstone_lamp_off"},
				"up": {"uv": [15, 9, 16, 10], "texture": "#redstone_lamp_off"},
				"down": {"uv": [15, 6, 16, 7], "texture": "#redstone_lamp_off"}
			}
		},
		{
			"from": [15, 6, 6],
			"to": [16, 7, 10],
			"faces": {
				"north": {"uv": [0, 9, 1, 10], "texture": "#redstone_lamp_off"},
				"east": {"uv": [6, 9, 10, 10], "texture": "#redstone_lamp_off"},
				"south": {"uv": [15, 9, 16, 10], "texture": "#redstone_lamp_off"},
				"west": {"uv": [6, 9, 10, 10], "texture": "#redstone_lamp_off"},
				"up": {"uv": [15, 6, 16, 10], "texture": "#redstone_lamp_off"},
				"down": {"uv": [15, 6, 16, 10], "texture": "#redstone_lamp_off"}
			}
		},
		{
			"from": [15, 5, 2],
			"to": [16, 7, 3],
			"faces": {
				"north": {"uv": [0, 9, 1, 11], "texture": "#redstone_lamp_off"},
				"east": {"uv": [13, 9, 14, 11], "texture": "#redstone_lamp_off"},
				"south": {"uv": [15, 9, 16, 11], "texture": "#redstone_lamp_off"},
				"west": {"uv": [2, 9, 3, 11], "texture": "#redstone_lamp_off"},
				"up": {"uv": [15, 2, 16, 3], "texture": "#redstone_lamp_off"},
				"down": {"uv": [15, 13, 16, 14], "texture": "#redstone_lamp_off"}
			}
		},
		{
			"from": [15, 5, 13],
			"to": [16, 7, 14],
			"faces": {
				"north": {"uv": [0, 9, 1, 11], "texture": "#redstone_lamp_off"},
				"east": {"uv": [2, 9, 3, 11], "texture": "#redstone_lamp_off"},
				"south": {"uv": [15, 9, 16, 11], "texture": "#redstone_lamp_off"},
				"west": {"uv": [13, 9, 14, 11], "texture": "#redstone_lamp_off"},
				"up": {"uv": [15, 13, 16, 14], "texture": "#redstone_lamp_off"},
				"down": {"uv": [15, 2, 16, 3], "texture": "#redstone_lamp_off"}
			}
		},
		{
			"from": [15, 4, 12],
			"to": [16, 5, 13],
			"faces": {
				"north": {"uv": [0, 11, 1, 12], "texture": "#redstone_lamp_off"},
				"east": {"uv": [3, 11, 4, 12], "texture": "#redstone_lamp_off"},
				"south": {"uv": [15, 11, 16, 12], "texture": "#redstone_lamp_off"},
				"west": {"uv": [12, 11, 13, 12], "texture": "#redstone_lamp_off"},
				"up": {"uv": [15, 12, 16, 13], "texture": "#redstone_lamp_off"},
				"down": {"uv": [15, 3, 16, 4], "texture": "#redstone_lamp_off"}
			}
		},
		{
			"from": [15, 4, 3],
			"to": [16, 5, 4],
			"faces": {
				"north": {"uv": [0, 11, 1, 12], "texture": "#redstone_lamp_off"},
				"east": {"uv": [12, 11, 13, 12], "texture": "#redstone_lamp_off"},
				"south": {"uv": [15, 11, 16, 12], "texture": "#redstone_lamp_off"},
				"west": {"uv": [3, 11, 4, 12], "texture": "#redstone_lamp_off"},
				"up": {"uv": [15, 3, 16, 4], "texture": "#redstone_lamp_off"},
				"down": {"uv": [15, 12, 16, 13], "texture": "#redstone_lamp_off"}
			}
		},
		{
			"from": [15, 3, 4],
			"to": [16, 4, 6],
			"faces": {
				"north": {"uv": [0, 12, 1, 13], "texture": "#redstone_lamp_off"},
				"east": {"uv": [10, 12, 12, 13], "texture": "#redstone_lamp_off"},
				"south": {"uv": [15, 12, 16, 13], "texture": "#redstone_lamp_off"},
				"west": {"uv": [4, 12, 6, 13], "texture": "#redstone_lamp_off"},
				"up": {"uv": [15, 4, 16, 6], "texture": "#redstone_lamp_off"},
				"down": {"uv": [15, 10, 16, 12], "texture": "#redstone_lamp_off"}
			}
		},
		{
			"from": [15, 3, 10],
			"to": [16, 4, 12],
			"faces": {
				"north": {"uv": [0, 12, 1, 13], "texture": "#redstone_lamp_off"},
				"east": {"uv": [4, 12, 6, 13], "texture": "#redstone_lamp_off"},
				"south": {"uv": [15, 12, 16, 13], "texture": "#redstone_lamp_off"},
				"west": {"uv": [10, 12, 12, 13], "texture": "#redstone_lamp_off"},
				"up": {"uv": [15, 10, 16, 12], "texture": "#redstone_lamp_off"},
				"down": {"uv": [15, 4, 16, 6], "texture": "#redstone_lamp_off"}
			}
		},
		{
			"from": [15, 2, 6],
			"to": [16, 3, 10],
			"faces": {
				"north": {"uv": [0, 13, 1, 14], "texture": "#redstone_lamp_off"},
				"east": {"uv": [6, 13, 10, 14], "texture": "#redstone_lamp_off"},
				"south": {"uv": [15, 13, 16, 14], "texture": "#redstone_lamp_off"},
				"west": {"uv": [6, 13, 10, 14], "texture": "#redstone_lamp_off"},
				"up": {"uv": [15, 6, 16, 10], "texture": "#redstone_lamp_off"},
				"down": {"uv": [15, 6, 16, 10], "texture": "#redstone_lamp_off"}
			}
		},
		{
			"from": [15, 1, 7],
			"to": [16, 2, 9],
			"faces": {
				"north": {"uv": [0, 14, 1, 15], "texture": "#redstone_lamp_off"},
				"east": {"uv": [7, 14, 9, 15], "texture": "#redstone_lamp_off"},
				"south": {"uv": [15, 14, 16, 15], "texture": "#redstone_lamp_off"},
				"west": {"uv": [7, 14, 9, 15], "texture": "#redstone_lamp_off"},
				"up": {"uv": [15, 7, 16, 9], "texture": "#redstone_lamp_off"},
				"down": {"uv": [15, 7, 16, 9], "texture": "#redstone_lamp_off"}
			}
		},
		{
			"from": [13, 15, 1],
			"to": [15, 16, 2],
			"faces": {
				"north": {"uv": [1, 0, 3, 1], "texture": "#redstone_lamp_off"},
				"east": {"uv": [14, 0, 15, 1], "texture": "#redstone_lamp_off"},
				"south": {"uv": [13, 0, 15, 1], "texture": "#redstone_lamp_off"},
				"west": {"uv": [1, 0, 2, 1], "texture": "#redstone_lamp_off"},
				"up": {"uv": [13, 1, 15, 2], "texture": "#redstone_lamp_off"},
				"down": {"uv": [13, 14, 15, 15], "texture": "missingtexture"}
			}
		},
		{
			"from": [1, 15, 1],
			"to": [3, 16, 2],
			"faces": {
				"north": {"uv": [13, 0, 15, 1], "texture": "#redstone_lamp_off"},
				"east": {"uv": [14, 0, 15, 1], "texture": "#redstone_lamp_off"},
				"south": {"uv": [1, 0, 3, 1], "texture": "#redstone_lamp_off"},
				"west": {"uv": [1, 0, 2, 1], "texture": "#redstone_lamp_off"},
				"up": {"uv": [1, 1, 3, 2], "texture": "#redstone_lamp_off"},
				"down": {"uv": [1, 14, 3, 15], "texture": "missingtexture"}
			}
		},
		{
			"from": [1, 15, 14],
			"to": [3, 16, 15],
			"faces": {
				"north": {"uv": [13, 0, 15, 1], "texture": "#redstone_lamp_off"},
				"east": {"uv": [1, 0, 2, 1], "texture": "#redstone_lamp_off"},
				"south": {"uv": [1, 0, 3, 1], "texture": "#redstone_lamp_off"},
				"west": {"uv": [14, 0, 15, 1], "texture": "#redstone_lamp_off"},
				"up": {"uv": [1, 14, 3, 15], "texture": "#redstone_lamp_off"},
				"down": {"uv": [1, 1, 3, 2], "texture": "missingtexture"}
			}
		},
		{
			"from": [13, 15, 14],
			"to": [15, 16, 15],
			"faces": {
				"north": {"uv": [1, 0, 3, 1], "texture": "#redstone_lamp_off"},
				"east": {"uv": [1, 0, 2, 1], "texture": "#redstone_lamp_off"},
				"south": {"uv": [13, 0, 15, 1], "texture": "#redstone_lamp_off"},
				"west": {"uv": [14, 0, 15, 1], "texture": "#redstone_lamp_off"},
				"up": {"uv": [13, 14, 15, 15], "texture": "#redstone_lamp_off"},
				"down": {"uv": [13, 1, 15, 2], "texture": "missingtexture"}
			}
		},
		{
			"from": [1, 0, 14],
			"to": [3, 1, 15],
			"faces": {
				"north": {"uv": [13, 15, 15, 16], "texture": "#redstone_lamp_off"},
				"east": {"uv": [1, 15, 2, 16], "texture": "#redstone_lamp_off"},
				"south": {"uv": [1, 15, 3, 16], "texture": "#redstone_lamp_off"},
				"west": {"uv": [14, 15, 15, 16], "texture": "#redstone_lamp_off"},
				"up": {"uv": [1, 14, 3, 15], "texture": "#redstone_lamp_off"},
				"down": {"uv": [1, 1, 3, 2], "texture": "#redstone_lamp_off"}
			}
		},
		{
			"from": [1, 0, 1],
			"to": [3, 1, 2],
			"faces": {
				"north": {"uv": [13, 15, 15, 16], "texture": "#redstone_lamp_off"},
				"east": {"uv": [14, 15, 15, 16], "texture": "#redstone_lamp_off"},
				"south": {"uv": [1, 15, 3, 16], "texture": "#redstone_lamp_off"},
				"west": {"uv": [1, 15, 2, 16], "texture": "#redstone_lamp_off"},
				"up": {"uv": [1, 1, 3, 2], "texture": "#redstone_lamp_off"},
				"down": {"uv": [1, 14, 3, 15], "texture": "#redstone_lamp_off"}
			}
		},
		{
			"from": [13, 0, 1],
			"to": [15, 1, 2],
			"faces": {
				"north": {"uv": [1, 15, 3, 16], "texture": "#redstone_lamp_off"},
				"east": {"uv": [14, 15, 15, 16], "texture": "#redstone_lamp_off"},
				"south": {"uv": [13, 15, 15, 16], "texture": "#redstone_lamp_off"},
				"west": {"uv": [1, 15, 2, 16], "texture": "#redstone_lamp_off"},
				"up": {"uv": [13, 1, 15, 2], "texture": "#redstone_lamp_off"},
				"down": {"uv": [13, 14, 15, 15], "texture": "#redstone_lamp_off"}
			}
		},
		{
			"from": [13, 0, 14],
			"to": [15, 1, 15],
			"faces": {
				"north": {"uv": [1, 15, 3, 16], "texture": "#redstone_lamp_off"},
				"east": {"uv": [1, 15, 2, 16], "texture": "#redstone_lamp_off"},
				"south": {"uv": [13, 15, 15, 16], "texture": "#redstone_lamp_off"},
				"west": {"uv": [14, 15, 15, 16], "texture": "#redstone_lamp_off"},
				"up": {"uv": [13, 14, 15, 15], "texture": "#redstone_lamp_off"},
				"down": {"uv": [13, 1, 15, 2], "texture": "#redstone_lamp_off"}
			}
		},
		{
			"from": [14, 15, 13],
			"to": [15, 16, 14],
			"faces": {
				"north": {"uv": [1, 0, 2, 1], "texture": "#redstone_lamp_off"},
				"east": {"uv": [2, 0, 3, 1], "texture": "#redstone_lamp_off"},
				"south": {"uv": [14, 0, 15, 1], "texture": "#redstone_lamp_off"},
				"west": {"uv": [13, 0, 14, 1], "texture": "#redstone_lamp_off"},
				"up": {"uv": [14, 13, 15, 14], "texture": "#redstone_lamp_off"},
				"down": {"uv": [14, 2, 15, 3], "texture": "missingtexture"}
			}
		},
		{
			"from": [14, 15, 2],
			"to": [15, 16, 3],
			"faces": {
				"north": {"uv": [1, 0, 2, 1], "texture": "#redstone_lamp_off"},
				"east": {"uv": [13, 0, 14, 1], "texture": "#redstone_lamp_off"},
				"south": {"uv": [14, 0, 15, 1], "texture": "#redstone_lamp_off"},
				"west": {"uv": [2, 0, 3, 1], "texture": "#redstone_lamp_off"},
				"up": {"uv": [14, 2, 15, 3], "texture": "#redstone_lamp_off"},
				"down": {"uv": [14, 13, 15, 14], "texture": "missingtexture"}
			}
		},
		{
			"from": [1, 15, 2],
			"to": [2, 16, 3],
			"faces": {
				"north": {"uv": [14, 0, 15, 1], "texture": "#redstone_lamp_off"},
				"east": {"uv": [13, 0, 14, 1], "texture": "#redstone_lamp_off"},
				"south": {"uv": [1, 0, 2, 1], "texture": "#redstone_lamp_off"},
				"west": {"uv": [2, 0, 3, 1], "texture": "#redstone_lamp_off"},
				"up": {"uv": [1, 2, 2, 3], "texture": "#redstone_lamp_off"},
				"down": {"uv": [1, 13, 2, 14], "texture": "missingtexture"}
			}
		},
		{
			"from": [1, 15, 13],
			"to": [2, 16, 14],
			"faces": {
				"north": {"uv": [14, 0, 15, 1], "texture": "#redstone_lamp_off"},
				"east": {"uv": [2, 0, 3, 1], "texture": "#redstone_lamp_off"},
				"south": {"uv": [1, 0, 2, 1], "texture": "#redstone_lamp_off"},
				"west": {"uv": [13, 0, 14, 1], "texture": "#redstone_lamp_off"},
				"up": {"uv": [1, 13, 2, 14], "texture": "#redstone_lamp_off"},
				"down": {"uv": [1, 2, 2, 3], "texture": "missingtexture"}
			}
		},
		{
			"from": [14, 15, 2],
			"to": [15, 16, 3],
			"faces": {
				"north": {"uv": [1, 0, 2, 1], "texture": "#redstone_lamp_off"},
				"east": {"uv": [13, 0, 14, 1], "texture": "#redstone_lamp_off"},
				"south": {"uv": [14, 0, 15, 1], "texture": "#redstone_lamp_off"},
				"west": {"uv": [2, 0, 3, 1], "texture": "#redstone_lamp_off"},
				"up": {"uv": [14, 2, 15, 3], "texture": "#redstone_lamp_off"},
				"down": {"uv": [14, 13, 15, 14], "texture": "missingtexture"}
			}
		},
		{
			"from": [1, 15, 2],
			"to": [2, 16, 3],
			"faces": {
				"north": {"uv": [14, 0, 15, 1], "texture": "#redstone_lamp_off"},
				"east": {"uv": [13, 0, 14, 1], "texture": "#redstone_lamp_off"},
				"south": {"uv": [1, 0, 2, 1], "texture": "#redstone_lamp_off"},
				"west": {"uv": [2, 0, 3, 1], "texture": "#redstone_lamp_off"},
				"up": {"uv": [1, 2, 2, 3], "texture": "#redstone_lamp_off"},
				"down": {"uv": [1, 13, 2, 14], "texture": "missingtexture"}
			}
		},
		{
			"from": [13, 0, 14],
			"to": [15, 1, 15],
			"faces": {
				"north": {"uv": [1, 15, 3, 16], "texture": "#redstone_lamp_off"},
				"east": {"uv": [1, 15, 2, 16], "texture": "#redstone_lamp_off"},
				"south": {"uv": [13, 15, 15, 16], "texture": "#redstone_lamp_off"},
				"west": {"uv": [14, 15, 15, 16], "texture": "#redstone_lamp_off"},
				"up": {"uv": [13, 14, 15, 15], "texture": "#redstone_lamp_off"},
				"down": {"uv": [13, 1, 15, 2], "texture": "#redstone_lamp_off"}
			}
		},
		{
			"from": [14, 15, 13],
			"to": [15, 16, 14],
			"faces": {
				"north": {"uv": [1, 0, 2, 1], "texture": "#redstone_lamp_off"},
				"east": {"uv": [2, 0, 3, 1], "texture": "#redstone_lamp_off"},
				"south": {"uv": [14, 0, 15, 1], "texture": "#redstone_lamp_off"},
				"west": {"uv": [13, 0, 14, 1], "texture": "#redstone_lamp_off"},
				"up": {"uv": [14, 13, 15, 14], "texture": "#redstone_lamp_off"},
				"down": {"uv": [14, 2, 15, 3], "texture": "missingtexture"}
			}
		},
		{
			"from": [13, 0, 8],
			"to": [15, 1, 9],
			"faces": {
				"north": {"uv": [1, 15, 3, 16], "texture": "#redstone_lamp_off"},
				"east": {"uv": [7, 15, 8, 16], "texture": "#redstone_lamp_off"},
				"south": {"uv": [13, 15, 15, 16], "texture": "#redstone_lamp_off"},
				"west": {"uv": [8, 15, 9, 16], "texture": "#redstone_lamp_off"},
				"up": {"uv": [13, 8, 15, 9], "texture": "#redstone_lamp_off"},
				"down": {"uv": [13, 7, 15, 8], "texture": "#redstone_lamp_off"}
			}
		},
		{
			"from": [1, 15, 7],
			"to": [2, 16, 8],
			"faces": {
				"north": {"uv": [14, 0, 15, 1], "texture": "#redstone_lamp_off"},
				"east": {"uv": [8, 0, 9, 1], "texture": "#redstone_lamp_off"},
				"south": {"uv": [1, 0, 2, 1], "texture": "#redstone_lamp_off"},
				"west": {"uv": [7, 0, 8, 1], "texture": "#redstone_lamp_off"},
				"up": {"uv": [1, 7, 2, 8], "texture": "#redstone_lamp_off"},
				"down": {"uv": [1, 8, 2, 9], "texture": "missingtexture"}
			}
		},
		{
			"from": [14, 0, 13],
			"to": [15, 1, 14],
			"faces": {
				"north": {"uv": [1, 15, 2, 16], "texture": "#redstone_lamp_off"},
				"east": {"uv": [2, 15, 3, 16], "texture": "#redstone_lamp_off"},
				"south": {"uv": [14, 15, 15, 16], "texture": "#redstone_lamp_off"},
				"west": {"uv": [13, 15, 14, 16], "texture": "#redstone_lamp_off"},
				"up": {"uv": [14, 13, 15, 14], "texture": "#redstone_lamp_off"},
				"down": {"uv": [14, 2, 15, 3], "texture": "#redstone_lamp_off"}
			}
		},
		{
			"from": [1, 0, 13],
			"to": [2, 1, 14],
			"faces": {
				"north": {"uv": [14, 15, 15, 16], "texture": "#redstone_lamp_off"},
				"east": {"uv": [2, 15, 3, 16], "texture": "#redstone_lamp_off"},
				"south": {"uv": [1, 15, 2, 16], "texture": "#redstone_lamp_off"},
				"west": {"uv": [13, 15, 14, 16], "texture": "#redstone_lamp_off"},
				"up": {"uv": [1, 13, 2, 14], "texture": "#redstone_lamp_off"},
				"down": {"uv": [1, 2, 2, 3], "texture": "#redstone_lamp_off"}
			}
		},
		{
			"from": [1, 0, 2],
			"to": [2, 1, 3],
			"faces": {
				"north": {"uv": [14, 15, 15, 16], "texture": "#redstone_lamp_off"},
				"east": {"uv": [13, 15, 14, 16], "texture": "#redstone_lamp_off"},
				"south": {"uv": [1, 15, 2, 16], "texture": "#redstone_lamp_off"},
				"west": {"uv": [2, 15, 3, 16], "texture": "#redstone_lamp_off"},
				"up": {"uv": [1, 2, 2, 3], "texture": "#redstone_lamp_off"},
				"down": {"uv": [1, 13, 2, 14], "texture": "#redstone_lamp_off"}
			}
		},
		{
			"from": [14, 0, 2],
			"to": [15, 1, 3],
			"faces": {
				"north": {"uv": [1, 15, 2, 16], "texture": "#redstone_lamp_off"},
				"east": {"uv": [13, 15, 14, 16], "texture": "#redstone_lamp_off"},
				"south": {"uv": [14, 15, 15, 16], "texture": "#redstone_lamp_off"},
				"west": {"uv": [2, 15, 3, 16], "texture": "#redstone_lamp_off"},
				"up": {"uv": [14, 2, 15, 3], "texture": "#redstone_lamp_off"},
				"down": {"uv": [14, 13, 15, 14], "texture": "#redstone_lamp_off"}
			}
		},
		{
			"from": [13, 14, 0],
			"to": [15, 15, 1],
			"faces": {
				"north": {"uv": [1, 1, 3, 2], "texture": "#redstone_lamp_off"},
				"east": {"uv": [15, 1, 16, 2], "texture": "#redstone_lamp_off"},
				"south": {"uv": [13, 1, 15, 2], "texture": "#redstone_lamp_off"},
				"west": {"uv": [0, 1, 1, 2], "texture": "#redstone_lamp_off"},
				"up": {"uv": [13, 0, 15, 1], "texture": "#redstone_lamp_off"},
				"down": {"uv": [13, 15, 15, 16], "texture": "missingtexture"}
			}
		},
		{
			"from": [0, 15, 0],
			"to": [16, 16, 1],
			"faces": {
				"north": {"uv": [0, 0, 16, 1], "texture": "#redstone_lamp_off"},
				"east": {"uv": [15, 0, 16, 1], "texture": "#redstone_lamp_off"},
				"south": {"uv": [0, 0, 16, 1], "texture": "#redstone_lamp_off"},
				"west": {"uv": [0, 0, 1, 1], "texture": "#redstone_lamp_off"},
				"up": {"uv": [0, 0, 16, 1], "texture": "#redstone_lamp_off"},
				"down": {"uv": [0, 15, 16, 16], "texture": "#redstone_lamp_off"}
			}
		},
		{
			"from": [0, 15, 15],
			"to": [16, 16, 16],
			"faces": {
				"north": {"uv": [0, 0, 16, 1], "texture": "#redstone_lamp_off"},
				"east": {"uv": [0, 0, 1, 1], "texture": "#redstone_lamp_off"},
				"south": {"uv": [0, 0, 16, 1], "texture": "#redstone_lamp_off"},
				"west": {"uv": [15, 0, 16, 1], "texture": "#redstone_lamp_off"},
				"up": {"uv": [0, 15, 16, 16], "texture": "#redstone_lamp_off"},
				"down": {"uv": [0, 0, 16, 1], "texture": "#redstone_lamp_off"}
			}
		},
		{
			"from": [15, 15, 1],
			"to": [16, 16, 15],
			"faces": {
				"north": {"uv": [0, 0, 1, 1], "texture": "#redstone_lamp_off"},
				"east": {"uv": [1, 0, 15, 1], "texture": "#redstone_lamp_off"},
				"south": {"uv": [15, 0, 16, 1], "texture": "#redstone_lamp_off"},
				"west": {"uv": [1, 0, 15, 1], "texture": "#redstone_lamp_off"},
				"up": {"uv": [15, 1, 16, 15], "texture": "#redstone_lamp_off"},
				"down": {"uv": [15, 1, 16, 15], "texture": "#redstone_lamp_off"}
			}
		},
		{
			"from": [0, 15, 1],
			"to": [1, 16, 15],
			"faces": {
				"north": {"uv": [15, 0, 16, 1], "texture": "#redstone_lamp_off"},
				"east": {"uv": [1, 0, 15, 1], "texture": "#redstone_lamp_off"},
				"south": {"uv": [0, 0, 1, 1], "texture": "#redstone_lamp_off"},
				"west": {"uv": [1, 0, 15, 1], "texture": "#redstone_lamp_off"},
				"up": {"uv": [0, 1, 1, 15], "texture": "#redstone_lamp_off"},
				"down": {"uv": [0, 1, 1, 15], "texture": "#redstone_lamp_off"}
			}
		},
		{
			"from": [0, 0, 0],
			"to": [16, 1, 1],
			"faces": {
				"north": {"uv": [0, 15, 16, 16], "texture": "#redstone_lamp_off"},
				"east": {"uv": [15, 15, 16, 16], "texture": "#redstone_lamp_off"},
				"south": {"uv": [0, 15, 16, 16], "texture": "#redstone_lamp_off"},
				"west": {"uv": [0, 15, 1, 16], "texture": "#redstone_lamp_off"},
				"up": {"uv": [0, 0, 16, 1], "texture": "#redstone_lamp_off"},
				"down": {"uv": [0, 15, 16, 16], "texture": "#redstone_lamp_off"}
			}
		},
		{
			"from": [0, 0, 1],
			"to": [1, 1, 15],
			"faces": {
				"north": {"uv": [15, 15, 16, 16], "texture": "#redstone_lamp_off"},
				"east": {"uv": [1, 15, 15, 16], "texture": "#redstone_lamp_off"},
				"south": {"uv": [0, 15, 1, 16], "texture": "#redstone_lamp_off"},
				"west": {"uv": [1, 15, 15, 16], "texture": "#redstone_lamp_off"},
				"up": {"uv": [0, 1, 1, 15], "texture": "#redstone_lamp_off"},
				"down": {"uv": [0, 1, 1, 15], "texture": "#redstone_lamp_off"}
			}
		},
		{
			"from": [0, 0, 15],
			"to": [16, 1, 16],
			"faces": {
				"north": {"uv": [0, 15, 16, 16], "texture": "#redstone_lamp_off"},
				"east": {"uv": [0, 15, 1, 16], "texture": "#redstone_lamp_off"},
				"south": {"uv": [0, 15, 16, 16], "texture": "#redstone_lamp_off"},
				"west": {"uv": [15, 15, 16, 16], "texture": "#redstone_lamp_off"},
				"up": {"uv": [0, 15, 16, 16], "texture": "#redstone_lamp_off"},
				"down": {"uv": [0, 0, 16, 1], "texture": "#redstone_lamp_off"}
			}
		},
		{
			"from": [15, 0, 1],
			"to": [16, 1, 15],
			"faces": {
				"north": {"uv": [0, 15, 1, 16], "texture": "#redstone_lamp_off"},
				"east": {"uv": [1, 15, 15, 16], "texture": "#redstone_lamp_off"},
				"south": {"uv": [15, 15, 16, 16], "texture": "#redstone_lamp_off"},
				"west": {"uv": [1, 15, 15, 16], "texture": "#redstone_lamp_off"},
				"up": {"uv": [15, 1, 16, 15], "texture": "#redstone_lamp_off"},
				"down": {"uv": [15, 1, 16, 15], "texture": "#redstone_lamp_off"}
			}
		},
		{
			"from": [13, 8, 8],
			"to": [15, 9, 9],
			"faces": {
				"north": {"uv": [1, 7, 3, 8], "texture": "#redstone_lamp_off"},
				"east": {"uv": [7, 7, 8, 8], "texture": "#redstone_lamp_off"},
				"south": {"uv": [13, 7, 15, 8], "texture": "#redstone_lamp_off"},
				"west": {"uv": [8, 7, 9, 8], "texture": "#redstone_lamp_off"},
				"up": {"uv": [13, 8, 15, 9], "texture": "#redstone_lamp_off"},
				"down": {"uv": [13, 7, 15, 8], "texture": "missingtexture"}
			}
		},
		{
			"from": [7, 8, 8],
			"to": [9, 9, 9],
			"faces": {
				"north": {"uv": [7, 7, 9, 8], "texture": "#redstone_lamp_off"},
				"east": {"uv": [7, 7, 8, 8], "texture": "#redstone_lamp_off"},
				"south": {"uv": [7, 7, 9, 8], "texture": "#redstone_lamp_off"},
				"west": {"uv": [8, 7, 9, 8], "texture": "#redstone_lamp_off"},
				"up": {"uv": [7, 8, 9, 9], "texture": "#redstone_lamp_off"},
				"down": {"uv": [7, 7, 9, 8], "texture": "#redstone_lamp_off"}
			}
		},
		{
			"from": [15, 1, 15],
			"to": [16, 15, 16],
			"faces": {
				"north": {"uv": [0, 1, 1, 15], "texture": "#redstone_lamp_off"},
				"east": {"uv": [0, 1, 1, 15], "texture": "#redstone_lamp_off"},
				"south": {"uv": [15, 1, 16, 15], "texture": "#redstone_lamp_off"},
				"west": {"uv": [15, 1, 16, 15], "texture": "#redstone_lamp_off"},
				"up": {"uv": [15, 15, 16, 16], "texture": "#redstone_lamp_off"},
				"down": {"uv": [15, 0, 16, 1], "texture": "#redstone_lamp_off"}
			}
		},
		{
			"from": [0, 1, 15],
			"to": [1, 15, 16],
			"faces": {
				"north": {"uv": [15, 1, 16, 15], "texture": "#redstone_lamp_off"},
				"east": {"uv": [0, 1, 1, 15], "texture": "#redstone_lamp_off"},
				"south": {"uv": [0, 1, 1, 15], "texture": "#redstone_lamp_off"},
				"west": {"uv": [15, 1, 16, 15], "texture": "#redstone_lamp_off"},
				"up": {"uv": [0, 15, 1, 16], "texture": "#redstone_lamp_off"},
				"down": {"uv": [0, 0, 1, 1], "texture": "#redstone_lamp_off"}
			}
		},
		{
			"from": [0, 1, 0],
			"to": [1, 15, 1],
			"faces": {
				"north": {"uv": [15, 1, 16, 15], "texture": "#redstone_lamp_off"},
				"east": {"uv": [15, 1, 16, 15], "texture": "#redstone_lamp_off"},
				"south": {"uv": [0, 1, 1, 15], "texture": "#redstone_lamp_off"},
				"west": {"uv": [0, 1, 1, 15], "texture": "#redstone_lamp_off"},
				"up": {"uv": [0, 0, 1, 1], "texture": "#redstone_lamp_off"},
				"down": {"uv": [0, 15, 1, 16], "texture": "#redstone_lamp_off"}
			}
		},
		{
			"from": [15, 1, 0],
			"to": [16, 15, 1],
			"faces": {
				"north": {"uv": [0, 1, 1, 15], "texture": "#redstone_lamp_off"},
				"east": {"uv": [15, 1, 16, 15], "texture": "#redstone_lamp_off"},
				"south": {"uv": [15, 1, 16, 15], "texture": "#redstone_lamp_off"},
				"west": {"uv": [0, 1, 1, 15], "texture": "#redstone_lamp_off"},
				"up": {"uv": [15, 0, 16, 1], "texture": "#redstone_lamp_off"},
				"down": {"uv": [15, 15, 16, 16], "texture": "#redstone_lamp_off"}
			}
		},
		{
			"from": [1, 14, 15],
			"to": [3, 15, 16],
			"faces": {
				"north": {"uv": [13, 1, 15, 2], "texture": "missingtexture"},
				"east": {"uv": [0, 1, 1, 2], "texture": "#redstone_lamp_off"},
				"south": {"uv": [1, 1, 3, 2], "texture": "#redstone_lamp_off"},
				"west": {"uv": [15, 1, 16, 2], "texture": "#redstone_lamp_off"},
				"up": {"uv": [1, 15, 3, 16], "texture": "#redstone_lamp_off"},
				"down": {"uv": [1, 0, 3, 1], "texture": "#redstone_lamp_off"}
			}
		},
		{
			"from": [13, 14, 15],
			"to": [15, 15, 16],
			"faces": {
				"north": {"uv": [1, 1, 3, 2], "texture": "missingtexture"},
				"east": {"uv": [0, 1, 1, 2], "texture": "#redstone_lamp_off"},
				"south": {"uv": [13, 1, 15, 2], "texture": "#redstone_lamp_off"},
				"west": {"uv": [15, 1, 16, 2], "texture": "#redstone_lamp_off"},
				"up": {"uv": [13, 15, 15, 16], "texture": "#redstone_lamp_off"},
				"down": {"uv": [13, 0, 15, 1], "texture": "#redstone_lamp_off"}
			}
		},
		{
			"from": [1, 1, 15],
			"to": [3, 2, 16],
			"faces": {
				"north": {"uv": [13, 14, 15, 15], "texture": "missingtexture"},
				"east": {"uv": [0, 14, 1, 15], "texture": "#redstone_lamp_off"},
				"south": {"uv": [1, 14, 3, 15], "texture": "#redstone_lamp_off"},
				"west": {"uv": [15, 14, 16, 15], "texture": "#redstone_lamp_off"},
				"up": {"uv": [1, 15, 3, 16], "texture": "#redstone_lamp_off"},
				"down": {"uv": [1, 0, 3, 1], "texture": "#redstone_lamp_off"}
			}
		},
		{
			"from": [13, 1, 15],
			"to": [15, 2, 16],
			"faces": {
				"north": {"uv": [1, 14, 3, 15], "texture": "missingtexture"},
				"east": {"uv": [0, 14, 1, 15], "texture": "#redstone_lamp_off"},
				"south": {"uv": [13, 14, 15, 15], "texture": "#redstone_lamp_off"},
				"west": {"uv": [15, 14, 16, 15], "texture": "#redstone_lamp_off"},
				"up": {"uv": [13, 15, 15, 16], "texture": "#redstone_lamp_off"},
				"down": {"uv": [13, 0, 15, 1], "texture": "#redstone_lamp_off"}
			}
		},
		{
			"from": [1, 13, 15],
			"to": [2, 14, 16],
			"faces": {
				"north": {"uv": [14, 2, 15, 3], "texture": "missingtexture"},
				"east": {"uv": [0, 2, 1, 3], "texture": "#redstone_lamp_off"},
				"south": {"uv": [1, 2, 2, 3], "texture": "#redstone_lamp_off"},
				"west": {"uv": [15, 2, 16, 3], "texture": "#redstone_lamp_off"},
				"up": {"uv": [1, 15, 2, 16], "texture": "#redstone_lamp_off"},
				"down": {"uv": [1, 0, 2, 1], "texture": "#redstone_lamp_off"}
			}
		},
		{
			"from": [14, 13, 15],
			"to": [15, 14, 16],
			"faces": {
				"north": {"uv": [1, 2, 2, 3], "texture": "missingtexture"},
				"east": {"uv": [0, 2, 1, 3], "texture": "#redstone_lamp_off"},
				"south": {"uv": [14, 2, 15, 3], "texture": "#redstone_lamp_off"},
				"west": {"uv": [15, 2, 16, 3], "texture": "#redstone_lamp_off"},
				"up": {"uv": [14, 15, 15, 16], "texture": "#redstone_lamp_off"},
				"down": {"uv": [14, 0, 15, 1], "texture": "#redstone_lamp_off"}
			}
		},
		{
			"from": [1, 2, 15],
			"to": [2, 3, 16],
			"faces": {
				"north": {"uv": [14, 13, 15, 14], "texture": "missingtexture"},
				"east": {"uv": [0, 13, 1, 14], "texture": "#redstone_lamp_off"},
				"south": {"uv": [1, 13, 2, 14], "texture": "#redstone_lamp_off"},
				"west": {"uv": [15, 13, 16, 14], "texture": "#redstone_lamp_off"},
				"up": {"uv": [1, 15, 2, 16], "texture": "#redstone_lamp_off"},
				"down": {"uv": [1, 0, 2, 1], "texture": "#redstone_lamp_off"}
			}
		},
		{
			"from": [14, 2, 15],
			"to": [15, 3, 16],
			"faces": {
				"north": {"uv": [1, 13, 2, 14], "texture": "missingtexture"},
				"east": {"uv": [0, 13, 1, 14], "texture": "#redstone_lamp_off"},
				"south": {"uv": [14, 13, 15, 14], "texture": "#redstone_lamp_off"},
				"west": {"uv": [15, 13, 16, 14], "texture": "#redstone_lamp_off"},
				"up": {"uv": [14, 15, 15, 16], "texture": "#redstone_lamp_off"},
				"down": {"uv": [14, 0, 15, 1], "texture": "#redstone_lamp_off"}
			}
		},
		{
			"from": [15, 14, 1],
			"to": [16, 15, 3],
			"faces": {
				"north": {"uv": [0, 1, 1, 2], "texture": "#redstone_lamp_off"},
				"east": {"uv": [13, 1, 15, 2], "texture": "#redstone_lamp_off"},
				"south": {"uv": [15, 1, 16, 2], "texture": "#redstone_lamp_off"},
				"west": {"uv": [1, 1, 3, 2], "texture": "#redstone_lamp_off"},
				"up": {"uv": [15, 1, 16, 3], "texture": "#redstone_lamp_off"},
				"down": {"uv": [15, 13, 16, 15], "texture": "#redstone_lamp_off"}
			}
		},
		{
			"from": [15, 14, 13],
			"to": [16, 15, 15],
			"faces": {
				"north": {"uv": [0, 1, 1, 2], "texture": "#redstone_lamp_off"},
				"east": {"uv": [1, 1, 3, 2], "texture": "#redstone_lamp_off"},
				"south": {"uv": [15, 1, 16, 2], "texture": "#redstone_lamp_off"},
				"west": {"uv": [13, 1, 15, 2], "texture": "#redstone_lamp_off"},
				"up": {"uv": [15, 13, 16, 15], "texture": "#redstone_lamp_off"},
				"down": {"uv": [15, 1, 16, 3], "texture": "#redstone_lamp_off"}
			}
		},
		{
			"from": [15, 1, 1],
			"to": [16, 2, 3],
			"faces": {
				"north": {"uv": [0, 14, 1, 15], "texture": "#redstone_lamp_off"},
				"east": {"uv": [13, 14, 15, 15], "texture": "#redstone_lamp_off"},
				"south": {"uv": [15, 14, 16, 15], "texture": "#redstone_lamp_off"},
				"west": {"uv": [1, 14, 3, 15], "texture": "#redstone_lamp_off"},
				"up": {"uv": [15, 1, 16, 3], "texture": "#redstone_lamp_off"},
				"down": {"uv": [15, 13, 16, 15], "texture": "#redstone_lamp_off"}
			}
		},
		{
			"from": [15, 1, 13],
			"to": [16, 2, 15],
			"faces": {
				"north": {"uv": [0, 14, 1, 15], "texture": "#redstone_lamp_off"},
				"east": {"uv": [1, 14, 3, 15], "texture": "#redstone_lamp_off"},
				"south": {"uv": [15, 14, 16, 15], "texture": "#redstone_lamp_off"},
				"west": {"uv": [13, 14, 15, 15], "texture": "#redstone_lamp_off"},
				"up": {"uv": [15, 13, 16, 15], "texture": "#redstone_lamp_off"},
				"down": {"uv": [15, 1, 16, 3], "texture": "#redstone_lamp_off"}
			}
		},
		{
			"from": [15, 13, 1],
			"to": [16, 14, 2],
			"faces": {
				"north": {"uv": [0, 2, 1, 3], "texture": "#redstone_lamp_off"},
				"east": {"uv": [14, 2, 15, 3], "texture": "#redstone_lamp_off"},
				"south": {"uv": [15, 2, 16, 3], "texture": "#redstone_lamp_off"},
				"west": {"uv": [1, 2, 2, 3], "texture": "#redstone_lamp_off"},
				"up": {"uv": [15, 1, 16, 2], "texture": "#redstone_lamp_off"},
				"down": {"uv": [15, 14, 16, 15], "texture": "#redstone_lamp_off"}
			}
		},
		{
			"from": [15, 13, 14],
			"to": [16, 14, 15],
			"faces": {
				"north": {"uv": [0, 2, 1, 3], "texture": "#redstone_lamp_off"},
				"east": {"uv": [1, 2, 2, 3], "texture": "#redstone_lamp_off"},
				"south": {"uv": [15, 2, 16, 3], "texture": "#redstone_lamp_off"},
				"west": {"uv": [14, 2, 15, 3], "texture": "#redstone_lamp_off"},
				"up": {"uv": [15, 14, 16, 15], "texture": "#redstone_lamp_off"},
				"down": {"uv": [15, 1, 16, 2], "texture": "#redstone_lamp_off"}
			}
		},
		{
			"from": [15, 2, 1],
			"to": [16, 3, 2],
			"faces": {
				"north": {"uv": [0, 13, 1, 14], "texture": "#redstone_lamp_off"},
				"east": {"uv": [14, 13, 15, 14], "texture": "#redstone_lamp_off"},
				"south": {"uv": [15, 13, 16, 14], "texture": "#redstone_lamp_off"},
				"west": {"uv": [1, 13, 2, 14], "texture": "#redstone_lamp_off"},
				"up": {"uv": [15, 1, 16, 2], "texture": "#redstone_lamp_off"},
				"down": {"uv": [15, 14, 16, 15], "texture": "#redstone_lamp_off"}
			}
		},
		{
			"from": [15, 2, 14],
			"to": [16, 3, 15],
			"faces": {
				"north": {"uv": [0, 13, 1, 14], "texture": "#redstone_lamp_off"},
				"east": {"uv": [1, 13, 2, 14], "texture": "#redstone_lamp_off"},
				"south": {"uv": [15, 13, 16, 14], "texture": "#redstone_lamp_off"},
				"west": {"uv": [14, 13, 15, 14], "texture": "#redstone_lamp_off"},
				"up": {"uv": [15, 14, 16, 15], "texture": "#redstone_lamp_off"},
				"down": {"uv": [15, 1, 16, 2], "texture": "#redstone_lamp_off"}
			}
		},
		{
			"from": [1, 14, 0],
			"to": [3, 15, 1],
			"faces": {
				"north": {"uv": [13, 1, 15, 2], "texture": "#redstone_lamp_off"},
				"east": {"uv": [15, 1, 16, 2], "texture": "#redstone_lamp_off"},
				"south": {"uv": [1, 1, 3, 2], "texture": "#redstone_lamp_off"},
				"west": {"uv": [0, 1, 1, 2], "texture": "#redstone_lamp_off"},
				"up": {"uv": [1, 0, 3, 1], "texture": "#redstone_lamp_off"},
				"down": {"uv": [1, 15, 3, 16], "texture": "#redstone_lamp_off"}
			}
		},
		{
			"from": [1, 1, 0],
			"to": [3, 2, 1],
			"faces": {
				"north": {"uv": [13, 14, 15, 15], "texture": "#redstone_lamp_off"},
				"east": {"uv": [15, 14, 16, 15], "texture": "#redstone_lamp_off"},
				"south": {"uv": [1, 14, 3, 15], "texture": "#redstone_lamp_off"},
				"west": {"uv": [0, 14, 1, 15], "texture": "#redstone_lamp_off"},
				"up": {"uv": [1, 0, 3, 1], "texture": "#redstone_lamp_off"},
				"down": {"uv": [1, 15, 3, 16], "texture": "#redstone_lamp_off"}
			}
		},
		{
			"from": [13, 1, 0],
			"to": [15, 2, 1],
			"faces": {
				"north": {"uv": [1, 14, 3, 15], "texture": "#redstone_lamp_off"},
				"east": {"uv": [15, 14, 16, 15], "texture": "#redstone_lamp_off"},
				"south": {"uv": [13, 14, 15, 15], "texture": "#redstone_lamp_off"},
				"west": {"uv": [0, 14, 1, 15], "texture": "#redstone_lamp_off"},
				"up": {"uv": [13, 0, 15, 1], "texture": "#redstone_lamp_off"},
				"down": {"uv": [13, 15, 15, 16], "texture": "#redstone_lamp_off"}
			}
		},
		{
			"from": [1, 13, 0],
			"to": [2, 14, 1],
			"faces": {
				"north": {"uv": [14, 2, 15, 3], "texture": "#redstone_lamp_off"},
				"east": {"uv": [15, 2, 16, 3], "texture": "#redstone_lamp_off"},
				"south": {"uv": [1, 2, 2, 3], "texture": "#redstone_lamp_off"},
				"west": {"uv": [0, 2, 1, 3], "texture": "#redstone_lamp_off"},
				"up": {"uv": [1, 0, 2, 1], "texture": "#redstone_lamp_off"},
				"down": {"uv": [1, 15, 2, 16], "texture": "#redstone_lamp_off"}
			}
		},
		{
			"from": [14, 13, 0],
			"to": [15, 14, 1],
			"faces": {
				"north": {"uv": [1, 2, 2, 3], "texture": "#redstone_lamp_off"},
				"east": {"uv": [15, 2, 16, 3], "texture": "#redstone_lamp_off"},
				"south": {"uv": [14, 2, 15, 3], "texture": "#redstone_lamp_off"},
				"west": {"uv": [0, 2, 1, 3], "texture": "#redstone_lamp_off"},
				"up": {"uv": [14, 0, 15, 1], "texture": "#redstone_lamp_off"},
				"down": {"uv": [14, 15, 15, 16], "texture": "#redstone_lamp_off"}
			}
		},
		{
			"from": [1, 2, 0],
			"to": [2, 3, 1],
			"faces": {
				"north": {"uv": [14, 13, 15, 14], "texture": "#redstone_lamp_off"},
				"east": {"uv": [15, 13, 16, 14], "texture": "#redstone_lamp_off"},
				"south": {"uv": [1, 13, 2, 14], "texture": "#redstone_lamp_off"},
				"west": {"uv": [0, 13, 1, 14], "texture": "#redstone_lamp_off"},
				"up": {"uv": [1, 0, 2, 1], "texture": "#redstone_lamp_off"},
				"down": {"uv": [1, 15, 2, 16], "texture": "#redstone_lamp_off"}
			}
		},
		{
			"from": [14, 2, 0],
			"to": [15, 3, 1],
			"faces": {
				"north": {"uv": [1, 13, 2, 14], "texture": "#redstone_lamp_off"},
				"east": {"uv": [15, 13, 16, 14], "texture": "#redstone_lamp_off"},
				"south": {"uv": [14, 13, 15, 14], "texture": "#redstone_lamp_off"},
				"west": {"uv": [0, 13, 1, 14], "texture": "#redstone_lamp_off"},
				"up": {"uv": [14, 0, 15, 1], "texture": "#redstone_lamp_off"},
				"down": {"uv": [14, 15, 15, 16], "texture": "#redstone_lamp_off"}
			}
		},
		{
			"from": [0, 14, 1],
			"to": [1, 15, 3],
			"faces": {
				"north": {"uv": [15, 1, 16, 2], "texture": "#redstone_lamp_off"},
				"east": {"uv": [13, 1, 15, 2], "texture": "#redstone_lamp_off"},
				"south": {"uv": [0, 1, 1, 2], "texture": "#redstone_lamp_off"},
				"west": {"uv": [1, 1, 3, 2], "texture": "#redstone_lamp_off"},
				"up": {"uv": [0, 1, 1, 3], "texture": "#redstone_lamp_off"},
				"down": {"uv": [0, 13, 1, 15], "texture": "#redstone_lamp_off"}
			}
		},
		{
			"from": [0, 14, 13],
			"to": [1, 15, 15],
			"faces": {
				"north": {"uv": [15, 1, 16, 2], "texture": "#redstone_lamp_off"},
				"east": {"uv": [1, 1, 3, 2], "texture": "#redstone_lamp_off"},
				"south": {"uv": [0, 1, 1, 2], "texture": "#redstone_lamp_off"},
				"west": {"uv": [13, 1, 15, 2], "texture": "#redstone_lamp_off"},
				"up": {"uv": [0, 13, 1, 15], "texture": "#redstone_lamp_off"},
				"down": {"uv": [0, 1, 1, 3], "texture": "#redstone_lamp_off"}
			}
		},
		{
			"from": [0, 1, 1],
			"to": [1, 2, 3],
			"faces": {
				"north": {"uv": [15, 14, 16, 15], "texture": "#redstone_lamp_off"},
				"east": {"uv": [13, 14, 15, 15], "texture": "#redstone_lamp_off"},
				"south": {"uv": [0, 14, 1, 15], "texture": "#redstone_lamp_off"},
				"west": {"uv": [1, 14, 3, 15], "texture": "#redstone_lamp_off"},
				"up": {"uv": [0, 1, 1, 3], "texture": "#redstone_lamp_off"},
				"down": {"uv": [0, 13, 1, 15], "texture": "#redstone_lamp_off"}
			}
		},
		{
			"from": [0, 1, 13],
			"to": [1, 2, 15],
			"faces": {
				"north": {"uv": [15, 14, 16, 15], "texture": "#redstone_lamp_off"},
				"east": {"uv": [1, 14, 3, 15], "texture": "#redstone_lamp_off"},
				"south": {"uv": [0, 14, 1, 15], "texture": "#redstone_lamp_off"},
				"west": {"uv": [13, 14, 15, 15], "texture": "#redstone_lamp_off"},
				"up": {"uv": [0, 13, 1, 15], "texture": "#redstone_lamp_off"},
				"down": {"uv": [0, 1, 1, 3], "texture": "#redstone_lamp_off"}
			}
		},
		{
			"from": [0, 13, 1],
			"to": [1, 14, 2],
			"faces": {
				"north": {"uv": [15, 2, 16, 3], "texture": "#redstone_lamp_off"},
				"east": {"uv": [14, 2, 15, 3], "texture": "#redstone_lamp_off"},
				"south": {"uv": [0, 2, 1, 3], "texture": "#redstone_lamp_off"},
				"west": {"uv": [1, 2, 2, 3], "texture": "#redstone_lamp_off"},
				"up": {"uv": [0, 1, 1, 2], "texture": "#redstone_lamp_off"},
				"down": {"uv": [0, 14, 1, 15], "texture": "#redstone_lamp_off"}
			}
		},
		{
			"from": [0, 13, 14],
			"to": [1, 14, 15],
			"faces": {
				"north": {"uv": [15, 2, 16, 3], "texture": "#redstone_lamp_off"},
				"east": {"uv": [1, 2, 2, 3], "texture": "#redstone_lamp_off"},
				"south": {"uv": [0, 2, 1, 3], "texture": "#redstone_lamp_off"},
				"west": {"uv": [14, 2, 15, 3], "texture": "#redstone_lamp_off"},
				"up": {"uv": [0, 14, 1, 15], "texture": "#redstone_lamp_off"},
				"down": {"uv": [0, 1, 1, 2], "texture": "#redstone_lamp_off"}
			}
		},
		{
			"from": [0, 2, 1],
			"to": [1, 3, 2],
			"faces": {
				"north": {"uv": [15, 13, 16, 14], "texture": "#redstone_lamp_off"},
				"east": {"uv": [14, 13, 15, 14], "texture": "#redstone_lamp_off"},
				"south": {"uv": [0, 13, 1, 14], "texture": "#redstone_lamp_off"},
				"west": {"uv": [1, 13, 2, 14], "texture": "#redstone_lamp_off"},
				"up": {"uv": [0, 1, 1, 2], "texture": "#redstone_lamp_off"},
				"down": {"uv": [0, 14, 1, 15], "texture": "#redstone_lamp_off"}
			}
		},
		{
			"from": [0, 2, 14],
			"to": [1, 3, 15],
			"faces": {
				"north": {"uv": [15, 13, 16, 14], "texture": "#redstone_lamp_off"},
				"east": {"uv": [1, 13, 2, 14], "texture": "#redstone_lamp_off"},
				"south": {"uv": [0, 13, 1, 14], "texture": "#redstone_lamp_off"},
				"west": {"uv": [14, 13, 15, 14], "texture": "#redstone_lamp_off"},
				"up": {"uv": [0, 14, 1, 15], "texture": "#redstone_lamp_off"},
				"down": {"uv": [0, 1, 1, 2], "texture": "#redstone_lamp_off"}
			}
		}
	],
	"display": {
		"thirdperson_righthand": {
			"scale": [0.5, 0.5, 0.5]
		},
		"thirdperson_lefthand": {
			"scale": [0.5, 0.5, 0.5]
		},
		"firstperson_righthand": {
			"scale": [0.5, 0.5, 0.5]
		},
		"firstperson_lefthand": {
			"scale": [0.5, 0.5, 0.5]
		},
		"ground": {
			"translation": [0, 6, 0]
		}
	}
}