{
    "parent": "item/pistol/pistol_idle",
    "overrides": [
        {
            "predicate": {
                "pulling": 0.15
            },
            "model": "item/pistol/pistol_loading_0"
        },
        {
            "predicate": {
                "pulling": 1,
                "pull": 0.3
            },
            "model": "item/pistol/pistol_loading_1"
        },
        {
            "predicate": {
                "pulling": 1,
                "pull": 0.45
            },
            "model": "item/pistol/pistol_loading_2"
        },
        {
            "predicate": {
                "pulling": 1,
                "pull": 0.6
            },
            "model": "item/pistol/pistol_loading_3"
        },
        {
            "predicate": {
                "pulling": 1,
                "pull": 0.75
            },
            "model": "item/pistol/pistol_loading_4"
        },
        {
            "predicate": {
                "pulling": 1,
                "pull": 0.9
            },
            "model": "item/pistol/pistol_primed"
        },
	{
            "predicate": {
                "damaged": 1,
                "damage": 0.85
            },
            "model": "item/pistol/pistol_idle"
        }
    ]
}