{
    "parent": "item/rifle/rifle_idle",
    "overrides": [
	{
            "predicate": {
                "pulling": 0.15
            },
            "model": "item/rifle/rifle_loading_0"
        },
        {
            "predicate": {
                "pulling": 1,
                "pull": 0.3
            },
            "model": "item/rifle/rifle_loading_1"
        },
        {
            "predicate": {
                "pulling": 1,
                "pull": 0.45
            },
            "model": "item/rifle/rifle_loading_2"
        },
        {
            "predicate": {
                "pulling": 1,
                "pull": 0.6
            },
            "model": "item/rifle/rifle_loading_3"
        },
        {
            "predicate": {
                "pulling": 1,
                "pull": 0.75
            },
            "model": "item/rifle/rifle_loading_4"
        },
        {
            "predicate": {
                "pulling": 1,
                "pull": 0.9
            },
            "model": "item/rifle/rifle_loading_5"
        },
        {
            "predicate": {
                "charged": 1
            },
            "model": "item/rifle/rifle_primed"
        },
        {
            "predicate": {
                "charged": 1,
                "firework": 1
            },
            "model": "item/rifle/rifle_primed"
        }
    ]
}