{
	"credit": "Vanilla Additions Resource Pack by JustTimm - https://twitter.com/JT_Additions",
	"ambientocclusion": false,
	"textures": {
		"0": "block/ladder",
		"particle": "block/ladder"
	},
	"elements": [
		{
			"from": [4, 1, 15.2],
			"to": [12, 3, 15.8],
			"rotation": {"angle": 0, "axis": "y", "origin": [8, 8, 9]},
			"faces": {
				"north": {"uv": [4, 13, 12, 15], "texture": "#0"},
				"east": {"uv": [1, 13, 2, 15], "texture": "#0"},
				"south": {"uv": [4, 13, 12, 15], "texture": "#0", "cullface": "south"},
				"west": {"uv": [14, 13, 15, 15], "texture": "#0"},
				"up": {"uv": [12, 13, 4, 14], "texture": "#0"},
				"down": {"uv": [12, 14, 4, 15], "texture": "#0"}
			}
		},
		{
			"from": [1, 1, 15.2],
			"to": [2, 3, 15.8],
			"rotation": {"angle": 0, "axis": "y", "origin": [8, 8, 9]},
			"faces": {
				"north": {"uv": [14, 13, 15, 15], "texture": "#0"},
				"east": {"uv": [1, 13, 2, 15], "texture": "#0"},
				"south": {"uv": [1, 13, 2, 15], "texture": "#0", "cullface": "south"},
				"west": {"uv": [14, 13, 15, 15], "texture": "#0"},
				"up": {"uv": [15, 13, 14, 14], "texture": "#0"},
				"down": {"uv": [15, 14, 14, 15], "texture": "#0"}
			}
		},
		{
			"from": [1, 5, 15.2],
			"to": [2, 7, 15.8],
			"rotation": {"angle": 0, "axis": "y", "origin": [8, 8, 9]},
			"faces": {
				"north": {"uv": [14, 9, 15, 11], "texture": "#0"},
				"east": {"uv": [1, 13, 2, 15], "texture": "#0"},
				"south": {"uv": [1, 9, 2, 11], "texture": "#0", "cullface": "south"},
				"west": {"uv": [14, 9, 15, 11], "texture": "#0"},
				"up": {"uv": [15, 9, 14, 10], "texture": "#0"},
				"down": {"uv": [15, 10, 14, 11], "texture": "#0"}
			}
		},
		{
			"from": [1, 9, 15.2],
			"to": [2, 11, 15.8],
			"rotation": {"angle": 0, "axis": "y", "origin": [8, 8, 9]},
			"faces": {
				"north": {"uv": [14, 5, 15, 7], "texture": "#0"},
				"east": {"uv": [1, 13, 2, 15], "texture": "#0"},
				"south": {"uv": [1, 5, 2, 7], "texture": "#0", "cullface": "south"},
				"west": {"uv": [14, 5, 15, 7], "texture": "#0"},
				"up": {"uv": [15, 5, 14, 6], "texture": "#0"},
				"down": {"uv": [15, 6, 14, 7], "texture": "#0"}
			}
		},
		{
			"from": [1, 13, 15.2],
			"to": [2, 15, 15.8],
			"rotation": {"angle": 0, "axis": "y", "origin": [8, 8, 9]},
			"faces": {
				"north": {"uv": [14, 1, 15, 3], "texture": "#0"},
				"east": {"uv": [1, 13, 2, 15], "texture": "#0"},
				"south": {"uv": [1, 1, 2, 3], "texture": "#0", "cullface": "south"},
				"west": {"uv": [14, 1, 15, 3], "texture": "#0"},
				"up": {"uv": [15, 1, 14, 2], "texture": "#0"},
				"down": {"uv": [15, 2, 14, 3], "texture": "#0"}
			}
		},
		{
			"from": [14, 13, 15.2],
			"to": [15, 15, 15.8],
			"rotation": {"angle": 0, "axis": "y", "origin": [8, 8, 9]},
			"faces": {
				"north": {"uv": [1, 1, 2, 3], "texture": "#0"},
				"east": {"uv": [1, 1, 2, 3], "texture": "#0"},
				"south": {"uv": [14, 1, 15, 3], "texture": "#0", "cullface": "south"},
				"west": {"uv": [14, 13, 15, 15], "texture": "#0"},
				"up": {"uv": [2, 1, 1, 2], "texture": "#0"},
				"down": {"uv": [2, 2, 1, 3], "texture": "#0"}
			}
		},
		{
			"from": [14, 9, 15.2],
			"to": [15, 11, 15.8],
			"rotation": {"angle": 0, "axis": "y", "origin": [8, 8, 9]},
			"faces": {
				"north": {"uv": [1, 5, 2, 7], "texture": "#0"},
				"east": {"uv": [1, 5, 2, 7], "texture": "#0"},
				"south": {"uv": [14, 5, 15, 7], "texture": "#0", "cullface": "south"},
				"west": {"uv": [14, 13, 15, 15], "texture": "#0"},
				"up": {"uv": [2, 5, 1, 6], "texture": "#0"},
				"down": {"uv": [2, 6, 1, 7], "texture": "#0"}
			}
		},
		{
			"from": [14, 5, 15.2],
			"to": [15, 7, 15.8],
			"rotation": {"angle": 0, "axis": "y", "origin": [8, 8, 9]},
			"faces": {
				"north": {"uv": [1, 9, 2, 11], "texture": "#0"},
				"east": {"uv": [1, 9, 2, 11], "texture": "#0"},
				"south": {"uv": [14, 9, 15, 11], "texture": "#0", "cullface": "south"},
				"west": {"uv": [14, 13, 15, 15], "texture": "#0"},
				"up": {"uv": [2, 9, 1, 10], "texture": "#0"},
				"down": {"uv": [2, 10, 1, 11], "texture": "#0"}
			}
		},
		{
			"from": [14, 1, 15.2],
			"to": [15, 3, 15.8],
			"rotation": {"angle": 0, "axis": "y", "origin": [8, 8, 9]},
			"faces": {
				"north": {"uv": [1, 13, 2, 15], "texture": "#0"},
				"east": {"uv": [1, 13, 2, 15], "texture": "#0"},
				"south": {"uv": [14, 13, 15, 15], "texture": "#0", "cullface": "south"},
				"west": {"uv": [14, 13, 15, 15], "texture": "#0"},
				"up": {"uv": [2, 13, 1, 14], "texture": "#0"},
				"down": {"uv": [2, 14, 1, 15], "texture": "#0"}
			}
		},
		{
			"from": [4, 5, 15.2],
			"to": [12, 7, 15.8],
			"rotation": {"angle": 0, "axis": "y", "origin": [8, 8, 9]},
			"faces": {
				"north": {"uv": [4, 9, 12, 11], "texture": "#0"},
				"east": {"uv": [1, 13, 2, 15], "texture": "#0"},
				"south": {"uv": [4, 9, 12, 11], "texture": "#0", "cullface": "south"},
				"west": {"uv": [14, 13, 15, 15], "texture": "#0"},
				"up": {"uv": [12, 9, 4, 10], "texture": "#0"},
				"down": {"uv": [12, 10, 4, 11], "texture": "#0"}
			}
		},
		{
			"from": [4, 9, 15.2],
			"to": [12, 11, 15.8],
			"rotation": {"angle": 0, "axis": "y", "origin": [8, 8, 9]},
			"faces": {
				"north": {"uv": [4, 5, 12, 7], "texture": "#0"},
				"east": {"uv": [1, 13, 2, 15], "texture": "#0"},
				"south": {"uv": [4, 5, 12, 7], "texture": "#0", "cullface": "south"},
				"west": {"uv": [14, 13, 15, 15], "texture": "#0"},
				"up": {"uv": [12, 5, 4, 6], "texture": "#0"},
				"down": {"uv": [12, 6, 4, 7], "texture": "#0"}
			}
		},
		{
			"from": [4, 13, 15.2],
			"to": [12, 15, 15.8],
			"rotation": {"angle": 0, "axis": "y", "origin": [8, 8, 9]},
			"faces": {
				"north": {"uv": [4, 1, 12, 3], "texture": "#0"},
				"east": {"uv": [1, 13, 2, 15], "texture": "#0"},
				"south": {"uv": [4, 1, 12, 3], "texture": "#0", "cullface": "south"},
				"west": {"uv": [14, 13, 15, 15], "texture": "#0"},
				"up": {"uv": [12, 1, 4, 2], "texture": "#0"},
				"down": {"uv": [12, 2, 4, 3], "texture": "#0"}
			}
		},
		{
			"from": [2, 0, 15],
			"to": [4, 16, 16],
			"rotation": {"angle": 0, "axis": "y", "origin": [8, 8, 9]},
			"faces": {
				"north": {"uv": [12, 0, 14, 16], "texture": "#0"},
				"east": {"uv": [12, 0, 13, 16], "texture": "#0"},
				"south": {"uv": [2, 0, 4, 16], "texture": "#0"},
				"west": {"uv": [13, 0, 14, 16], "texture": "#0"},
				"up": {"uv": [12, 0, 14, 1], "rotation": 180, "texture": "#0"},
				"down": {"uv": [12, 15, 14, 16], "rotation": 180, "texture": "#0"}
			}
		},
		{
			"from": [12, 0, 15],
			"to": [14, 16, 16],
			"rotation": {"angle": 0, "axis": "y", "origin": [8, 8, 9]},
			"faces": {
				"north": {"uv": [2, 0, 4, 16], "texture": "#0"},
				"east": {"uv": [2, 0, 3, 16], "texture": "#0"},
				"south": {"uv": [12, 0, 14, 16], "texture": "#0"},
				"west": {"uv": [3, 0, 4, 16], "texture": "#0"},
				"up": {"uv": [2, 0, 4, 1], "rotation": 180, "texture": "#0"},
				"down": {"uv": [2, 15, 4, 16], "rotation": 180, "texture": "#0"}
			}
		}
	]
}