{
	"credit": "Vanilla Additions Resource Pack by JustTimm - https://twitter.com/JT_Additions",
	"textures": {
		"1": "block/red_sandstone",
		"2": "block/red_sandstone_bottom",
		"wall": "block/red_sandstone_top",
		"particle": "block/red_sandstone_top"
	},
	"elements": [
		{
			"name": "Center post",
			"from": [4, 0, 4],
			"to": [12, 16, 12],
			"faces": {
				"north": {"uv": [4, 0, 12, 16], "texture": "#1"},
				"east": {"uv": [4, 0, 12, 16], "texture": "#1"},
				"south": {"uv": [4, 0, 12, 16], "texture": "#1"},
				"west": {"uv": [4, 0, 12, 16], "texture": "#1"},
				"up": {"uv": [4, 4, 12, 12], "texture": "#wall", "cullface": "up"},
				"down": {"uv": [4, 4, 12, 12], "texture": "#2", "cullface": "down"}
			}
		}
	]
}