{
	"credit": "Vanilla Additions Resource Pack by JustTimm - https://twitter.com/JT_Additions",
	"ambientocclusion": false,
	"textures": {
		"particle": "block/redstone_dust_line1",
		"line": "block/redstone_dust_line1"
	},
	"elements": [
		{
			"from": [7, 0, 7],
			"to": [8, 0.25, 8],
			"faces": {
				"north": {"uv": [7, 7, 8, 8], "rotation": 270, "texture": "#line", "tintindex": 0},
				"east": {"uv": [7, 7, 8, 8], "rotation": 270, "texture": "#line", "tintindex": 0},
				"south": {"uv": [7, 7, 8, 8], "rotation": 270, "texture": "#line", "tintindex": 0},
				"west": {"uv": [7, 7, 8, 8], "rotation": 270, "texture": "#line", "tintindex": 0},
				"up": {"uv": [7, 7, 8, 8], "rotation": 270, "texture": "#line", "tintindex": 0},
				"down": {"uv": [7, 7, 8, 8], "rotation": 270, "texture": "#line", "tintindex": 0}
			}
		},
		{
			"from": [8, 0, 0],
			"to": [9, 0.25, 1],
			"faces": {
				"north": {"uv": [9, 0, 8, 1], "texture": "#line", "tintindex": 0},
				"east": {"uv": [8, 0, 9, 1], "rotation": 90, "texture": "#line", "tintindex": 0},
				"south": {"uv": [8, 0, 9, 1], "texture": "#line", "tintindex": 0},
				"west": {"uv": [8, 0, 9, 1], "rotation": 270, "texture": "#line", "tintindex": 0},
				"up": {"uv": [8, 0, 9, 1], "texture": "#line", "tintindex": 0},
				"down": {"uv": [8, 1, 9, 0], "texture": "#line", "tintindex": 0}
			}
		},
		{
			"from": [8, 0, 2],
			"to": [9, 0.25, 4],
			"faces": {
				"north": {"uv": [9, 2, 8, 3], "texture": "#line", "tintindex": 0},
				"east": {"uv": [8, 2, 9, 4], "rotation": 90, "texture": "#line", "tintindex": 0},
				"south": {"uv": [8, 3, 9, 4], "texture": "#line", "tintindex": 0},
				"west": {"uv": [8, 2, 9, 4], "rotation": 270, "texture": "#line", "tintindex": 0},
				"up": {"uv": [8, 2, 9, 4], "texture": "#line", "tintindex": 0},
				"down": {"uv": [8, 4, 9, 2], "texture": "#line", "tintindex": 0}
			}
		},
		{
			"from": [7, 0, 3],
			"to": [8, 0.25, 5],
			"faces": {
				"north": {"uv": [8, 3, 7, 4], "texture": "#line", "tintindex": 0},
				"east": {"uv": [7, 3, 8, 5], "rotation": 90, "texture": "#line", "tintindex": 0},
				"south": {"uv": [7, 4, 8, 5], "texture": "#line", "tintindex": 0},
				"west": {"uv": [7, 3, 8, 5], "rotation": 270, "texture": "#line", "tintindex": 0},
				"up": {"uv": [7, 3, 8, 5], "texture": "#line", "tintindex": 0},
				"down": {"uv": [7, 5, 8, 3], "texture": "#line", "tintindex": 0}
			}
		},
		{
			"from": [9, 0, 4],
			"to": [10, 0.25, 7],
			"faces": {
				"north": {"uv": [10, 4, 9, 5], "texture": "#line", "tintindex": 0},
				"east": {"uv": [9, 4, 10, 7], "rotation": 90, "texture": "#line", "tintindex": 0},
				"south": {"uv": [9, 6, 10, 7], "texture": "#line", "tintindex": 0},
				"west": {"uv": [9, 4, 10, 7], "rotation": 270, "texture": "#line", "tintindex": 0},
				"up": {"uv": [9, 4, 10, 7], "texture": "#line", "tintindex": 0},
				"down": {"uv": [9, 7, 10, 4], "texture": "#line", "tintindex": 0}
			}
		},
		{
			"from": [8, 0, 6],
			"to": [9, 0.25, 8],
			"faces": {
				"north": {"uv": [9, 6, 8, 7], "texture": "#line", "tintindex": 0},
				"east": {"uv": [8, 6, 9, 8], "rotation": 90, "texture": "#line", "tintindex": 0},
				"south": {"uv": [8, 7, 9, 8], "texture": "#line", "tintindex": 0},
				"west": {"uv": [8, 6, 9, 8], "rotation": 270, "texture": "#line", "tintindex": 0},
				"up": {"uv": [8, 6, 9, 8], "texture": "#line", "tintindex": 0},
				"down": {"uv": [8, 8, 9, 6], "texture": "#line", "tintindex": 0}
			}
		}
	]
}