{
	"credit": "Vanilla Additions Resource Pack by JustTimm - https://twitter.com/JT_Additions",
	"ambientocclusion": false,
	"textures": {
		"particle": "block/redstone_dust_line0",
		"line": "block/redstone_dust_line0"
	},
	"elements": [
		{
			"from": [7, 5, 0],
			"to": [8, 7, 0.25],
			"faces": {
				"north": {"uv": [7, 11, 8, 9], "rotation": 180, "texture": "#line","tintindex":0},
				"east": {"uv": [7, 9, 8, 11], "texture": "#line","tintindex":0},
				"south": {"uv": [7, 9, 8, 11], "texture": "#line","tintindex":0},
				"west": {"uv": [7, 9, 8, 11], "texture": "#line","tintindex":0},
				"up": {"uv": [8, 9, 7, 10], "rotation": 180, "texture": "#line","tintindex":0},
				"down": {"uv": [7, 10, 8, 11], "texture": "#line","tintindex":0}
			}
		},
		{
			"from": [8, 15, 0],
			"to": [9, 16, 0.25],
			"faces": {
				"north": {"uv": [8, 1, 9, 0], "rotation": 180, "texture": "#line","tintindex":0},
				"east": {"uv": [8, 0, 9, 1], "texture": "#line","tintindex":0},
				"south": {"uv": [8, 0, 9, 1], "texture": "#line","tintindex":0},
				"west": {"uv": [8, 0, 9, 1], "texture": "#line","tintindex":0},
				"up": {"uv": [9, 0, 8, 1], "rotation": 180, "texture": "#line","tintindex":0},
				"down": {"uv": [8, 0, 9, 1], "texture": "#line","tintindex":0}
			}
		},
		{
			"from": [8, 12, 0],
			"to": [9, 14, 0.25],
			"faces": {
				"north": {"uv": [8, 4, 9, 2], "rotation": 180, "texture": "#line","tintindex":0},
				"east": {"uv": [8, 2, 9, 4], "texture": "#line","tintindex":0},
				"south": {"uv": [8, 2, 9, 4], "texture": "#line","tintindex":0},
				"west": {"uv": [8, 2, 9, 4], "texture": "#line","tintindex":0},
				"up": {"uv": [9, 2, 8, 3], "rotation": 180, "texture": "#line","tintindex":0},
				"down": {"uv": [8, 3, 9, 4], "texture": "#line","tintindex":0}
			}
		},
		{
			"from": [7, 11, 0],
			"to": [8, 13, 0.25],
			"faces": {
				"north": {"uv": [7, 5, 8, 3], "rotation": 180, "texture": "#line","tintindex":0},
				"east": {"uv": [7, 3, 8, 5], "texture": "#line","tintindex":0},
				"south": {"uv": [7, 3, 8, 5], "texture": "#line","tintindex":0},
				"west": {"uv": [7, 3, 8, 5], "texture": "#line","tintindex":0},
				"up": {"uv": [8, 3, 7, 4], "rotation": 180, "texture": "#line","tintindex":0},
				"down": {"uv": [7, 4, 8, 5], "texture": "#line","tintindex":0}
			}
		},
		{
			"from": [9, 9, 0],
			"to": [10, 12, 0.25],
			"faces": {
				"north": {"uv": [9, 7, 10, 4], "rotation": 180, "texture": "#line","tintindex":0},
				"east": {"uv": [9, 4, 10, 7], "texture": "#line","tintindex":0},
				"south": {"uv": [9, 4, 10, 7], "texture": "#line","tintindex":0},
				"west": {"uv": [9, 4, 10, 7], "texture": "#line","tintindex":0},
				"up": {"uv": [10, 4, 9, 5], "rotation": 180, "texture": "#line","tintindex":0},
				"down": {"uv": [9, 6, 10, 7], "texture": "#line","tintindex":0}
			}
		},
		{
			"from": [8, 9, 0],
			"to": [9, 10, 0.25],
			"faces": {
				"north": {"uv": [8, 7, 9, 6], "rotation": 180, "texture": "#line","tintindex":0},
				"east": {"uv": [8, 6, 9, 7], "texture": "#line","tintindex":0},
				"south": {"uv": [8, 6, 9, 7], "texture": "#line","tintindex":0},
				"west": {"uv": [8, 6, 9, 7], "texture": "#line","tintindex":0},
				"up": {"uv": [9, 6, 8, 7], "rotation": 180, "texture": "#line","tintindex":0},
				"down": {"uv": [8, 6, 9, 7], "texture": "#line","tintindex":0}
			}
		},
		{
			"from": [7, 8, 0],
			"to": [8, 9, 0.25],
			"faces": {
				"north": {"uv": [7, 8, 8, 7], "rotation": 180, "texture": "#line","tintindex":0},
				"east": {"uv": [7, 7, 8, 8], "texture": "#line","tintindex":0},
				"south": {"uv": [7, 7, 8, 8], "texture": "#line","tintindex":0},
				"west": {"uv": [7, 7, 8, 8], "texture": "#line","tintindex":0},
				"up": {"uv": [8, 7, 7, 8], "rotation": 180, "texture": "#line","tintindex":0},
				"down": {"uv": [7, 7, 8, 8], "texture": "#line","tintindex":0}
			}
		},
		{
			"from": [8, 7, 0],
			"to": [9, 8, 0.25],
			"faces": {
				"north": {"uv": [8, 9, 9, 8], "rotation": 180, "texture": "#line","tintindex":0},
				"east": {"uv": [8, 8, 9, 9], "texture": "#line","tintindex":0},
				"south": {"uv": [8, 8, 9, 9], "texture": "#line","tintindex":0},
				"west": {"uv": [8, 8, 9, 9], "texture": "#line","tintindex":0},
				"up": {"uv": [9, 8, 8, 9], "rotation": 180, "texture": "#line","tintindex":0},
				"down": {"uv": [8, 8, 9, 9], "texture": "#line","tintindex":0}
			}
		},
		{
			"from": [8, 5, 0],
			"to": [9, 6, 0.25],
			"faces": {
				"north": {"uv": [8, 11, 9, 10], "rotation": 180, "texture": "#line","tintindex":0},
				"east": {"uv": [8, 10, 9, 11], "texture": "#line","tintindex":0},
				"south": {"uv": [8, 10, 9, 11], "texture": "#line","tintindex":0},
				"west": {"uv": [8, 10, 9, 11], "texture": "#line","tintindex":0},
				"up": {"uv": [9, 10, 8, 11], "rotation": 180, "texture": "#line","tintindex":0},
				"down": {"uv": [8, 10, 9, 11], "texture": "#line","tintindex":0}
			}
		},
		{
			"from": [6, 4, 0],
			"to": [7, 5, 0.25],
			"faces": {
				"north": {"uv": [6, 12, 7, 11], "rotation": 180, "texture": "#line","tintindex":0},
				"east": {"uv": [6, 11, 7, 12], "texture": "#line","tintindex":0},
				"south": {"uv": [6, 11, 7, 12], "texture": "#line","tintindex":0},
				"west": {"uv": [6, 11, 7, 12], "texture": "#line","tintindex":0},
				"up": {"uv": [7, 11, 6, 12], "rotation": 180, "texture": "#line","tintindex":0},
				"down": {"uv": [6, 11, 7, 12], "texture": "#line","tintindex":0}
			}
		},
		{
			"from": [7, 3, 0],
			"to": [9, 4, 0.25],
			"faces": {
				"north": {"uv": [7, 13, 9, 12], "rotation": 180, "texture": "#line","tintindex":0},
				"east": {"uv": [8, 12, 9, 13], "texture": "#line","tintindex":0},
				"south": {"uv": [7, 12, 9, 13], "texture": "#line","tintindex":0},
				"west": {"uv": [7, 12, 8, 13], "texture": "#line","tintindex":0},
				"up": {"uv": [9, 12, 7, 13], "rotation": 180, "texture": "#line","tintindex":0},
				"down": {"uv": [7, 12, 9, 13], "texture": "#line","tintindex":0}
			}
		},
		{
			"from": [8, 1, 0],
			"to": [9, 3, 0.25],
			"faces": {
				"north": {"uv": [8, 15, 9, 13], "rotation": 180, "texture": "#line","tintindex":0},
				"east": {"uv": [8, 13, 9, 15], "texture": "#line","tintindex":0},
				"south": {"uv": [8, 13, 9, 15], "texture": "#line","tintindex":0},
				"west": {"uv": [8, 13, 9, 15], "texture": "#line","tintindex":0},
				"up": {"uv": [9, 13, 8, 14], "rotation": 180, "texture": "#line","tintindex":0},
				"down": {"uv": [8, 14, 9, 15], "texture": "#line","tintindex":0}
			}
		},
		{
			"from": [7, 0, 0],
			"to": [8, 1, 0.25],
			"faces": {
				"north": {"uv": [7, 16, 8, 15], "rotation": 180, "texture": "#line","tintindex":0},
				"east": {"uv": [7, 15, 8, 16], "texture": "#line","tintindex":0},
				"south": {"uv": [7, 15, 8, 16], "texture": "#line","tintindex":0},
				"west": {"uv": [7, 15, 8, 16], "texture": "#line","tintindex":0},
				"up": {"uv": [8, 15, 7, 16], "rotation": 180, "texture": "#line","tintindex":0},
				"down": {"uv": [7, 15, 8, 16], "texture": "#line","tintindex":0}
			}
		}
	]
}