{
	"credit": "Made with Blockbench",
	"parent": "block/block",
	"textures": {
		"0": "improvedbackpacks:block/sewing_table_bottom",
		"1": "improvedbackpacks:block/sewing_table_side",
		"2": "improvedbackpacks:block/sewing_table_top",
		"particle": "improvedbackpacks:block/sewing_table_bottom"
	},
	"elements": [
		{
			"from": [0, 12, 0],
			"to": [16, 16, 16],
			"faces": {
				"north": {"uv": [0, 0, 16, 4], "texture": "#1"},
				"east": {"uv": [0, 0, 16, 4], "texture": "#1"},
				"south": {"uv": [0, 0, 16, 4], "texture": "#1"},
				"west": {"uv": [0, 0, 16, 4], "texture": "#1"},
				"up": {"uv": [0, 0, 16, 16], "texture": "#2"},
				"down": {"uv": [0, 0, 16, 16], "texture": "#0"}
			}
		},
		{
			"from": [1, 1, 1],
			"to": [15, 12, 15],
			"faces": {
				"north": {"uv": [1, 4, 15, 15], "texture": "#1"},
				"east": {"uv": [1, 4, 15, 15], "texture": "#1"},
				"south": {"uv": [1, 4, 15, 15], "texture": "#1"},
				"west": {"uv": [1, 4, 15, 15], "texture": "#1"},
				"down": {"uv": [1, 1, 15, 15], "texture": "#0"}
			}
		},
		{
			"from": [0, 0, 0],
			"to": [4, 12, 4],
			"faces": {
				"north": {"uv": [12, 4, 16, 16], "texture": "#1"},
				"east": {"uv": [0, 4, 4, 16], "texture": "#1"},
				"south": {"uv": [0, 4, 4, 16], "texture": "#1"},
				"west": {"uv": [0, 4, 4, 16], "texture": "#1"},
				"up": {"uv": [0, 0, 4, 4], "texture": "#0"},
				"down": {"uv": [0, 0, 4, 4], "texture": "#0"}
			}
		},
		{
			"from": [0, 0, 12],
			"to": [4, 12, 16],
			"faces": {
				"north": {"uv": [0, 4, 4, 16], "texture": "#1"},
				"east": {"uv": [0, 4, 4, 16], "texture": "#1"},
				"south": {"uv": [0, 4, 4, 16], "texture": "#1"},
				"west": {"uv": [12, 4, 16, 16], "texture": "#1"},
				"up": {"uv": [0, 0, 4, 4], "texture": "#0"},
				"down": {"uv": [0, 0, 4, 4], "texture": "#0"}
			}
		},
		{
			"from": [12, 0, 0],
			"to": [16, 12, 4],
			"faces": {
				"north": {"uv": [0, 4, 4, 16], "texture": "#1"},
				"east": {"uv": [12, 4, 16, 16], "texture": "#1"},
				"south": {"uv": [0, 4, 4, 16], "texture": "#1"},
				"west": {"uv": [0, 4, 4, 16], "texture": "#1"},
				"up": {"uv": [0, 0, 4, 4], "texture": "#0"},
				"down": {"uv": [0, 0, 4, 4], "texture": "#0"}
			}
		},
		{
			"from": [12, 0, 12],
			"to": [16, 12, 16],
			"faces": {
				"north": {"uv": [0, 4, 4, 16], "texture": "#1"},
				"east": {"uv": [0, 4, 4, 16], "texture": "#1"},
				"south": {"uv": [12, 4, 16, 16], "texture": "#1"},
				"west": {"uv": [0, 4, 4, 16], "texture": "#1"},
				"up": {"uv": [0, 0, 4, 4], "texture": "#0"},
				"down": {"uv": [0, 0, 4, 4], "texture": "#0"}
			}
		},
		{
			"from": [12, 16, 12],
			"to": [13, 23.5, 13],
			"rotation": {"angle": 0, "axis": "y", "origin": [20, 24, 20]},
			"faces": {
				"north": {"uv": [1, 6, 2, 13], "texture": "#1"},
				"east": {"uv": [1, 6, 2, 13], "texture": "#1"},
				"south": {"uv": [2, 6, 3, 13], "texture": "#1"},
				"west": {"uv": [1, 6, 2, 13], "texture": "#1"},
				"up": {"uv": [1, 1, 2, 2], "texture": "#1"}
			}
		}
	]
}