{
	"credit": "Made with Blockbench",
	"parent": "block/block",
	"textures": {
		"0": "improvedbackpacks:block/sewing_table_bottom",
		"1": "improvedbackpacks:block/sewing_table_side",
		"2": "improvedbackpacks:block/sewing_table_top",
		"3": "improvedbackpacks:block/sewing_table_spool",
		"particle": "improvedbackpacks:block/sewing_table_bottom"
	},
	"elements": [
		{
			"from": [0, 12, 0],
			"to": [16, 16, 16],
			"faces": {
				"north": {"uv": [0, 0, 16, 4], "texture": "#1"},
				"east": {"uv": [0, 0, 16, 4], "texture": "#1"},
				"south": {"uv": [0, 0, 16, 4], "texture": "#1"},
				"west": {"uv": [0, 0, 16, 4], "texture": "#1"},
				"up": {"uv": [0, 0, 16, 16], "texture": "#2"},
				"down": {"uv": [0, 0, 16, 16], "texture": "#0"}
			}
		},
		{
			"from": [1, 1, 1],
			"to": [15, 12, 15],
			"faces": {
				"north": {"uv": [1, 4, 15, 15], "texture": "#1"},
				"east": {"uv": [1, 4, 15, 15], "texture": "#1"},
				"south": {"uv": [1, 4, 15, 15], "texture": "#1"},
				"west": {"uv": [1, 4, 15, 15], "texture": "#1"},
				"down": {"uv": [1, 1, 15, 15], "texture": "#0"}
			}
		},
		{
			"from": [0, 0, 0],
			"to": [4, 12, 4],
			"faces": {
				"north": {"uv": [12, 4, 16, 16], "texture": "#1"},
				"east": {"uv": [0, 4, 4, 16], "texture": "#1"},
				"south": {"uv": [0, 4, 4, 16], "texture": "#1"},
				"west": {"uv": [0, 4, 4, 16], "texture": "#1"},
				"up": {"uv": [0, 0, 4, 4], "texture": "#0"},
				"down": {"uv": [0, 0, 4, 4], "texture": "#0"}
			}
		},
		{
			"from": [0, 0, 12],
			"to": [4, 12, 16],
			"faces": {
				"north": {"uv": [0, 4, 4, 16], "texture": "#1"},
				"east": {"uv": [0, 4, 4, 16], "texture": "#1"},
				"south": {"uv": [0, 4, 4, 16], "texture": "#1"},
				"west": {"uv": [12, 4, 16, 16], "texture": "#1"},
				"up": {"uv": [0, 0, 4, 4], "texture": "#0"},
				"down": {"uv": [0, 0, 4, 4], "texture": "#0"}
			}
		},
		{
			"from": [12, 0, 0],
			"to": [16, 12, 4],
			"faces": {
				"north": {"uv": [0, 4, 4, 16], "texture": "#1"},
				"east": {"uv": [12, 4, 16, 16], "texture": "#1"},
				"south": {"uv": [0, 4, 4, 16], "texture": "#1"},
				"west": {"uv": [0, 5, 4, 16], "texture": "#1"},
				"up": {"uv": [0, 0, 4, 4], "texture": "#0"},
				"down": {"uv": [0, 0, 4, 4], "texture": "#0"}
			}
		},
		{
			"from": [12, 0, 12],
			"to": [16, 12, 16],
			"faces": {
				"north": {"uv": [0, 4, 4, 16], "texture": "#1"},
				"east": {"uv": [0, 4, 4, 16], "texture": "#1"},
				"south": {"uv": [12, 4, 16, 16], "texture": "#1"},
				"west": {"uv": [0, 4, 4, 16], "texture": "#1"},
				"up": {"uv": [0, 0, 4, 4], "texture": "#0"},
				"down": {"uv": [0, 0, 4, 4], "texture": "#0"}
			}
		},
		{
			"from": [11, 17, 11],
			"to": [14, 22, 14],
			"rotation": {"angle": 0, "axis": "y", "origin": [20, 25, 19]},
			"faces": {
				"north": {"uv": [4, 9, 7, 14], "texture": "#3"},
				"east": {"uv": [4, 11, 7, 16], "texture": "#3"},
				"south": {"uv": [4, 11, 7, 16], "texture": "#3"},
				"west": {"uv": [4, 10, 7, 15], "texture": "#3"}
			}
		},
		{
			"from": [10.5, 16, 10.5],
			"to": [14.5, 17, 14.5],
			"rotation": {"angle": 0, "axis": "y", "origin": [21.5, 24, 18.5]},
			"faces": {
				"north": {"uv": [4, 0, 8, 1], "texture": "#3"},
				"east": {"uv": [0, 0, 4, 1], "texture": "#3"},
				"south": {"uv": [7, 0, 11, 1], "texture": "#3"},
				"west": {"uv": [7, 0, 11, 1], "texture": "#3"},
				"up": {"uv": [0, 0, 4, 4], "texture": "#3"}
			}
		},
		{
			"from": [10.5, 22, 10.5],
			"to": [14.5, 23, 14.5],
			"rotation": {"angle": 0, "axis": "y", "origin": [21.5, 30, 18.5]},
			"faces": {
				"north": {"uv": [4, 0, 8, 1], "texture": "#3"},
				"east": {"uv": [0, 0, 4, 1], "texture": "#3"},
				"south": {"uv": [7, 0, 11, 1], "texture": "#3"},
				"west": {"uv": [7, 0, 11, 1], "texture": "#3"},
				"up": {"uv": [0, 0, 4, 4], "texture": "#3"},
				"down": {"uv": [0, 0, 4, 4], "texture": "#3"}
			}
		}
	]
}