{
    "providers": [
       {
         "type": "bitmap",
         "file": "icons:food.png",
         "ascent": 7,
         "height": 9,
         "chars": [
            "󰀀󰀁󰀂󰀃󰀅"
            ]
        },
       {
         "type": "bitmap",
         "file": "icons:main_menu.png",
         "ascent": 8,
         "height": 9,
         "chars": [
            "󰀆󰀄"
            ]
        },
       {
         "type": "bitmap",
         "file": "icons:hearts.png",
         "ascent": 8,
         "height": 9,
         "chars": [
            "󰀇󰀈󰀉󰀊󰀋󰀌󰀍󰀎󰀏"
            ]
        },
        {
         "type": "ttf",
         "file": "minecraft:negative_spaces.ttf",
         "shift": [0.0, 0.0],
         "size": 10.0,
         "oversample": 1.0
        }
    ]
}