{ "variants": {
    "": [
      { "model": "block/plants/dandelion/0" },
      { "model": "block/plants/dandelion/1" },
      { "model": "block/plants/dandelion/2" },
      { "model": "block/plants/dandelion/3" },
      { "model": "block/plants/dandelion/4" },
      { "model": "block/plants/dandelion/5" },
      { "model": "block/plants/dandelion/6" },
      { "model": "block/plants/dandelion/7" },
      { "model": "block/plants/dandelion/8" },
      { "model": "block/plants/dandelion/9" },
      { "model": "block/plants/dandelion/10" },
      { "model": "block/plants/dandelion/11" }
    ]
  }
}