{
  "variants": {
    "eye=false,facing=east": {
      "model": "minecraft:block/end_portal_frame"
    },
    "eye=false,facing=north": {
      "model": "minecraft:block/end_portal_frame"
    },
    "eye=false,facing=south": {
      "model": "minecraft:block/end_portal_frame"
    },
    "eye=false,facing=west": {
      "model": "minecraft:block/end_portal_frame"
    },
    "eye=true,facing=east": {
      "model": "minecraft:block/end_portal_frame_filled"
    },
    "eye=true,facing=north": {
      "model": "minecraft:block/end_portal_frame_filled"
    },
    "eye=true,facing=south": {
      "model": "minecraft:block/end_portal_frame_filled"
    },
    "eye=true,facing=west": {
      "model": "minecraft:block/end_portal_frame_filled"
    }
  }
}