{ "variants": {
    "": [
      { "model": "block/gravel/0", "weight": 300, "y": 90  },
      { "model": "block/gravel/0", "weight": 300, "y": 180 },
      { "model": "block/gravel/0", "weight": 300, "y": 270 },
      { "model": "block/gravel/1", "weight": 300, "y": 90  },
      { "model": "block/gravel/1", "weight": 300, "y": 180 },
      { "model": "block/gravel/1", "weight": 300, "y": 270 },
      { "model": "block/gravel/2", "weight": 300, "y": 90  },
      { "model": "block/gravel/2", "weight": 300, "y": 180 },
      { "model": "block/gravel/2", "weight": 300, "y": 270 },
      { "model": "block/gravel/3", "weight": 300, "y": 90  },
      { "model": "block/gravel/3", "weight": 300, "y": 180 },
      { "model": "block/gravel/3", "weight": 300, "y": 270 },
      { "model": "block/gravel/4", "weight": 300, "y": 90  },
      { "model": "block/gravel/4", "weight": 300, "y": 180 },
      { "model": "block/gravel/4", "weight": 300, "y": 270 },
      { "model": "block/gravel/5", "weight": 5, "y": 90  },
      { "model": "block/gravel/5", "weight": 5, "y": 180 },
      { "model": "block/gravel/5", "weight": 5, "y": 270 },
      { "model": "block/gravel/6", "weight": 5, "y": 90  },
      { "model": "block/gravel/6", "weight": 5, "y": 180 },
      { "model": "block/gravel/6", "weight": 5, "y": 270 },
      { "model": "block/gravel/7", "weight": 5, "y": 90  },
      { "model": "block/gravel/7", "weight": 5, "y": 180 },
      { "model": "block/gravel/7", "weight": 5, "y": 270 },
      { "model": "block/gravel/8", "weight": 5, "y": 90  },
      { "model": "block/gravel/8", "weight": 5, "y": 180 },
      { "model": "block/gravel/8", "weight": 5, "y": 270 },
      { "model": "block/gravel/9", "weight": 5, "y": 90  },
      { "model": "block/gravel/9", "weight": 5, "y": 180 },
      { "model": "block/gravel/9", "weight": 5, "y": 270 },
      { "model": "block/gravel/10", "weight": 5, "y": 90  },
      { "model": "block/gravel/10", "weight": 5, "y": 180 },
      { "model": "block/gravel/10", "weight": 5, "y": 270 },
      { "model": "block/gravel/11", "weight": 5, "y": 90  },
      { "model": "block/gravel/11", "weight": 5, "y": 180 },
      { "model": "block/gravel/11", "weight": 5, "y": 270 },
      { "model": "block/gravel/12", "weight": 5, "y": 90  },
      { "model": "block/gravel/12", "weight": 5, "y": 180 },
      { "model": "block/gravel/12", "weight": 5, "y": 270 },
      { "model": "block/gravel/13", "weight": 5, "y": 90  },
      { "model": "block/gravel/13", "weight": 5, "y": 180 },
      { "model": "block/gravel/13", "weight": 5, "y": 270 },
      { "model": "block/gravel/14", "weight": 5, "y": 90  },
      { "model": "block/gravel/14", "weight": 5, "y": 180 },
      { "model": "block/gravel/14", "weight": 5, "y": 270 },
      { "model": "block/gravel/15", "weight": 5, "y": 90  },
      { "model": "block/gravel/15", "weight": 5, "y": 180 },
      { "model": "block/gravel/15", "weight": 5, "y": 270 },
      { "model": "block/gravel/16", "weight": 5, "y": 90  },
      { "model": "block/gravel/16", "weight": 5, "y": 180 },
      { "model": "block/gravel/16", "weight": 5, "y": 270 },
      { "model": "block/gravel/17", "weight": 5, "y": 90  },
      { "model": "block/gravel/17", "weight": 5, "y": 180 },
      { "model": "block/gravel/17", "weight": 5, "y": 270 },
      { "model": "block/gravel/18", "weight": 5, "y": 90  },
      { "model": "block/gravel/18", "weight": 5, "y": 180 },
      { "model": "block/gravel/18", "weight": 5, "y": 270 },
      { "model": "block/gravel/19", "weight": 5, "y": 90  },
      { "model": "block/gravel/19", "weight": 5, "y": 180 },
      { "model": "block/gravel/19", "weight": 5, "y": 270 },
      { "model": "block/gravel/20", "weight": 5, "y": 90  },
      { "model": "block/gravel/20", "weight": 5, "y": 180 },
      { "model": "block/gravel/20", "weight": 5, "y": 270 },
      { "model": "block/gravel/21", "weight": 5, "y": 90  },
      { "model": "block/gravel/21", "weight": 5, "y": 180 },
      { "model": "block/gravel/21", "weight": 5, "y": 270 },
      { "model": "block/gravel/22", "weight": 5, "y": 90  },
      { "model": "block/gravel/22", "weight": 5, "y": 180 },
      { "model": "block/gravel/22", "weight": 5, "y": 270 },
      { "model": "block/gravel/23", "weight": 5, "y": 90  },
      { "model": "block/gravel/23", "weight": 5, "y": 180 },
      { "model": "block/gravel/23", "weight": 5, "y": 270 },
      { "model": "block/gravel/24", "weight": 5, "y": 90  },
      { "model": "block/gravel/24", "weight": 5, "y": 180 },
      { "model": "block/gravel/24", "weight": 5, "y": 270 },
      { "model": "block/gravel/25", "weight": 5, "y": 90  },
      { "model": "block/gravel/25", "weight": 5, "y": 180 },
      { "model": "block/gravel/25", "weight": 5, "y": 270 }
    ]
  }
}