{
    "variants": {
        "bottom=true,distance=1": { "model": "block/scaffolding/unstable/scaffolding_unstable_1" },
        "bottom=true,distance=2": { "model": "block/scaffolding/unstable/scaffolding_unstable_2" },
        "bottom=true,distance=3": { "model": "block/scaffolding/unstable/scaffolding_unstable_3" },
        "bottom=true,distance=4": { "model": "block/scaffolding/unstable/scaffolding_unstable_4" },
        "bottom=true,distance=5": { "model": "block/scaffolding/unstable/scaffolding_unstable_5" },
        "bottom=true,distance=6": { "model": "block/scaffolding/unstable/scaffolding_unstable_6" },
        "bottom=false": { "model": "block/scaffolding/stable/0" }
    }
}
