{
    "variants": {
		"layers=1":  [
			{ "model": "block/snow/snow_layer_1" },
			{ "model": "block/snow/snow_layer_1", "y": 90 },
			{ "model": "block/snow/snow_layer_1", "y": 180 },
			{ "model": "block/snow/snow_layer_1", "y": 270 }
		],
        "layers=2":  [
        	{ "model": "block/snow/snow_layer_2" },
        	{ "model": "block/snow/snow_layer_2", "y": 90 },
        	{ "model": "block/snow/snow_layer_2", "y": 180 },
        	{ "model": "block/snow/snow_layer_2", "y": 270 }
        ],
        "layers=3":  [
        	{ "model": "block/snow/snow_layer_3" },
        	{ "model": "block/snow/snow_layer_3", "y": 90 },
        	{ "model": "block/snow/snow_layer_3", "y": 180 },
        	{ "model": "block/snow/snow_layer_3", "y": 270 }
        ],
        "layers=4":  [
        	{ "model": "block/snow/snow_layer_4" },
        	{ "model": "block/snow/snow_layer_4", "y": 90 },
        	{ "model": "block/snow/snow_layer_4", "y": 180 },
        	{ "model": "block/snow/snow_layer_4", "y": 270 }
        ],
        "layers=5":  [
        	{ "model": "block/snow/snow_layer_5" },
        	{ "model": "block/snow/snow_layer_5", "y": 90 },
        	{ "model": "block/snow/snow_layer_5", "y": 180 },
        	{ "model": "block/snow/snow_layer_5", "y": 270 }
        ],
        "layers=6":  [
        	{ "model": "block/snow/snow_layer_6" },
        	{ "model": "block/snow/snow_layer_6", "y": 90 },
        	{ "model": "block/snow/snow_layer_6", "y": 180 },
        	{ "model": "block/snow/snow_layer_6", "y": 270 }
        ],
        "layers=7":  [
        	{ "model": "block/snow/snow_layer_7" },
        	{ "model": "block/snow/snow_layer_7", "y": 90 },
        	{ "model": "block/snow/snow_layer_7", "y": 180 },
        	{ "model": "block/snow/snow_layer_7", "y": 270 }
        ],
        "layers=8":  [
        	{ "model": "block/snow/snow_layer_8" },
        	{ "model": "block/snow/snow_layer_8", "y": 90 },
        	{ "model": "block/snow/snow_layer_8", "y": 180 },
        	{ "model": "block/snow/snow_layer_8", "y": 270 }
        ]
    }
}
