{
	"credit": "Made By WantedRobot",
	"textures": {
		"particle": "block/brown_mushroom_block",
		"brown_mushroom": "block/brown_mushroom_block"
	},
	"elements": [
		{
			"from": [16, -2, 0],
			"to": [20, 8, 16],
			"faces": {
				"north": {"uv": [6, 6, 10, 16], "texture": "#brown_mushroom"},
				"east": {"uv": [0, 6, 16, 16], "texture": "#brown_mushroom"},
				"south": {"uv": [8, 6, 12, 16], "texture": "#brown_mushroom"},
				"west": {"uv": [0, 8, 16, 16], "texture": "#brown_mushroom"},
				"up": {"uv": [8, 0, 12, 16], "texture": "#brown_mushroom"},
				"down": {"uv": [8, 0, 12, 16], "texture": "#brown_mushroom"}
			}
		},
		{
			"from": [0, 16, 0],
			"to": [8, 20, 16],
			"faces": {
				"north": {"uv": [6, 2, 14, 6], "texture": "#brown_mushroom"},
				"east": {"uv": [0, 6, 16, 10], "texture": "#brown_mushroom"},
				"south": {"uv": [0, 6, 8, 10], "texture": "#brown_mushroom"},
				"up": {"uv": [0, 0, 8, 16], "texture": "#brown_mushroom"}
			}
		}
	]
}