{
	"credit": "Made By WantedRobot",
	"textures": {
		"particle": "block/brown_mushroom_block",
		"brown_mushroom": "block/brown_mushroom_block"
	},
	"elements": [
		{
			"from": [16, -6, 0],
			"to": [20, 8, 15.999],
			"rotation": {"angle": 0, "axis": "y", "origin": [8, 8, 8]},
			"faces": {
				"north": {"uv": [6, 2, 10, 16], "texture": "#brown_mushroom"},
				"east": {"uv": [0, 2, 16, 16], "texture": "#brown_mushroom"},
				"south": {"uv": [7.5, 2, 11.5, 16], "texture": "#brown_mushroom"},
				"west": {"uv": [0, 2, 16, 16], "texture": "#brown_mushroom"},
				"up": {"uv": [8, 0, 12, 16], "texture": "#brown_mushroom"},
				"down": {"uv": [8, 0, 12, 16], "texture": "#brown_mushroom"}
			}
		},
		{
			"from": [0, 16, 0],
			"to": [8, 20, 8],
			"faces": {
				"east": {"uv": [8, 6, 16, 10], "texture": "#brown_mushroom"},
				"south": {"uv": [0, 6, 8, 10], "texture": "#brown_mushroom"},
				"up": {"uv": [0, 0, 8, 8], "texture": "#brown_mushroom"}
			}
		},
		{
			"from": [0, -6, 16],
			"to": [15.999, 8, 20],
			"faces": {
				"north": {"uv": [0, 2, 16, 16], "texture": "#brown_mushroom"},
				"east": {"uv": [6, 2, 10, 16], "texture": "#brown_mushroom"},
				"south": {"uv": [0, 2, 16, 16], "texture": "#brown_mushroom"},
				"west": {"uv": [8, 2, 12, 16], "texture": "#brown_mushroom"},
				"up": {"uv": [0, 8, 16, 12], "texture": "#brown_mushroom"},
				"down": {"uv": [0, 6, 16, 10], "texture": "#brown_mushroom"}
			}
		}
	]
}