{
	"parent": "strawberry",
	"texture_size": [32, 32],
	"textures": {
		"0": "block/custom/stems_1",
		"1": "block/custom/stems_2",
		"2": "block/custom/stems_3",
		"5": "block/custom/leaf",
		"6": "block/custom/leaf2"
	},
	"elements": [
		{
			"from": [3.2432, 6.01539, 2.37276],
			"to": [5.76255, 8.41346, 2.37276],
			"rotation": {"angle": 0, "axis": "y", "origin": [4.55938, 7.15369, 3.0309]},
			"faces": {
				"north": {"uv": [7.875, 5.75, 15.125, 13.25], "rotation": 180, "texture": "#6"},
				"east": {"uv": [0, 0, 0, 12.75], "rotation": 180, "texture": "#6"},
				"south": {"uv": [7.875, 5.75, 15.125, 13.25], "rotation": 180, "texture": "#6"},
				"west": {"uv": [0, 0, 0, 12.75], "rotation": 180, "texture": "#6"},
				"up": {"uv": [7.25, 0, 0, 0], "texture": "#6"},
				"down": {"uv": [7.25, 0, 0, 0], "texture": "#6"}
			}
		},
		{
			"from": [4.14761, 6.69704, 2.30859],
			"to": [5.05371, 7.62979, 2.73499],
			"rotation": {"angle": 0, "axis": "y", "origin": [4.59188, 7.15369, 2.9809]},
			"faces": {
				"north": {"uv": [0, 0, 0.85, 0.875], "rotation": 180, "texture": "#6"},
				"east": {"uv": [1.625, 10.875, 4.5, 13.65], "rotation": 90, "texture": "#6"},
				"south": {"uv": [1.625, 10.875, 4.475, 13.625], "texture": "#6"},
				"west": {"uv": [1.625, 10.875, 4.5, 13.65], "rotation": 270, "texture": "#6"},
				"up": {"uv": [1.625, 10.875, 4.475, 13.65], "texture": "#6"},
				"down": {"uv": [1.625, 10.875, 4.475, 13.65], "rotation": 180, "texture": "#6"}
			}
		},
		{
			"from": [4.24511, 6.85954, 2.63359],
			"to": [4.82621, 7.46729, 2.86499],
			"rotation": {"angle": 0, "axis": "y", "origin": [4.55938, 7.15369, 2.9484]},
			"faces": {
				"north": {"uv": [0, 0, 0.85, 0.875], "rotation": 180, "texture": "#6"},
				"east": {"uv": [1.625, 10.875, 4.5, 13.65], "rotation": 90, "texture": "#6"},
				"south": {"uv": [1.625, 10.875, 4.475, 13.625], "texture": "#6"},
				"west": {"uv": [1.625, 10.875, 4.5, 13.65], "rotation": 270, "texture": "#6"},
				"up": {"uv": [1.625, 10.875, 4.475, 13.65], "texture": "#6"},
				"down": {"uv": [1.625, 10.875, 4.475, 13.65], "rotation": 180, "texture": "#6"}
			}
		},
		{
			"from": [7.2318, 2.95542, 6.5323],
			"to": [14.95167, 2.95542, 12.64178],
			"rotation": {"angle": 22.5, "axis": "x", "origin": [13.43478, 2.8587, 26.22288]},
			"faces": {
				"north": {"uv": [7.25, 0, 0, 0], "rotation": 180, "texture": "#6"},
				"east": {"uv": [0, 0, 0, 12.75], "rotation": 90, "texture": "#6"},
				"south": {"uv": [7.25, 0, 0, 0], "texture": "#6"},
				"west": {"uv": [0, 0, 0, 12.75], "rotation": 270, "texture": "#6"},
				"up": {"uv": [0, 0, 6.375, 5.25], "texture": "#6"},
				"down": {"uv": [0, 0, 6.375, 5.25], "rotation": 180, "texture": "#6"}
			}
		},
		{
			"from": [14.57644, 2.64348, 4.75749],
			"to": [14.57644, 8.75297, 12.47736],
			"rotation": {"angle": 45, "axis": "z", "origin": [14.76468, 2.4557, 8.69238]},
			"faces": {
				"north": {"uv": [0, 0, 0, 12.75], "texture": "#6"},
				"east": {"uv": [5.875, 0, 12.25, 5.25], "texture": "#6"},
				"south": {"uv": [0, 0, 0, 12.75], "texture": "#6"},
				"west": {"uv": [5.875, 0, 12.25, 5.25], "texture": "#6"},
				"up": {"uv": [7.25, 0, 0, 0], "rotation": 270, "texture": "#6"},
				"down": {"uv": [7.25, 0, 0, 0], "rotation": 90, "texture": "#6"}
			}
		},
		{
			"from": [3.64246, 10.84746, 4.9074],
			"to": [8.77695, 10.84746, 10.96977],
			"rotation": {"angle": -22.5, "axis": "y", "origin": [3.45468, 11.0357, 7.03488]},
			"faces": {
				"north": {"uv": [0, 0, 0, 12.75], "rotation": 270, "texture": "#6"},
				"east": {"uv": [7.25, 0, 0, 0], "rotation": 180, "texture": "#6"},
				"south": {"uv": [0, 0, 0, 12.75], "rotation": 90, "texture": "#6"},
				"west": {"uv": [7.25, 0, 0, 0], "texture": "#6"},
				"up": {"uv": [0, 0, 6.375, 5.25], "rotation": 90, "texture": "#6"},
				"down": {"uv": [0, 0, 6.375, 5.25], "rotation": 90, "texture": "#6"}
			}
		},
		{
			"from": [3.5242, 5.98839, 15.03274],
			"to": [11.24407, 12.09787, 15.03274],
			"rotation": {"angle": -45, "axis": "x", "origin": [7.30918, 5.8006, 15.22098]},
			"faces": {
				"north": {"uv": [5.875, 0, 12.25, 5.25], "texture": "#6"},
				"east": {"uv": [0, 0, 0, 12.75], "texture": "#6"},
				"south": {"uv": [5.875, 0, 12.25, 5.25], "texture": "#6"},
				"west": {"uv": [0, 0, 0, 12.75], "texture": "#6"},
				"up": {"uv": [7.25, 0, 0, 0], "texture": "#6"},
				"down": {"uv": [7.25, 0, 0, 0], "texture": "#6"}
			}
		},
		{
			"from": [17.76014, 7.47948, 10.88309],
			"to": [17.76014, 13.58897, 18.60296],
			"rotation": {"angle": 45, "axis": "z", "origin": [17.94838, 7.2917, 14.81798]},
			"faces": {
				"north": {"uv": [0, 0, 0, 12.75], "texture": "#6"},
				"east": {"uv": [0.5, 4.75, 6.875, 10], "texture": "#6"},
				"south": {"uv": [0, 0, 0, 12.75], "texture": "#6"},
				"west": {"uv": [0.5, 4.75, 6.875, 10], "texture": "#6"},
				"up": {"uv": [7.25, 0, 0, 0], "rotation": 270, "texture": "#6"},
				"down": {"uv": [7.25, 0, 0, 0], "rotation": 90, "texture": "#6"}
			}
		},
		{
			"from": [14.33412, 0.65449, 11.6505],
			"to": [14.33412, 6.76396, 19.37037],
			"rotation": {"angle": -22.5, "axis": "y", "origin": [17.94838, 7.2917, 14.81798]},
			"faces": {
				"north": {"uv": [0, 0, 0, 12.75], "texture": "#6"},
				"east": {"uv": [0.5, 4.75, 6.875, 10], "texture": "#6"},
				"south": {"uv": [0, 0, 0, 12.75], "texture": "#6"},
				"west": {"uv": [0.5, 4.75, 6.875, 10], "texture": "#6"},
				"up": {"uv": [7.25, 0, 0, 0], "rotation": 90, "texture": "#6"},
				"down": {"uv": [7.25, 0, 0, 0], "rotation": 270, "texture": "#6"}
			}
		},
		{
			"from": [19.70546, -1.8161, 0.7968],
			"to": [19.70546, 17.39088, 11.53917],
			"rotation": {"angle": 22.5, "axis": "z", "origin": [19.80218, -3.0654, 6.59678]},
			"faces": {
				"north": {"uv": [0, 0, 0, 8.875], "texture": "#5"},
				"east": {"uv": [1.75, 0, 11.5, 16], "texture": "#5"},
				"south": {"uv": [0, 0, 0, 8.875], "texture": "#5"},
				"west": {"uv": [11.5, 0, 1.75, 15.875], "texture": "#5"},
				"up": {"uv": [8, 0, 0, 0], "rotation": 90, "texture": "#5"},
				"down": {"uv": [8, 0, 0, 0], "rotation": 270, "texture": "#5"}
			}
		},
		{
			"from": [7.4047, 7.1539, 3.151],
			"to": [18.14707, 15.99338, 3.151],
			"rotation": {"angle": 45, "axis": "x", "origin": [13.20468, 7.2371, 3.05428]},
			"faces": {
				"north": {"uv": [11.5, 0, 1.75, 7.375], "texture": "#5"},
				"east": {"uv": [0, 0, 0, 8.875], "texture": "#5"},
				"south": {"uv": [1.75, 0, 11.5, 7.375], "texture": "#5"},
				"west": {"uv": [0, 0, 0, 8.875], "texture": "#5"},
				"up": {"uv": [8, 0, 0, 0], "texture": "#5"},
				"down": {"uv": [8, 0, 0, 0], "texture": "#5"}
			}
		},
		{
			"from": [7.4047, -3.2136, 3.151],
			"to": [18.14707, 7.15338, 3.151],
			"rotation": {"angle": 22.5, "axis": "x", "origin": [13.20468, 7.2371, 3.05428]},
			"faces": {
				"north": {"uv": [11.5, 7.375, 1.75, 16], "texture": "#5"},
				"east": {"uv": [0, 0, 0, 8.875], "texture": "#5"},
				"south": {"uv": [1.75, 7.375, 11.5, 15.875], "texture": "#5"},
				"west": {"uv": [0, 0, 0, 8.875], "texture": "#5"},
				"up": {"uv": [8, 0, 0, 0], "texture": "#5"},
				"down": {"uv": [8, 0, 0, 0], "texture": "#5"}
			}
		},
		{
			"from": [4.26479, 9.8839, 13.71506],
			"to": [15.00716, 18.72338, 13.71506],
			"rotation": {"angle": -45, "axis": "x", "origin": [9.20718, 9.9671, 13.81178]},
			"faces": {
				"north": {"uv": [1.75, 0, 11.5, 7.375], "texture": "#5"},
				"east": {"uv": [0, 0, 0, 8.875], "texture": "#5"},
				"south": {"uv": [11.5, 0, 1.75, 7.375], "texture": "#5"},
				"west": {"uv": [0, 0, 0, 8.875], "texture": "#5"},
				"up": {"uv": [8, 0, 0, 0], "rotation": 180, "texture": "#5"},
				"down": {"uv": [8, 0, 0, 0], "rotation": 180, "texture": "#5"}
			}
		},
		{
			"from": [4.26479, -0.4836, 13.71506],
			"to": [15.00716, 9.88338, 13.71506],
			"rotation": {"angle": -22.5, "axis": "x", "origin": [9.20718, 9.9671, 13.81178]},
			"faces": {
				"north": {"uv": [1.75, 7.375, 11.5, 15.875], "texture": "#5"},
				"east": {"uv": [0, 0, 0, 8.875], "texture": "#5"},
				"south": {"uv": [11.5, 7.375, 1.75, 16], "texture": "#5"},
				"west": {"uv": [0, 0, 0, 8.875], "texture": "#5"},
				"up": {"uv": [8, 0, 0, 0], "rotation": 180, "texture": "#5"},
				"down": {"uv": [8, 0, 0, 0], "rotation": 180, "texture": "#5"}
			}
		},
		{
			"from": [1.2439, 8.4214, -2.34311],
			"to": [1.2439, 17.26088, 8.39926],
			"rotation": {"angle": -45, "axis": "z", "origin": [1.14718, 8.5046, 2.59928]},
			"faces": {
				"north": {"uv": [0, 0, 0, 8.875], "texture": "#5"},
				"east": {"uv": [1.75, 0, 11.5, 7.375], "texture": "#5"},
				"south": {"uv": [0, 0, 0, 8.875], "texture": "#5"},
				"west": {"uv": [11.5, 0, 1.75, 7.375], "texture": "#5"},
				"up": {"uv": [8, 0, 0, 0], "rotation": 270, "texture": "#5"},
				"down": {"uv": [8, 0, 0, 0], "rotation": 90, "texture": "#5"}
			}
		},
		{
			"from": [1.2439, -1.9461, -2.34311],
			"to": [1.2439, 8.42088, 8.39926],
			"rotation": {"angle": -22.5, "axis": "z", "origin": [1.14718, 8.5046, 2.59928]},
			"faces": {
				"north": {"uv": [0, 0, 0, 8.875], "texture": "#5"},
				"east": {"uv": [1.75, 7.375, 11.5, 15.875], "texture": "#5"},
				"south": {"uv": [0, 0, 0, 8.875], "texture": "#5"},
				"west": {"uv": [11.5, 7.375, 1.75, 16], "texture": "#5"},
				"up": {"uv": [8, 0, 0, 0], "rotation": 270, "texture": "#5"},
				"down": {"uv": [8, 0, 0, 0], "rotation": 90, "texture": "#5"}
			}
		},
		{
			"from": [5.3377, 3.6647, 2.1799],
			"to": [12.85607, 12.55488, 2.1799],
			"rotation": {"angle": 45, "axis": "x", "origin": [9.32418, 3.705, 2.08318]},
			"faces": {
				"north": {"uv": [2, 8.75, 8, 16], "texture": "#5"},
				"east": {"uv": [0, 0, 0, 8.875], "texture": "#5"},
				"south": {"uv": [8, 8.75, 2, 15.875], "texture": "#5"},
				"west": {"uv": [0, 0, 0, 8.875], "texture": "#5"},
				"up": {"uv": [8, 0, 0, 0], "texture": "#5"},
				"down": {"uv": [8, 0, 0, 0], "texture": "#5"}
			}
		},
		{
			"from": [-0.9894, -0.0026, -0.4799],
			"to": [9.75297, 19.20438, -0.4799],
			"rotation": {"angle": 22.5, "axis": "x", "origin": [4.81058, -1.2519, -0.57662]},
			"faces": {
				"north": {"uv": [1.75, 0, 11.5, 16], "texture": "#5"},
				"east": {"uv": [0, 0, 0, 8.875], "texture": "#5"},
				"south": {"uv": [11.5, 0, 1.75, 15.875], "texture": "#5"},
				"west": {"uv": [0, 0, 0, 8.875], "texture": "#5"},
				"up": {"uv": [8, 0, 0, 0], "texture": "#5"},
				"down": {"uv": [8, 0, 0, 0], "texture": "#5"}
			}
		},
		{
			"from": [-1.2183, -0.5668, 6.08739],
			"to": [-1.2183, 18.64018, 16.82976],
			"rotation": {"angle": -22.5, "axis": "z", "origin": [-1.31502, -1.8161, 11.02978]},
			"faces": {
				"north": {"uv": [0, 0, 0, 8.875], "texture": "#5"},
				"east": {"uv": [11.5, 0, 1.75, 15.875], "texture": "#5"},
				"south": {"uv": [0, 0, 0, 8.875], "texture": "#5"},
				"west": {"uv": [1.75, 0, 11.5, 16], "texture": "#5"},
				"up": {"uv": [8, 0, 0, 0], "rotation": 270, "texture": "#5"},
				"down": {"uv": [8, 0, 0, 0], "rotation": 90, "texture": "#5"}
			}
		},
		{
			"from": [-3.5557, -0.325, 8.91],
			"to": [22.0751, 28.0865, 8.91],
			"rotation": {"angle": 0, "axis": "y", "origin": [-3.596, -0.325, -3.986]},
			"faces": {
				"north": {"uv": [16, 0, 0, 16], "texture": "#0"},
				"east": {"uv": [0, 0, 0, 4.4375], "texture": "#0"},
				"south": {"uv": [0, 0, 16, 16], "texture": "#0"},
				"west": {"uv": [0, 0, 0, 4.4375], "texture": "#0"},
				"up": {"uv": [4, 0, 0, 0], "texture": "#0"},
				"down": {"uv": [4, 0, 0, 0], "texture": "#0"}
			}
		},
		{
			"from": [-1.5557, -0.325, 8.91],
			"to": [24.0751, 31.5926, 8.91],
			"rotation": {"angle": -45, "axis": "y", "origin": [9.3, -0.325, 8.91]},
			"faces": {
				"north": {"uv": [0, 0, 16, 16], "texture": "#1"},
				"east": {"uv": [0, 0, 0, 4.4375], "texture": "#0"},
				"south": {"uv": [16, 0, 0, 16], "texture": "#1"},
				"west": {"uv": [0, 0, 0, 4.4375], "texture": "#0"},
				"up": {"uv": [4, 0, 0, 0], "texture": "#0"},
				"down": {"uv": [4, 0, 0, 0], "texture": "#0"}
			}
		},
		{
			"from": [-9.0557, -0.325, 8.91],
			"to": [16.5751, 31.5926, 8.91],
			"rotation": {"angle": -22.5, "axis": "y", "origin": [9.3, -0.325, 8.91]},
			"faces": {
				"north": {"uv": [0, 0, 16, 16], "texture": "#1"},
				"east": {"uv": [0, 0, 0, 4.9375], "texture": "#2"},
				"south": {"uv": [16, 0, 0, 16], "texture": "#1"},
				"west": {"uv": [0, 0, 0, 4.9375], "texture": "#2"},
				"up": {"uv": [0, 4, 0, 0], "rotation": 270, "texture": "#2"},
				"down": {"uv": [0, 0, 0, 4], "rotation": 90, "texture": "#2"}
			}
		},
		{
			"from": [2.4443, -0.325, 8.507],
			"to": [28.0751, 28.0865, 8.507],
			"rotation": {"angle": 22.5, "axis": "y", "origin": [9.3, -0.325, 8.91]},
			"faces": {
				"north": {"uv": [16, 0, 0, 16], "texture": "#1"},
				"east": {"uv": [0, 0, 0, 4.4375], "texture": "#1"},
				"south": {"uv": [0, 0, 16, 16], "texture": "#1"},
				"west": {"uv": [0, 0, 0, 4.4375], "texture": "#1"},
				"up": {"uv": [4, 0, 0, 0], "texture": "#1"},
				"down": {"uv": [4, 0, 0, 0], "texture": "#1"}
			}
		},
		{
			"from": [-3.0318, -0.325, 7.5801],
			"to": [22.599, 28.0865, 7.5801],
			"rotation": {"angle": 45, "axis": "y", "origin": [9.3, -0.325, 8.91]},
			"faces": {
				"north": {"uv": [0, 0, 16, 16], "texture": "#0"},
				"east": {"uv": [0, 0, 0, 0], "texture": "#2"},
				"south": {"uv": [16, 0, 0, 16], "texture": "#0"},
				"west": {"uv": [0, 0, 0, 8.875], "texture": "#missing"},
				"up": {"uv": [8, 0, 0, 0], "texture": "#missing"},
				"down": {"uv": [8, 0, 0, 0], "texture": "#missing"}
			}
		},
		{
			"from": [7.285, -0.325, -9.9101],
			"to": [7.285, 31.915, 19.9119],
			"rotation": {"angle": 0, "axis": "y", "origin": [9.3, -0.325, 8.91]},
			"faces": {
				"north": {"uv": [0, 0, 0, 4.4375], "texture": "#1"},
				"east": {"uv": [0, 0, 16, 16], "texture": "#1"},
				"south": {"uv": [0, 0, 0, 4.4375], "texture": "#1"},
				"west": {"uv": [16, 0, 0, 16], "texture": "#1"},
				"up": {"uv": [4, 0, 0, 0], "rotation": 270, "texture": "#1"},
				"down": {"uv": [4, 0, 0, 0], "rotation": 90, "texture": "#1"}
			}
		},
		{
			"from": [7.65872, 9.70539, 11.02904],
			"to": [10.17806, 12.10346, 11.02904],
			"rotation": {"angle": -45, "axis": "x", "origin": [14.03688, 13.09369, 9.6209]},
			"faces": {
				"north": {"uv": [7.875, 5.75, 15.125, 13.25], "rotation": 180, "texture": "#6"},
				"east": {"uv": [0, 0, 0, 12.75], "rotation": 180, "texture": "#6"},
				"south": {"uv": [7.875, 5.75, 15.125, 13.25], "rotation": 180, "texture": "#6"},
				"west": {"uv": [0, 0, 0, 12.75], "rotation": 180, "texture": "#6"},
				"up": {"uv": [7.25, 0, 0, 0], "rotation": 180, "texture": "#6"},
				"down": {"uv": [7.25, 0, 0, 0], "rotation": 180, "texture": "#6"}
			}
		},
		{
			"from": [8.43256, 10.38704, 10.61681],
			"to": [9.33866, 11.31979, 11.04321],
			"rotation": {"angle": -45, "axis": "x", "origin": [14.06938, 13.09369, 9.6209]},
			"faces": {
				"north": {"uv": [1.625, 10.875, 4.475, 13.625], "texture": "#6"},
				"east": {"uv": [1.625, 10.875, 4.5, 13.65], "rotation": 270, "texture": "#6"},
				"south": {"uv": [0, 0, 0.85, 0.875], "rotation": 180, "texture": "#6"},
				"west": {"uv": [1.625, 10.875, 4.5, 13.65], "rotation": 90, "texture": "#6"},
				"up": {"uv": [1.625, 10.875, 4.475, 13.65], "rotation": 180, "texture": "#6"},
				"down": {"uv": [1.625, 10.875, 4.475, 13.65], "texture": "#6"}
			}
		},
		{
			"from": [8.59506, 10.54954, 10.32431],
			"to": [9.17616, 11.15729, 10.55571],
			"rotation": {"angle": -45, "axis": "x", "origin": [14.03688, 13.09369, 9.5884]},
			"faces": {
				"north": {"uv": [1.625, 10.875, 4.475, 13.625], "texture": "#6"},
				"east": {"uv": [1.625, 10.875, 4.5, 13.65], "rotation": 270, "texture": "#6"},
				"south": {"uv": [0, 0, 0.85, 0.875], "rotation": 180, "texture": "#6"},
				"west": {"uv": [1.625, 10.875, 4.5, 13.65], "rotation": 90, "texture": "#6"},
				"up": {"uv": [1.625, 10.875, 4.475, 13.65], "rotation": 180, "texture": "#6"},
				"down": {"uv": [1.625, 10.875, 4.475, 13.65], "texture": "#6"}
			}
		},
		{
			"from": [-0.59626, 12.37539, 7.64024],
			"to": [-0.59626, 14.77346, 10.15959],
			"rotation": {"angle": 0, "axis": "y", "origin": [0.06187, 13.26369, 8.8434]},
			"faces": {
				"north": {"uv": [0, 0, 0, 12.75], "rotation": 180, "texture": "#6"},
				"east": {"uv": [7.875, 5.75, 15.125, 13.25], "rotation": 180, "texture": "#6"},
				"south": {"uv": [0, 0, 0, 12.75], "rotation": 180, "texture": "#6"},
				"west": {"uv": [7.875, 5.75, 15.125, 13.25], "rotation": 180, "texture": "#6"},
				"up": {"uv": [7.25, 0, 0, 0], "rotation": 270, "texture": "#6"},
				"down": {"uv": [7.25, 0, 0, 0], "rotation": 90, "texture": "#6"}
			}
		},
		{
			"from": [-0.57793, 13.05704, 8.38158],
			"to": [-0.15153, 13.98979, 9.28768],
			"rotation": {"angle": 0, "axis": "y", "origin": [0.09438, 13.26369, 8.8434]},
			"faces": {
				"north": {"uv": [1.625, 10.875, 4.5, 13.65], "rotation": 90, "texture": "#6"},
				"east": {"uv": [1.625, 10.875, 4.475, 13.625], "texture": "#6"},
				"south": {"uv": [1.625, 10.875, 4.5, 13.65], "rotation": 270, "texture": "#6"},
				"west": {"uv": [0, 0, 0.85, 0.875], "rotation": 180, "texture": "#6"},
				"up": {"uv": [1.625, 10.875, 4.475, 13.65], "rotation": 270, "texture": "#6"},
				"down": {"uv": [1.625, 10.875, 4.475, 13.65], "rotation": 270, "texture": "#6"}
			}
		},
		{
			"from": [-0.15543, 13.21954, 8.54408],
			"to": [0.07597, 13.82729, 9.12518],
			"rotation": {"angle": 0, "axis": "y", "origin": [0.06187, 13.26369, 8.8109]},
			"faces": {
				"north": {"uv": [1.625, 10.875, 4.5, 13.65], "rotation": 90, "texture": "#6"},
				"east": {"uv": [1.625, 10.875, 4.475, 13.625], "texture": "#6"},
				"south": {"uv": [1.625, 10.875, 4.5, 13.65], "rotation": 270, "texture": "#6"},
				"west": {"uv": [0, 0, 0.85, 0.875], "rotation": 180, "texture": "#6"},
				"up": {"uv": [1.625, 10.875, 4.475, 13.65], "rotation": 270, "texture": "#6"},
				"down": {"uv": [1.625, 10.875, 4.475, 13.65], "rotation": 270, "texture": "#6"}
			}
		},
		{
			"from": [5.8957, 14.38039, 1.31026],
			"to": [8.41504, 16.77846, 1.31026],
			"rotation": {"angle": -22.5, "axis": "x", "origin": [7.21188, 15.01869, 2.0184]},
			"faces": {
				"north": {"uv": [7.875, 5.75, 15.125, 13.25], "rotation": 180, "texture": "#6"},
				"east": {"uv": [0, 0, 0, 12.75], "rotation": 180, "texture": "#6"},
				"south": {"uv": [7.875, 5.75, 15.125, 13.25], "rotation": 180, "texture": "#6"},
				"west": {"uv": [0, 0, 0, 12.75], "rotation": 180, "texture": "#6"},
				"up": {"uv": [7.25, 0, 0, 0], "texture": "#6"},
				"down": {"uv": [7.25, 0, 0, 0], "texture": "#6"}
			}
		},
		{
			"from": [6.8001, 15.06204, 1.29609],
			"to": [7.7062, 15.99479, 1.72249],
			"rotation": {"angle": -22.5, "axis": "x", "origin": [7.24438, 15.01869, 2.0184]},
			"faces": {
				"north": {"uv": [0, 0, 0.85, 0.875], "rotation": 180, "texture": "#6"},
				"east": {"uv": [1.625, 10.875, 4.5, 13.65], "rotation": 90, "texture": "#6"},
				"south": {"uv": [1.625, 10.875, 4.475, 13.625], "texture": "#6"},
				"west": {"uv": [1.625, 10.875, 4.5, 13.65], "rotation": 270, "texture": "#6"},
				"up": {"uv": [1.625, 10.875, 4.475, 13.65], "texture": "#6"},
				"down": {"uv": [1.625, 10.875, 4.475, 13.65], "rotation": 180, "texture": "#6"}
			}
		},
		{
			"from": [6.8976, 15.22454, 1.71859],
			"to": [7.4787, 15.83229, 1.94999],
			"rotation": {"angle": -22.5, "axis": "x", "origin": [7.21188, 15.01869, 1.9859]},
			"faces": {
				"north": {"uv": [0, 0, 0.85, 0.875], "rotation": 180, "texture": "#6"},
				"east": {"uv": [1.625, 10.875, 4.5, 13.65], "rotation": 90, "texture": "#6"},
				"south": {"uv": [1.625, 10.875, 4.475, 13.625], "texture": "#6"},
				"west": {"uv": [1.625, 10.875, 4.5, 13.65], "rotation": 270, "texture": "#6"},
				"up": {"uv": [1.625, 10.875, 4.475, 13.65], "texture": "#6"},
				"down": {"uv": [1.625, 10.875, 4.475, 13.65], "rotation": 180, "texture": "#6"}
			}
		},
		{
			"from": [8.36528, 17.03039, 6.24702],
			"to": [8.36528, 19.42846, 8.76636],
			"rotation": {"angle": -22.5, "axis": "z", "origin": [8.30706, 18.22892, 7.00381]},
			"faces": {
				"north": {"uv": [0, 0, 0, 12.75], "rotation": 180, "texture": "#6"},
				"east": {"uv": [7.875, 5.75, 15.125, 13.25], "rotation": 180, "texture": "#6"},
				"south": {"uv": [0, 0, 0, 12.75], "rotation": 180, "texture": "#6"},
				"west": {"uv": [7.875, 5.75, 15.125, 13.25], "rotation": 180, "texture": "#6"},
				"up": {"uv": [7.25, 0, 0, 0], "rotation": 270, "texture": "#6"},
				"down": {"uv": [7.25, 0, 0, 0], "rotation": 90, "texture": "#6"}
			}
		},
		{
			"from": [8.37409, 17.71204, 6.96538],
			"to": [8.80049, 18.64479, 7.87148],
			"rotation": {"angle": -22.5, "axis": "z", "origin": [8.30706, 18.22892, 7.00381]},
			"faces": {
				"north": {"uv": [1.625, 10.875, 4.5, 13.65], "rotation": 90, "texture": "#6"},
				"east": {"uv": [1.625, 13.375, 4.475, 13.625], "texture": "#6"},
				"south": {"uv": [1.625, 10.875, 4.5, 13.65], "rotation": 270, "texture": "#6"},
				"west": {"uv": [0, 0, 0.85, 0.875], "rotation": 180, "texture": "#6"},
				"up": {"uv": [1.625, 10.875, 4.475, 13.65], "rotation": 270, "texture": "#6"},
				"down": {"uv": [1.625, 10.875, 4.475, 13.65], "rotation": 270, "texture": "#6"}
			}
		},
		{
			"from": [8.78313, 17.87454, 7.16038],
			"to": [9.01453, 18.48229, 7.74148],
			"rotation": {"angle": -22.5, "axis": "z", "origin": [8.30706, 18.22892, 7.00381]},
			"faces": {
				"north": {"uv": [1.625, 13.375, 2.5, 13.65], "rotation": 90, "texture": "#6"},
				"east": {"uv": [1.625, 13.375, 2.475, 13.625], "texture": "#6"},
				"south": {"uv": [1.625, 13.375, 2.5, 13.65], "rotation": 270, "texture": "#6"},
				"west": {"uv": [0, 2, 0, 1.375], "rotation": 180, "texture": "#6"},
				"up": {"uv": [1.625, 13.375, 2.475, 13.65], "rotation": 270, "texture": "#6"},
				"down": {"uv": [1.625, 13.375, 2.475, 13.65], "rotation": 270, "texture": "#6"}
			}
		},
		{
			"from": [12.24124, 12.32039, 2.08274],
			"to": [12.24124, 14.71846, 4.60209],
			"rotation": {"angle": 22.5, "axis": "y", "origin": [13.19188, 13.45869, 3.1559]},
			"faces": {
				"north": {"uv": [0, 0, 0, 12.75], "rotation": 180, "texture": "#6"},
				"east": {"uv": [7.875, 5.75, 15.125, 13.25], "rotation": 180, "texture": "#6"},
				"south": {"uv": [0, 0, 0, 12.75], "rotation": 180, "texture": "#6"},
				"west": {"uv": [7.875, 5.75, 15.125, 13.25], "rotation": 180, "texture": "#6"},
				"up": {"uv": [7.25, 0, 0, 0], "rotation": 270, "texture": "#6"},
				"down": {"uv": [7.25, 0, 0, 0], "rotation": 90, "texture": "#6"}
			}
		},
		{
			"from": [12.25957, 13.00204, 2.82408],
			"to": [12.68597, 13.93479, 3.73018],
			"rotation": {"angle": 22.5, "axis": "y", "origin": [13.22438, 13.45869, 3.1559]},
			"faces": {
				"north": {"uv": [1.625, 10.875, 4.5, 13.65], "rotation": 90, "texture": "#6"},
				"east": {"uv": [1.625, 10.875, 4.475, 13.625], "texture": "#6"},
				"south": {"uv": [1.625, 10.875, 4.5, 13.65], "rotation": 270, "texture": "#6"},
				"west": {"uv": [0, 0, 0.85, 0.875], "rotation": 180, "texture": "#6"},
				"up": {"uv": [1.625, 10.875, 4.475, 13.65], "rotation": 270, "texture": "#6"},
				"down": {"uv": [1.625, 10.875, 4.475, 13.65], "rotation": 270, "texture": "#6"}
			}
		},
		{
			"from": [12.68207, 13.16454, 2.98658],
			"to": [12.91347, 13.77229, 3.56768],
			"rotation": {"angle": 22.5, "axis": "y", "origin": [13.19188, 13.45869, 3.1234]},
			"faces": {
				"north": {"uv": [1.625, 10.875, 4.5, 13.65], "rotation": 90, "texture": "#6"},
				"east": {"uv": [1.625, 10.875, 4.475, 13.625], "texture": "#6"},
				"south": {"uv": [1.625, 10.875, 4.5, 13.65], "rotation": 270, "texture": "#6"},
				"west": {"uv": [0, 0, 0.85, 0.875], "rotation": 180, "texture": "#6"},
				"up": {"uv": [1.625, 10.875, 4.475, 13.65], "rotation": 270, "texture": "#6"},
				"down": {"uv": [1.625, 10.875, 4.475, 13.65], "rotation": 270, "texture": "#6"}
			}
		},
		{
			"from": [11.90819, 5.72289, -0.49224],
			"to": [14.42754, 8.12096, -0.49224],
			"rotation": {"angle": -45, "axis": "y", "origin": [13.19188, 13.45869, 3.1559]},
			"faces": {
				"north": {"uv": [7.875, 5.75, 15.125, 13.25], "rotation": 180, "texture": "#6"},
				"east": {"uv": [0, 0, 0, 12.75], "rotation": 180, "texture": "#6"},
				"south": {"uv": [7.875, 5.75, 15.125, 13.25], "rotation": 180, "texture": "#6"},
				"west": {"uv": [0, 0, 0, 12.75], "rotation": 180, "texture": "#6"},
				"up": {"uv": [7.25, 0, 0, 0], "texture": "#6"},
				"down": {"uv": [7.25, 0, 0, 0], "texture": "#6"}
			}
		},
		{
			"from": [12.8126, 6.40454, -0.50641],
			"to": [13.7187, 7.33729, -0.08001],
			"rotation": {"angle": -45, "axis": "y", "origin": [13.22438, 13.45869, 3.1559]},
			"faces": {
				"north": {"uv": [0, 0, 0.85, 0.875], "rotation": 180, "texture": "#6"},
				"east": {"uv": [1.625, 10.875, 4.5, 13.65], "rotation": 90, "texture": "#6"},
				"south": {"uv": [1.625, 10.875, 4.475, 13.625], "texture": "#6"},
				"west": {"uv": [1.625, 10.875, 4.5, 13.65], "rotation": 270, "texture": "#6"},
				"up": {"uv": [1.625, 10.875, 4.475, 13.65], "texture": "#6"},
				"down": {"uv": [1.625, 10.875, 4.475, 13.65], "rotation": 180, "texture": "#6"}
			}
		},
		{
			"from": [12.9101, 6.56704, -0.08391],
			"to": [13.4912, 7.17479, 0.14749],
			"rotation": {"angle": -45, "axis": "y", "origin": [13.19188, 13.45869, 3.1234]},
			"faces": {
				"north": {"uv": [0, 0, 0.85, 0.875], "rotation": 180, "texture": "#6"},
				"east": {"uv": [1.625, 10.875, 4.5, 13.65], "rotation": 90, "texture": "#6"},
				"south": {"uv": [1.625, 10.875, 4.475, 13.625], "texture": "#6"},
				"west": {"uv": [1.625, 10.875, 4.5, 13.65], "rotation": 270, "texture": "#6"},
				"up": {"uv": [1.625, 10.875, 4.475, 13.65], "texture": "#6"},
				"down": {"uv": [1.625, 10.875, 4.475, 13.65], "rotation": 180, "texture": "#6"}
			}
		},
		{
			"from": [10.51463, 8.97289, 4.39284],
			"to": [13.03398, 11.37096, 4.39284],
			"rotation": {"angle": -45, "axis": "y", "origin": [11.79437, 10.17619, 4.4559]},
			"faces": {
				"north": {"uv": [7.875, 5.75, 15.125, 13.25], "rotation": 180, "texture": "#6"},
				"east": {"uv": [0, 0, 0, 12.75], "rotation": 180, "texture": "#6"},
				"south": {"uv": [7.875, 5.75, 15.125, 13.25], "rotation": 180, "texture": "#6"},
				"west": {"uv": [0, 0, 0, 12.75], "rotation": 180, "texture": "#6"},
				"up": {"uv": [7.25, 0, 0, 0], "texture": "#6"},
				"down": {"uv": [7.25, 0, 0, 0], "texture": "#6"}
			}
		},
		{
			"from": [11.40952, 9.65454, 4.35569],
			"to": [12.31562, 10.58729, 4.78209],
			"rotation": {"angle": -45, "axis": "y", "origin": [11.79437, 10.17619, 4.4559]},
			"faces": {
				"north": {"uv": [0, 0, 0.85, 0.875], "rotation": 180, "texture": "#6"},
				"east": {"uv": [1.625, 10.875, 4.5, 13.65], "rotation": 90, "texture": "#6"},
				"south": {"uv": [1.625, 10.875, 4.475, 13.625], "texture": "#6"},
				"west": {"uv": [1.625, 10.875, 4.5, 13.65], "rotation": 270, "texture": "#6"},
				"up": {"uv": [1.625, 10.875, 4.475, 13.65], "texture": "#6"},
				"down": {"uv": [1.625, 10.875, 4.475, 13.65], "rotation": 180, "texture": "#6"}
			}
		},
		{
			"from": [11.49356, 9.81704, 4.81069],
			"to": [12.07466, 10.42479, 5.04209],
			"rotation": {"angle": -45, "axis": "y", "origin": [11.79437, 10.17619, 4.4559]},
			"faces": {
				"north": {"uv": [0, 0, 0.85, 0.875], "rotation": 180, "texture": "#6"},
				"east": {"uv": [1.625, 10.875, 4.5, 13.65], "rotation": 90, "texture": "#6"},
				"south": {"uv": [1.625, 10.875, 4.475, 13.625], "texture": "#6"},
				"west": {"uv": [1.625, 10.875, 4.5, 13.65], "rotation": 270, "texture": "#6"},
				"up": {"uv": [1.625, 10.875, 4.475, 13.65], "texture": "#6"},
				"down": {"uv": [1.625, 10.875, 4.475, 13.65], "rotation": 180, "texture": "#6"}
			}
		},
		{
			"from": [12.18243, 6.50289, 8.66866],
			"to": [12.18243, 8.90096, 11.18801],
			"rotation": {"angle": -22.5, "axis": "z", "origin": [11.79437, 10.17619, 4.4559]},
			"faces": {
				"north": {"uv": [0, 0, 0, 12.75], "rotation": 180, "texture": "#6"},
				"east": {"uv": [7.875, 5.75, 15.125, 13.25], "rotation": 180, "texture": "#6"},
				"south": {"uv": [0, 0, 0, 12.75], "rotation": 180, "texture": "#6"},
				"west": {"uv": [7.875, 5.75, 15.125, 13.25], "rotation": 180, "texture": "#6"},
				"up": {"uv": [7.25, 0, 0, 0], "rotation": 90, "texture": "#6"},
				"down": {"uv": [7.25, 0, 0, 0], "rotation": 270, "texture": "#6"}
			}
		},
		{
			"from": [11.79318, 7.18454, 9.56355],
			"to": [12.21958, 8.11729, 10.46965],
			"rotation": {"angle": -22.5, "axis": "z", "origin": [11.79437, 10.17619, 4.4559]},
			"faces": {
				"north": {"uv": [1.625, 10.875, 4.5, 13.65], "rotation": 270, "texture": "#6"},
				"east": {"uv": [0, 0, 0.85, 0.875], "rotation": 180, "texture": "#6"},
				"south": {"uv": [1.625, 10.875, 4.5, 13.65], "rotation": 90, "texture": "#6"},
				"west": {"uv": [1.625, 10.875, 4.475, 13.625], "texture": "#6"},
				"up": {"uv": [1.625, 10.875, 4.475, 13.65], "rotation": 90, "texture": "#6"},
				"down": {"uv": [1.625, 10.875, 4.475, 13.65], "rotation": 90, "texture": "#6"}
			}
		},
		{
			"from": [11.53318, 7.34704, 9.64759],
			"to": [11.76458, 7.95479, 10.22869],
			"rotation": {"angle": -22.5, "axis": "z", "origin": [11.79437, 10.17619, 4.4559]},
			"faces": {
				"north": {"uv": [1.625, 10.875, 4.5, 13.65], "rotation": 270, "texture": "#6"},
				"east": {"uv": [0, 0, 0.85, 0.875], "rotation": 180, "texture": "#6"},
				"south": {"uv": [1.625, 10.875, 4.5, 13.65], "rotation": 90, "texture": "#6"},
				"west": {"uv": [1.625, 10.875, 4.475, 13.625], "texture": "#6"},
				"up": {"uv": [1.625, 10.875, 4.475, 13.65], "rotation": 90, "texture": "#6"},
				"down": {"uv": [1.625, 10.875, 4.475, 13.65], "rotation": 90, "texture": "#6"}
			}
		},
		{
			"from": [3.04374, 3.25289, 9.59024],
			"to": [3.04374, 5.65096, 12.10959],
			"rotation": {"angle": 22.5, "axis": "y", "origin": [3.70187, 4.39119, 10.7934]},
			"faces": {
				"north": {"uv": [0, 0, 0, 12.75], "rotation": 180, "texture": "#6"},
				"east": {"uv": [7.875, 5.75, 15.125, 13.25], "rotation": 180, "texture": "#6"},
				"south": {"uv": [0, 0, 0, 12.75], "rotation": 180, "texture": "#6"},
				"west": {"uv": [7.875, 5.75, 15.125, 13.25], "rotation": 180, "texture": "#6"},
				"up": {"uv": [7.25, 0, 0, 0], "rotation": 270, "texture": "#6"},
				"down": {"uv": [7.25, 0, 0, 0], "rotation": 90, "texture": "#6"}
			}
		},
		{
			"from": [3.06207, 3.93454, 10.33158],
			"to": [3.48847, 4.86729, 11.23768],
			"rotation": {"angle": 22.5, "axis": "y", "origin": [3.73438, 4.39119, 10.7934]},
			"faces": {
				"north": {"uv": [1.625, 10.875, 4.5, 13.65], "rotation": 90, "texture": "#6"},
				"east": {"uv": [1.625, 10.875, 4.475, 13.625], "texture": "#6"},
				"south": {"uv": [1.625, 10.875, 4.5, 13.65], "rotation": 270, "texture": "#6"},
				"west": {"uv": [0, 0, 0.85, 0.875], "rotation": 180, "texture": "#6"},
				"up": {"uv": [1.625, 10.875, 4.475, 13.65], "rotation": 270, "texture": "#6"},
				"down": {"uv": [1.625, 10.875, 4.475, 13.65], "rotation": 270, "texture": "#6"}
			}
		},
		{
			"from": [3.48457, 4.09704, 10.49408],
			"to": [3.71597, 4.70479, 11.07518],
			"rotation": {"angle": 22.5, "axis": "y", "origin": [3.70187, 4.39119, 10.7609]},
			"faces": {
				"north": {"uv": [1.625, 10.875, 4.5, 13.65], "rotation": 90, "texture": "#6"},
				"east": {"uv": [1.625, 10.875, 4.475, 13.625], "texture": "#6"},
				"south": {"uv": [1.625, 10.875, 4.5, 13.65], "rotation": 270, "texture": "#6"},
				"west": {"uv": [0, 0, 0.85, 0.875], "rotation": 180, "texture": "#6"},
				"up": {"uv": [1.625, 10.875, 4.475, 13.65], "rotation": 270, "texture": "#6"},
				"down": {"uv": [1.625, 10.875, 4.475, 13.65], "rotation": 270, "texture": "#6"}
			}
		},
		{
			"from": [14.57871, 6.53539, 15.85154],
			"to": [17.09806, 8.93346, 15.85154],
			"rotation": {"angle": 45, "axis": "y", "origin": [15.85687, 7.67369, 15.3434]},
			"faces": {
				"north": {"uv": [7.875, 5.75, 15.125, 13.25], "rotation": 180, "texture": "#6"},
				"east": {"uv": [0, 0, 0, 12.75], "rotation": 180, "texture": "#6"},
				"south": {"uv": [7.875, 5.75, 15.125, 13.25], "rotation": 180, "texture": "#6"},
				"west": {"uv": [0, 0, 0, 12.75], "rotation": 180, "texture": "#6"},
				"up": {"uv": [7.25, 0, 0, 0], "rotation": 180, "texture": "#6"},
				"down": {"uv": [7.25, 0, 0, 0], "rotation": 180, "texture": "#6"}
			}
		},
		{
			"from": [15.35255, 7.21704, 15.43931],
			"to": [16.25865, 8.14979, 15.86571],
			"rotation": {"angle": 45, "axis": "y", "origin": [15.88938, 7.67369, 15.3434]},
			"faces": {
				"north": {"uv": [1.625, 10.875, 4.475, 13.625], "texture": "#6"},
				"east": {"uv": [1.625, 10.875, 4.5, 13.65], "rotation": 270, "texture": "#6"},
				"south": {"uv": [0, 0, 0.85, 0.875], "rotation": 180, "texture": "#6"},
				"west": {"uv": [1.625, 10.875, 4.5, 13.65], "rotation": 90, "texture": "#6"},
				"up": {"uv": [1.625, 10.875, 4.475, 13.65], "rotation": 180, "texture": "#6"},
				"down": {"uv": [1.625, 10.875, 4.475, 13.65], "texture": "#6"}
			}
		},
		{
			"from": [15.51505, 7.37954, 15.24431],
			"to": [16.09615, 7.98729, 15.47571],
			"rotation": {"angle": 45, "axis": "y", "origin": [15.85687, 7.67369, 15.3109]},
			"faces": {
				"north": {"uv": [1.625, 10.875, 4.475, 13.625], "texture": "#6"},
				"east": {"uv": [1.625, 10.875, 4.5, 13.65], "rotation": 270, "texture": "#6"},
				"south": {"uv": [0, 0, 0.85, 0.875], "rotation": 180, "texture": "#6"},
				"west": {"uv": [1.625, 10.875, 4.5, 13.65], "rotation": 90, "texture": "#6"},
				"up": {"uv": [1.625, 10.875, 4.475, 13.65], "rotation": 180, "texture": "#6"},
				"down": {"uv": [1.625, 10.875, 4.475, 13.65], "texture": "#6"}
			}
		},
		{
			"from": [-0.59626, 5.82039, 7.64024],
			"to": [-0.59626, 8.21846, 10.15959],
			"rotation": {"angle": 0, "axis": "y", "origin": [0.06187, 6.95869, 8.8434]},
			"faces": {
				"north": {"uv": [0, 0, 0, 12.75], "rotation": 180, "texture": "#6"},
				"east": {"uv": [7.875, 5.75, 15.125, 13.25], "rotation": 180, "texture": "#6"},
				"south": {"uv": [0, 0, 0, 12.75], "rotation": 180, "texture": "#6"},
				"west": {"uv": [7.875, 5.75, 15.125, 13.25], "rotation": 180, "texture": "#6"},
				"up": {"uv": [7.25, 0, 0, 0], "rotation": 270, "texture": "#6"},
				"down": {"uv": [7.25, 0, 0, 0], "rotation": 90, "texture": "#6"}
			}
		},
		{
			"from": [-0.57793, 6.50204, 8.38158],
			"to": [-0.15153, 7.43479, 9.28768],
			"rotation": {"angle": 0, "axis": "y", "origin": [0.09438, 6.95869, 8.8434]},
			"faces": {
				"north": {"uv": [1.625, 10.875, 4.5, 13.65], "rotation": 90, "texture": "#6"},
				"east": {"uv": [1.625, 10.875, 4.475, 13.625], "texture": "#6"},
				"south": {"uv": [1.625, 10.875, 4.5, 13.65], "rotation": 270, "texture": "#6"},
				"west": {"uv": [0, 0, 0.85, 0.875], "rotation": 180, "texture": "#6"},
				"up": {"uv": [1.625, 10.875, 4.475, 13.65], "rotation": 270, "texture": "#6"},
				"down": {"uv": [1.625, 10.875, 4.475, 13.65], "rotation": 270, "texture": "#6"}
			}
		},
		{
			"from": [-0.15543, 6.66454, 8.54408],
			"to": [0.07597, 7.27229, 9.12518],
			"rotation": {"angle": 0, "axis": "y", "origin": [0.06187, 6.95869, 8.8109]},
			"faces": {
				"north": {"uv": [1.625, 10.875, 4.5, 13.65], "rotation": 90, "texture": "#6"},
				"east": {"uv": [1.625, 10.875, 4.475, 13.625], "texture": "#6"},
				"south": {"uv": [1.625, 10.875, 4.5, 13.65], "rotation": 270, "texture": "#6"},
				"west": {"uv": [0, 0, 0.85, 0.875], "rotation": 180, "texture": "#6"},
				"up": {"uv": [1.625, 10.875, 4.475, 13.65], "rotation": 270, "texture": "#6"},
				"down": {"uv": [1.625, 10.875, 4.475, 13.65], "rotation": 270, "texture": "#6"}
			}
		}
	],
	"groups": [
		{
			"name": "sweet_berry_bush_stage3",
			"origin": [8, 8, 8],
			"color": 0,
			"nbt": "{}",
			"armAnimationEnabled": false,
			"children": [
				{
					"name": "group",
					"origin": [9, 0, 8.7],
					"color": 0,
					"nbt": "{}",
					"armAnimationEnabled": false,
					"children": [0, 1, 2]
				},
				{
					"name": "group",
					"origin": [8, 0, 8],
					"color": 0,
					"nbt": "{}",
					"armAnimationEnabled": false,
					"children": [
						3,
						4,
						5,
						6,
						7,
						8,
						9,
						{
							"name": "group",
							"origin": [26.0786, -2.108, 6.9206],
							"color": 0,
							"nbt": "{}",
							"armAnimationEnabled": false,
							"children": [10, 11]
						},
						{
							"name": "group",
							"origin": [26.0786, -2.108, 6.9206],
							"color": 0,
							"nbt": "{}",
							"armAnimationEnabled": false,
							"children": [12, 13]
						},
						{
							"name": "group",
							"origin": [26.0786, -2.108, 6.9206],
							"color": 0,
							"nbt": "{}",
							"armAnimationEnabled": false,
							"children": [14, 15]
						},
						16,
						17,
						18
					]
				},
				{
					"name": "plant",
					"origin": [8, 8, 8],
					"color": 0,
					"nbt": "{}",
					"armAnimationEnabled": false,
					"children": [
						{
							"name": "stem",
							"origin": [8, 8, 8],
							"color": 0,
							"nbt": "{}",
							"armAnimationEnabled": false,
							"children": [19, 20, 21, 22, 23, 24]
						}
					]
				},
				{
					"name": "group",
					"origin": [9, 0, 8.7],
					"color": 0,
					"nbt": "{}",
					"armAnimationEnabled": false,
					"children": [25, 26, 27]
				},
				{
					"name": "group",
					"origin": [9, 0, 8.7],
					"color": 0,
					"nbt": "{}",
					"armAnimationEnabled": false,
					"children": [28, 29, 30]
				},
				{
					"name": "group",
					"origin": [9, 0, 8.7],
					"color": 0,
					"nbt": "{}",
					"armAnimationEnabled": false,
					"children": [31, 32, 33]
				},
				{
					"name": "group",
					"origin": [9, 0, 8.7],
					"color": 0,
					"nbt": "{}",
					"armAnimationEnabled": false,
					"children": [34, 35, 36]
				},
				{
					"name": "group",
					"origin": [9, 0, 8.7],
					"color": 0,
					"nbt": "{}",
					"armAnimationEnabled": false,
					"children": [37, 38, 39]
				},
				{
					"name": "group",
					"origin": [9, 0, 8.7],
					"color": 0,
					"nbt": "{}",
					"armAnimationEnabled": false,
					"children": [40, 41, 42]
				},
				{
					"name": "group",
					"origin": [9, 0, 8.7],
					"color": 0,
					"nbt": "{}",
					"armAnimationEnabled": false,
					"children": [43, 44, 45]
				},
				{
					"name": "group",
					"origin": [9, 0, 8.7],
					"color": 0,
					"nbt": "{}",
					"armAnimationEnabled": false,
					"children": [46, 47, 48]
				},
				{
					"name": "group",
					"origin": [9, 0, 8.7],
					"color": 0,
					"nbt": "{}",
					"armAnimationEnabled": false,
					"children": [49, 50, 51]
				},
				{
					"name": "group",
					"origin": [9, 0, 8.7],
					"color": 0,
					"nbt": "{}",
					"armAnimationEnabled": false,
					"children": [52, 53, 54]
				},
				{
					"name": "group",
					"origin": [9, 0, 8.7],
					"color": 0,
					"nbt": "{}",
					"armAnimationEnabled": false,
					"children": [55, 56, 57]
				}
			]
		}
	]
}