{
  "textures": {
    "particle": "block/bell_bottom",
    "0": "block/bell_mount"
  },
  "elements": [
    {
      "from": [7, 13, 7],
      "to": [9, 16, 9],
      "faces": {
        "north": {"uv": [14, 0, 16, 3], "texture": "#0"},
        "east": {"uv": [14, 0, 16, 3], "texture": "#0"},
        "south": {"uv": [14, 0, 16, 3], "texture": "#0"},
        "west": {"uv": [14, 0, 16, 3], "texture": "#0"},
        "up": {"uv": [1, 1, 3, 3], "texture": "#0", "cullface": "up"}
      }
    }
  ]
}