{ "multipart": [
    { "when": { "axis": "y" },
      "apply": [
        { "model": "block/basalt/sides_0", "weight": 1000 },
        { "model": "block/basalt/sides_1", "weight": 1001 },
        { "model": "block/basalt/sides_2", "weight": 1002 },
        { "model": "block/basalt/sides_3", "weight": 1003 },
        { "model": "block/basalt/sides_4", "weight": 1004 },
        { "model": "block/basalt/sides_5", "weight": 1005 },
        { "model": "block/basalt/sides_6", "weight": 1006 },
        { "model": "block/basalt/sides_7", "weight": 1007 },
        { "model": "block/basalt/sides_8", "weight": 1008 },
        { "model": "block/basalt/sides_9", "weight": 1009 },
        { "model": "block/basalt/sides_a", "weight": 1010 },
        { "model": "block/basalt/sides_b", "weight": 1011 },
        { "model": "block/basalt/sides_c", "weight": 1012 },
        { "model": "block/basalt/sides_d", "weight": 1013 },
        { "model": "block/basalt/sides_e", "weight": 1014 },
        { "model": "block/basalt/sides_f", "weight": 1015 }
      ]
    },
    { "when": { "axis": "y" },
      "apply": [
        { "model": "block/basalt/ends_0", "weight": 1100 },
        { "model": "block/basalt/ends_1", "weight": 1101 }
      ]
    },
    { "when": { "axis": "z" },
      "apply": [
        { "model": "block/basalt/sides_0", "weight": 1000, "x": 90 },
        { "model": "block/basalt/sides_1", "weight": 1001, "x": 90 },
        { "model": "block/basalt/sides_2", "weight": 1002, "x": 90 },
        { "model": "block/basalt/sides_3", "weight": 1003, "x": 90 },
        { "model": "block/basalt/sides_4", "weight": 1004, "x": 90 },
        { "model": "block/basalt/sides_5", "weight": 1005, "x": 90 },
        { "model": "block/basalt/sides_6", "weight": 1006, "x": 90 },
        { "model": "block/basalt/sides_7", "weight": 1007, "x": 90 },
        { "model": "block/basalt/sides_8", "weight": 1008, "x": 90 },
        { "model": "block/basalt/sides_9", "weight": 1009, "x": 90 },
        { "model": "block/basalt/sides_a", "weight": 1010, "x": 90 },
        { "model": "block/basalt/sides_b", "weight": 1011, "x": 90 },
        { "model": "block/basalt/sides_c", "weight": 1012, "x": 90 },
        { "model": "block/basalt/sides_d", "weight": 1013, "x": 90 },
        { "model": "block/basalt/sides_e", "weight": 1014, "x": 90 },
        { "model": "block/basalt/sides_f", "weight": 1015, "x": 90 }
      ]
    },
    { "when": { "axis": "z" },
      "apply": [
        { "model": "block/basalt/ends_0", "weight": 1100, "x": 90 },
        { "model": "block/basalt/ends_1", "weight": 1101, "x": 90 }
      ]
    },
    { "when": { "axis": "x" },
      "apply": [
        { "model": "block/basalt/sides_0", "weight": 1000, "x": 90, "y": 90 },
        { "model": "block/basalt/sides_1", "weight": 1001, "x": 90, "y": 90 },
        { "model": "block/basalt/sides_2", "weight": 1002, "x": 90, "y": 90 },
        { "model": "block/basalt/sides_3", "weight": 1003, "x": 90, "y": 90 },
        { "model": "block/basalt/sides_4", "weight": 1004, "x": 90, "y": 90 },
        { "model": "block/basalt/sides_5", "weight": 1005, "x": 90, "y": 90 },
        { "model": "block/basalt/sides_6", "weight": 1006, "x": 90, "y": 90 },
        { "model": "block/basalt/sides_7", "weight": 1007, "x": 90, "y": 90 },
        { "model": "block/basalt/sides_8", "weight": 1008, "x": 90, "y": 90 },
        { "model": "block/basalt/sides_9", "weight": 1009, "x": 90, "y": 90 },
        { "model": "block/basalt/sides_a", "weight": 1010, "x": 90, "y": 90 },
        { "model": "block/basalt/sides_b", "weight": 1011, "x": 90, "y": 90 },
        { "model": "block/basalt/sides_c", "weight": 1012, "x": 90, "y": 90 },
        { "model": "block/basalt/sides_d", "weight": 1013, "x": 90, "y": 90 },
        { "model": "block/basalt/sides_e", "weight": 1014, "x": 90, "y": 90 },
        { "model": "block/basalt/sides_f", "weight": 1015, "x": 90, "y": 90 }
      ]
    },
    { "when": { "axis": "x" },
      "apply": [
        { "model": "block/basalt/ends_0", "weight": 1100, "x": 90, "y": 90 },
        { "model": "block/basalt/ends_1", "weight": 1101, "x": 90, "y": 90 }
      ]
    }
  ]
}
