{
  "variants": {
    "facing=east,half=bottom,shape=straight": [
		{ "model": "block/cobblestone_stairs/cobblestone_stairs0", "weight":30 },
		{ "model": "block/cobblestone_stairs/cobblestone_stairs1", "weight":20 },
		{ "model": "block/cobblestone_stairs/cobblestone_stairs2", "weight":20 },
		{ "model": "block/cobblestone_stairs/cobblestone_stairs3", "weight":20 },
		{ "model": "block/cobblestone_stairs/cobblestone_stairs4", "weight":40 },
		{ "model": "block/cobblestone_stairs/cobblestone_stairs5", "weight":20 },
		{ "model": "block/cobblestone_stairs/cobblestone_stairs6", "weight":5 },
		{ "model": "block/cobblestone_stairs/cobblestone_stairs7", "weight":20 },
		{ "model": "block/cobblestone_stairs/cobblestone_stairs8", "weight":5 }
	],
    "facing=west,half=bottom,shape=straight": [
		{ "model": "block/cobblestone_stairs/cobblestone_stairs0", "weight":30, "y": 180, "uvlock": true },
		{ "model": "block/cobblestone_stairs/cobblestone_stairs1", "weight":20, "y": 180, "uvlock": true },
		{ "model": "block/cobblestone_stairs/cobblestone_stairs2", "weight":20, "y": 180, "uvlock": true },
		{ "model": "block/cobblestone_stairs/cobblestone_stairs3", "weight":20, "y": 180, "uvlock": true },
		{ "model": "block/cobblestone_stairs/cobblestone_stairs4", "weight":40, "y": 180, "uvlock": true },
		{ "model": "block/cobblestone_stairs/cobblestone_stairs5", "weight":20, "y": 180, "uvlock": true },
		{ "model": "block/cobblestone_stairs/cobblestone_stairs6", "weight":5, "y": 180, "uvlock": true },
		{ "model": "block/cobblestone_stairs/cobblestone_stairs7", "weight":20, "y": 180, "uvlock": true },
		{ "model": "block/cobblestone_stairs/cobblestone_stairs8", "weight":5, "y": 180, "uvlock": true }
	],
    "facing=south,half=bottom,shape=straight": [
		{ "model": "block/cobblestone_stairs/cobblestone_stairs0", "weight":30, "y": 90, "uvlock": true },
		{ "model": "block/cobblestone_stairs/cobblestone_stairs1", "weight":20, "y": 90, "uvlock": true },
		{ "model": "block/cobblestone_stairs/cobblestone_stairs2", "weight":20, "y": 90, "uvlock": true },
		{ "model": "block/cobblestone_stairs/cobblestone_stairs3", "weight":20, "y": 90, "uvlock": true },
		{ "model": "block/cobblestone_stairs/cobblestone_stairs4", "weight":40, "y": 90, "uvlock": true },
		{ "model": "block/cobblestone_stairs/cobblestone_stairs5", "weight":20, "y": 90, "uvlock": true },
		{ "model": "block/cobblestone_stairs/cobblestone_stairs6", "weight":5, "y": 90, "uvlock": true },
		{ "model": "block/cobblestone_stairs/cobblestone_stairs7", "weight":20, "y": 90, "uvlock": true },
		{ "model": "block/cobblestone_stairs/cobblestone_stairs8", "weight":5, "y": 90, "uvlock": true }
	],
    "facing=north,half=bottom,shape=straight": [
		{ "model": "block/cobblestone_stairs/cobblestone_stairs0", "weight":30, "y": 270, "uvlock": true },
		{ "model": "block/cobblestone_stairs/cobblestone_stairs1", "weight":20, "y": 270, "uvlock": true },
		{ "model": "block/cobblestone_stairs/cobblestone_stairs2", "weight":20, "y": 270, "uvlock": true },
		{ "model": "block/cobblestone_stairs/cobblestone_stairs3", "weight":20, "y": 270, "uvlock": true },
		{ "model": "block/cobblestone_stairs/cobblestone_stairs4", "weight":40, "y": 270, "uvlock": true },
		{ "model": "block/cobblestone_stairs/cobblestone_stairs5", "weight":20, "y": 270, "uvlock": true },
		{ "model": "block/cobblestone_stairs/cobblestone_stairs6", "weight":5, "y": 270, "uvlock": true },
		{ "model": "block/cobblestone_stairs/cobblestone_stairs7", "weight":20, "y": 270, "uvlock": true },
		{ "model": "block/cobblestone_stairs/cobblestone_stairs8", "weight":5, "y": 270, "uvlock": true }
	],
    "facing=east,half=bottom,shape=outer_right": [
		{ "model": "block/cobblestone_stairs_outer/cobblestone_stairs_outer0", "weight":30 },
		{ "model": "block/cobblestone_stairs_outer/cobblestone_stairs_outer1", "weight":20 },
		{ "model": "block/cobblestone_stairs_outer/cobblestone_stairs_outer2", "weight":20 },
		{ "model": "block/cobblestone_stairs_outer/cobblestone_stairs_outer3", "weight":20 },
		{ "model": "block/cobblestone_stairs_outer/cobblestone_stairs_outer4", "weight":40 },
		{ "model": "block/cobblestone_stairs_outer/cobblestone_stairs_outer5", "weight":20 },
		{ "model": "block/cobblestone_stairs_outer/cobblestone_stairs_outer6", "weight":5 },
		{ "model": "block/cobblestone_stairs_outer/cobblestone_stairs_outer7", "weight":20 },
		{ "model": "block/cobblestone_stairs_outer/cobblestone_stairs_outer8", "weight":5 }
	],
    "facing=west,half=bottom,shape=outer_right": [
		{ "model": "block/cobblestone_stairs_outer/cobblestone_stairs_outer0", "weight":30, "y": 180, "uvlock": true },
		{ "model": "block/cobblestone_stairs_outer/cobblestone_stairs_outer1", "weight":20, "y": 180, "uvlock": true },
		{ "model": "block/cobblestone_stairs_outer/cobblestone_stairs_outer2", "weight":20, "y": 180, "uvlock": true },
		{ "model": "block/cobblestone_stairs_outer/cobblestone_stairs_outer3", "weight":20, "y": 180, "uvlock": true },
		{ "model": "block/cobblestone_stairs_outer/cobblestone_stairs_outer4", "weight":40, "y": 180, "uvlock": true },
		{ "model": "block/cobblestone_stairs_outer/cobblestone_stairs_outer5", "weight":20, "y": 180, "uvlock": true },
		{ "model": "block/cobblestone_stairs_outer/cobblestone_stairs_outer6", "weight":5, "y": 180, "uvlock": true },
		{ "model": "block/cobblestone_stairs_outer/cobblestone_stairs_outer7", "weight":20, "y": 180, "uvlock": true },
		{ "model": "block/cobblestone_stairs_outer/cobblestone_stairs_outer8", "weight":5, "y": 180, "uvlock": true }
	],
    "facing=south,half=bottom,shape=outer_right": [
		{ "model": "block/cobblestone_stairs_outer/cobblestone_stairs_outer0", "weight":30, "y": 90, "uvlock": true },
		{ "model": "block/cobblestone_stairs_outer/cobblestone_stairs_outer1", "weight":20, "y": 90, "uvlock": true },
		{ "model": "block/cobblestone_stairs_outer/cobblestone_stairs_outer2", "weight":20, "y": 90, "uvlock": true },
		{ "model": "block/cobblestone_stairs_outer/cobblestone_stairs_outer3", "weight":20, "y": 90, "uvlock": true },
		{ "model": "block/cobblestone_stairs_outer/cobblestone_stairs_outer4", "weight":40, "y": 90, "uvlock": true },
		{ "model": "block/cobblestone_stairs_outer/cobblestone_stairs_outer5", "weight":20, "y": 90, "uvlock": true },
		{ "model": "block/cobblestone_stairs_outer/cobblestone_stairs_outer6", "weight":5, "y": 90, "uvlock": true },
		{ "model": "block/cobblestone_stairs_outer/cobblestone_stairs_outer7", "weight":20, "y": 90, "uvlock": true },
		{ "model": "block/cobblestone_stairs_outer/cobblestone_stairs_outer8", "weight":5, "y": 90, "uvlock": true }
	],
    "facing=north,half=bottom,shape=outer_right": [
		{ "model": "block/cobblestone_stairs_outer/cobblestone_stairs_outer0", "weight":30, "y": 270, "uvlock": true },
		{ "model": "block/cobblestone_stairs_outer/cobblestone_stairs_outer1", "weight":20, "y": 270, "uvlock": true },
		{ "model": "block/cobblestone_stairs_outer/cobblestone_stairs_outer2", "weight":20, "y": 270, "uvlock": true },
		{ "model": "block/cobblestone_stairs_outer/cobblestone_stairs_outer3", "weight":20, "y": 270, "uvlock": true },
		{ "model": "block/cobblestone_stairs_outer/cobblestone_stairs_outer4", "weight":40, "y": 270, "uvlock": true },
		{ "model": "block/cobblestone_stairs_outer/cobblestone_stairs_outer5", "weight":20, "y": 270, "uvlock": true },
		{ "model": "block/cobblestone_stairs_outer/cobblestone_stairs_outer6", "weight":5, "y": 270, "uvlock": true },
		{ "model": "block/cobblestone_stairs_outer/cobblestone_stairs_outer7", "weight":20, "y": 270, "uvlock": true },
		{ "model": "block/cobblestone_stairs_outer/cobblestone_stairs_outer8", "weight":5, "y": 270, "uvlock": true }
	],
    "facing=east,half=bottom,shape=outer_left": [
		{ "model": "block/cobblestone_stairs_outer/cobblestone_stairs_outer0", "weight":30, "y": 270, "uvlock": true },
		{ "model": "block/cobblestone_stairs_outer/cobblestone_stairs_outer1", "weight":20, "y": 270, "uvlock": true },
		{ "model": "block/cobblestone_stairs_outer/cobblestone_stairs_outer2", "weight":20, "y": 270, "uvlock": true },
		{ "model": "block/cobblestone_stairs_outer/cobblestone_stairs_outer3", "weight":20, "y": 270, "uvlock": true },
		{ "model": "block/cobblestone_stairs_outer/cobblestone_stairs_outer4", "weight":40, "y": 270, "uvlock": true },
		{ "model": "block/cobblestone_stairs_outer/cobblestone_stairs_outer5", "weight":20, "y": 270, "uvlock": true },
		{ "model": "block/cobblestone_stairs_outer/cobblestone_stairs_outer6", "weight":5, "y": 270, "uvlock": true },
		{ "model": "block/cobblestone_stairs_outer/cobblestone_stairs_outer7", "weight":20, "y": 270, "uvlock": true },
		{ "model": "block/cobblestone_stairs_outer/cobblestone_stairs_outer8", "weight":5, "y": 270, "uvlock": true }
	],
    "facing=west,half=bottom,shape=outer_left": [
		{ "model": "block/cobblestone_stairs_outer/cobblestone_stairs_outer0", "weight":30, "y": 90, "uvlock": true },
		{ "model": "block/cobblestone_stairs_outer/cobblestone_stairs_outer1", "weight":20, "y": 90, "uvlock": true },
		{ "model": "block/cobblestone_stairs_outer/cobblestone_stairs_outer2", "weight":20, "y": 90, "uvlock": true },
		{ "model": "block/cobblestone_stairs_outer/cobblestone_stairs_outer3", "weight":20, "y": 90, "uvlock": true },
		{ "model": "block/cobblestone_stairs_outer/cobblestone_stairs_outer4", "weight":40, "y": 90, "uvlock": true },
		{ "model": "block/cobblestone_stairs_outer/cobblestone_stairs_outer5", "weight":20, "y": 90, "uvlock": true },
		{ "model": "block/cobblestone_stairs_outer/cobblestone_stairs_outer6", "weight":5, "y": 90, "uvlock": true },
		{ "model": "block/cobblestone_stairs_outer/cobblestone_stairs_outer7", "weight":20, "y": 90, "uvlock": true },
		{ "model": "block/cobblestone_stairs_outer/cobblestone_stairs_outer8", "weight":5, "y": 90, "uvlock": true }
	],
    "facing=south,half=bottom,shape=outer_left": [
		{ "model": "block/cobblestone_stairs_outer/cobblestone_stairs_outer0", "weight":30 },
		{ "model": "block/cobblestone_stairs_outer/cobblestone_stairs_outer1", "weight":20 },
		{ "model": "block/cobblestone_stairs_outer/cobblestone_stairs_outer2", "weight":20 },
		{ "model": "block/cobblestone_stairs_outer/cobblestone_stairs_outer3", "weight":20 },
		{ "model": "block/cobblestone_stairs_outer/cobblestone_stairs_outer4", "weight":40 },
		{ "model": "block/cobblestone_stairs_outer/cobblestone_stairs_outer5", "weight":20 },
		{ "model": "block/cobblestone_stairs_outer/cobblestone_stairs_outer6", "weight":5 },
		{ "model": "block/cobblestone_stairs_outer/cobblestone_stairs_outer7", "weight":20 },
		{ "model": "block/cobblestone_stairs_outer/cobblestone_stairs_outer8", "weight":5 }
	],
    "facing=north,half=bottom,shape=outer_left": [
		{ "model": "block/cobblestone_stairs_outer/cobblestone_stairs_outer0", "weight":30, "y": 180, "uvlock": true },
		{ "model": "block/cobblestone_stairs_outer/cobblestone_stairs_outer1", "weight":20, "y": 180, "uvlock": true },
		{ "model": "block/cobblestone_stairs_outer/cobblestone_stairs_outer2", "weight":20, "y": 180, "uvlock": true },
		{ "model": "block/cobblestone_stairs_outer/cobblestone_stairs_outer3", "weight":20, "y": 180, "uvlock": true },
		{ "model": "block/cobblestone_stairs_outer/cobblestone_stairs_outer4", "weight":40, "y": 180, "uvlock": true },
		{ "model": "block/cobblestone_stairs_outer/cobblestone_stairs_outer5", "weight":20, "y": 180, "uvlock": true },
		{ "model": "block/cobblestone_stairs_outer/cobblestone_stairs_outer6", "weight":5, "y": 180, "uvlock": true },
		{ "model": "block/cobblestone_stairs_outer/cobblestone_stairs_outer7", "weight":20, "y": 180, "uvlock": true },
		{ "model": "block/cobblestone_stairs_outer/cobblestone_stairs_outer8", "weight":5, "y": 180, "uvlock": true }
	],
    "facing=east,half=bottom,shape=inner_right": [
		{ "model": "block/cobblestone_stairs_inner/cobblestone_stairs_inner0", "weight":30 },
		{ "model": "block/cobblestone_stairs_inner/cobblestone_stairs_inner1", "weight":20 },
		{ "model": "block/cobblestone_stairs_inner/cobblestone_stairs_inner2", "weight":20 },
		{ "model": "block/cobblestone_stairs_inner/cobblestone_stairs_inner3", "weight":20 },
		{ "model": "block/cobblestone_stairs_inner/cobblestone_stairs_inner4", "weight":40 },
		{ "model": "block/cobblestone_stairs_inner/cobblestone_stairs_inner5", "weight":20 },
		{ "model": "block/cobblestone_stairs_inner/cobblestone_stairs_inner6", "weight":5 },
		{ "model": "block/cobblestone_stairs_inner/cobblestone_stairs_inner7", "weight":20 },
		{ "model": "block/cobblestone_stairs_inner/cobblestone_stairs_inner8", "weight":5 }
	],
    "facing=west,half=bottom,shape=inner_right": [
		{ "model": "block/cobblestone_stairs_inner/cobblestone_stairs_inner0", "weight":30, "y": 180, "uvlock": true },
		{ "model": "block/cobblestone_stairs_inner/cobblestone_stairs_inner1", "weight":20, "y": 180, "uvlock": true },
		{ "model": "block/cobblestone_stairs_inner/cobblestone_stairs_inner2", "weight":20, "y": 180, "uvlock": true },
		{ "model": "block/cobblestone_stairs_inner/cobblestone_stairs_inner3", "weight":20, "y": 180, "uvlock": true },
		{ "model": "block/cobblestone_stairs_inner/cobblestone_stairs_inner4", "weight":40, "y": 180, "uvlock": true },
		{ "model": "block/cobblestone_stairs_inner/cobblestone_stairs_inner5", "weight":20, "y": 180, "uvlock": true },
		{ "model": "block/cobblestone_stairs_inner/cobblestone_stairs_inner6", "weight":5, "y": 180, "uvlock": true },
		{ "model": "block/cobblestone_stairs_inner/cobblestone_stairs_inner7", "weight":20, "y": 180, "uvlock": true },
		{ "model": "block/cobblestone_stairs_inner/cobblestone_stairs_inner8", "weight":5, "y": 180, "uvlock": true }
	],
    "facing=south,half=bottom,shape=inner_right": [
		{ "model": "block/cobblestone_stairs_inner/cobblestone_stairs_inner0", "weight":30, "y": 90, "uvlock": true },
		{ "model": "block/cobblestone_stairs_inner/cobblestone_stairs_inner1", "weight":20, "y": 90, "uvlock": true },
		{ "model": "block/cobblestone_stairs_inner/cobblestone_stairs_inner2", "weight":20, "y": 90, "uvlock": true },
		{ "model": "block/cobblestone_stairs_inner/cobblestone_stairs_inner3", "weight":20, "y": 90, "uvlock": true },
		{ "model": "block/cobblestone_stairs_inner/cobblestone_stairs_inner4", "weight":40, "y": 90, "uvlock": true },
		{ "model": "block/cobblestone_stairs_inner/cobblestone_stairs_inner5", "weight":20, "y": 90, "uvlock": true },
		{ "model": "block/cobblestone_stairs_inner/cobblestone_stairs_inner6", "weight":5, "y": 90, "uvlock": true },
		{ "model": "block/cobblestone_stairs_inner/cobblestone_stairs_inner7", "weight":20, "y": 90, "uvlock": true },
		{ "model": "block/cobblestone_stairs_inner/cobblestone_stairs_inner8", "weight":5, "y": 90, "uvlock": true }
	],
    "facing=north,half=bottom,shape=inner_right": [
		{ "model": "block/cobblestone_stairs_inner/cobblestone_stairs_inner0", "weight":30, "y": 270, "uvlock": true },
		{ "model": "block/cobblestone_stairs_inner/cobblestone_stairs_inner1", "weight":20, "y": 270, "uvlock": true },
		{ "model": "block/cobblestone_stairs_inner/cobblestone_stairs_inner2", "weight":20, "y": 270, "uvlock": true },
		{ "model": "block/cobblestone_stairs_inner/cobblestone_stairs_inner3", "weight":20, "y": 270, "uvlock": true },
		{ "model": "block/cobblestone_stairs_inner/cobblestone_stairs_inner4", "weight":40, "y": 270, "uvlock": true },
		{ "model": "block/cobblestone_stairs_inner/cobblestone_stairs_inner5", "weight":20, "y": 270, "uvlock": true },
		{ "model": "block/cobblestone_stairs_inner/cobblestone_stairs_inner6", "weight":5, "y": 270, "uvlock": true },
		{ "model": "block/cobblestone_stairs_inner/cobblestone_stairs_inner7", "weight":20, "y": 270, "uvlock": true },
		{ "model": "block/cobblestone_stairs_inner/cobblestone_stairs_inner8", "weight":5, "y": 270, "uvlock": true }
	],
    "facing=east,half=bottom,shape=inner_left": [
		{ "model": "block/cobblestone_stairs_inner/cobblestone_stairs_inner0", "weight":30, "y": 270, "uvlock": true },
		{ "model": "block/cobblestone_stairs_inner/cobblestone_stairs_inner1", "weight":20, "y": 270, "uvlock": true },
		{ "model": "block/cobblestone_stairs_inner/cobblestone_stairs_inner2", "weight":20, "y": 270, "uvlock": true },
		{ "model": "block/cobblestone_stairs_inner/cobblestone_stairs_inner3", "weight":20, "y": 270, "uvlock": true },
		{ "model": "block/cobblestone_stairs_inner/cobblestone_stairs_inner4", "weight":40, "y": 270, "uvlock": true },
		{ "model": "block/cobblestone_stairs_inner/cobblestone_stairs_inner5", "weight":20, "y": 270, "uvlock": true },
		{ "model": "block/cobblestone_stairs_inner/cobblestone_stairs_inner6", "weight":5, "y": 270, "uvlock": true },
		{ "model": "block/cobblestone_stairs_inner/cobblestone_stairs_inner7", "weight":20, "y": 270, "uvlock": true },
		{ "model": "block/cobblestone_stairs_inner/cobblestone_stairs_inner8", "weight":5, "y": 270, "uvlock": true }
	],
    "facing=west,half=bottom,shape=inner_left": [
		{ "model": "block/cobblestone_stairs_inner/cobblestone_stairs_inner0", "weight":30, "y": 90, "uvlock": true },
		{ "model": "block/cobblestone_stairs_inner/cobblestone_stairs_inner1", "weight":20, "y": 90, "uvlock": true },
		{ "model": "block/cobblestone_stairs_inner/cobblestone_stairs_inner2", "weight":20, "y": 90, "uvlock": true },
		{ "model": "block/cobblestone_stairs_inner/cobblestone_stairs_inner3", "weight":20, "y": 90, "uvlock": true },
		{ "model": "block/cobblestone_stairs_inner/cobblestone_stairs_inner4", "weight":40, "y": 90, "uvlock": true },
		{ "model": "block/cobblestone_stairs_inner/cobblestone_stairs_inner5", "weight":20, "y": 90, "uvlock": true },
		{ "model": "block/cobblestone_stairs_inner/cobblestone_stairs_inner6", "weight":5, "y": 90, "uvlock": true },
		{ "model": "block/cobblestone_stairs_inner/cobblestone_stairs_inner7", "weight":20, "y": 90, "uvlock": true },
		{ "model": "block/cobblestone_stairs_inner/cobblestone_stairs_inner8", "weight":5, "y": 90, "uvlock": true }
	],
    "facing=south,half=bottom,shape=inner_left": [
		{ "model": "block/cobblestone_stairs_inner/cobblestone_stairs_inner0", "weight":30 },
		{ "model": "block/cobblestone_stairs_inner/cobblestone_stairs_inner1", "weight":20 },
		{ "model": "block/cobblestone_stairs_inner/cobblestone_stairs_inner2", "weight":20 },
		{ "model": "block/cobblestone_stairs_inner/cobblestone_stairs_inner3", "weight":20 },
		{ "model": "block/cobblestone_stairs_inner/cobblestone_stairs_inner4", "weight":40 },
		{ "model": "block/cobblestone_stairs_inner/cobblestone_stairs_inner5", "weight":20 },
		{ "model": "block/cobblestone_stairs_inner/cobblestone_stairs_inner6", "weight":5 },
		{ "model": "block/cobblestone_stairs_inner/cobblestone_stairs_inner7", "weight":20 },
		{ "model": "block/cobblestone_stairs_inner/cobblestone_stairs_inner8", "weight":5 }
	],
    "facing=north,half=bottom,shape=inner_left": [
		{ "model": "block/cobblestone_stairs_inner/cobblestone_stairs_inner0", "weight":30, "y": 180, "uvlock": true },
		{ "model": "block/cobblestone_stairs_inner/cobblestone_stairs_inner1", "weight":20, "y": 180, "uvlock": true },
		{ "model": "block/cobblestone_stairs_inner/cobblestone_stairs_inner2", "weight":20, "y": 180, "uvlock": true },
		{ "model": "block/cobblestone_stairs_inner/cobblestone_stairs_inner3", "weight":20, "y": 180, "uvlock": true },
		{ "model": "block/cobblestone_stairs_inner/cobblestone_stairs_inner4", "weight":40, "y": 180, "uvlock": true },
		{ "model": "block/cobblestone_stairs_inner/cobblestone_stairs_inner5", "weight":20, "y": 180, "uvlock": true },
		{ "model": "block/cobblestone_stairs_inner/cobblestone_stairs_inner6", "weight":5, "y": 180, "uvlock": true },
		{ "model": "block/cobblestone_stairs_inner/cobblestone_stairs_inner7", "weight":20, "y": 180, "uvlock": true },
		{ "model": "block/cobblestone_stairs_inner/cobblestone_stairs_inner8", "weight":5, "y": 180, "uvlock": true }
	],
    "facing=east,half=top,shape=straight": [
		{ "model": "block/cobblestone_stairs/cobblestone_stairs0", "weight":30, "x":180, "uvlock": true },
		{ "model": "block/cobblestone_stairs/cobblestone_stairs1", "weight":20, "x":180, "uvlock": true },
		{ "model": "block/cobblestone_stairs/cobblestone_stairs2", "weight":20, "x":180, "uvlock": true },
		{ "model": "block/cobblestone_stairs/cobblestone_stairs3", "weight":20, "x":180, "uvlock": true },
		{ "model": "block/cobblestone_stairs/cobblestone_stairs4", "weight":40, "x":180, "uvlock": true },
		{ "model": "block/cobblestone_stairs/cobblestone_stairs5", "weight":20, "x":180, "uvlock": true },
		{ "model": "block/cobblestone_stairs/cobblestone_stairs6", "weight":5, "x":180, "uvlock": true },
		{ "model": "block/cobblestone_stairs/cobblestone_stairs7", "weight":20, "x":180, "uvlock": true },
		{ "model": "block/cobblestone_stairs/cobblestone_stairs8", "weight":5, "x":180, "uvlock": true }
	],
    "facing=west,half=top,shape=straight": [
		{ "model": "block/cobblestone_stairs/cobblestone_stairs0", "weight":30, "x":180, "y": 180, "uvlock": true },
		{ "model": "block/cobblestone_stairs/cobblestone_stairs1", "weight":20, "x":180, "y": 180, "uvlock": true },
		{ "model": "block/cobblestone_stairs/cobblestone_stairs2", "weight":20, "x":180, "y": 180, "uvlock": true },
		{ "model": "block/cobblestone_stairs/cobblestone_stairs3", "weight":20, "x":180, "y": 180, "uvlock": true },
		{ "model": "block/cobblestone_stairs/cobblestone_stairs4", "weight":40, "x":180, "y": 180, "uvlock": true },
		{ "model": "block/cobblestone_stairs/cobblestone_stairs5", "weight":20, "x":180, "y": 180, "uvlock": true },
		{ "model": "block/cobblestone_stairs/cobblestone_stairs6", "weight":5, "x":180, "y": 180, "uvlock": true },
		{ "model": "block/cobblestone_stairs/cobblestone_stairs7", "weight":20, "x":180, "y": 180, "uvlock": true },
		{ "model": "block/cobblestone_stairs/cobblestone_stairs8", "weight":5, "x":180, "y": 180, "uvlock": true }
	],
    "facing=south,half=top,shape=straight": [
		{ "model": "block/cobblestone_stairs/cobblestone_stairs0", "weight":30, "x":180, "y": 90, "uvlock": true },
		{ "model": "block/cobblestone_stairs/cobblestone_stairs1", "weight":20, "x":180, "y": 90, "uvlock": true },
		{ "model": "block/cobblestone_stairs/cobblestone_stairs2", "weight":20, "x":180, "y": 90, "uvlock": true },
		{ "model": "block/cobblestone_stairs/cobblestone_stairs3", "weight":20, "x":180, "y": 90, "uvlock": true },
		{ "model": "block/cobblestone_stairs/cobblestone_stairs4", "weight":40, "x":180, "y": 90, "uvlock": true },
		{ "model": "block/cobblestone_stairs/cobblestone_stairs5", "weight":20, "x":180, "y": 90, "uvlock": true },
		{ "model": "block/cobblestone_stairs/cobblestone_stairs6", "weight":5, "x":180, "y": 90, "uvlock": true },
		{ "model": "block/cobblestone_stairs/cobblestone_stairs7", "weight":20, "x":180, "y": 90, "uvlock": true },
		{ "model": "block/cobblestone_stairs/cobblestone_stairs8", "weight":5, "x":180, "y": 90, "uvlock": true }
	],
    "facing=north,half=top,shape=straight": [
		{ "model": "block/cobblestone_stairs/cobblestone_stairs0", "weight":30, "x":180, "y": 270, "uvlock": true },
		{ "model": "block/cobblestone_stairs/cobblestone_stairs1", "weight":20, "x":180, "y": 270, "uvlock": true },
		{ "model": "block/cobblestone_stairs/cobblestone_stairs2", "weight":20, "x":180, "y": 270, "uvlock": true },
		{ "model": "block/cobblestone_stairs/cobblestone_stairs3", "weight":20, "x":180, "y": 270, "uvlock": true },
		{ "model": "block/cobblestone_stairs/cobblestone_stairs4", "weight":40, "x":180, "y": 270, "uvlock": true },
		{ "model": "block/cobblestone_stairs/cobblestone_stairs5", "weight":20, "x":180, "y": 270, "uvlock": true },
		{ "model": "block/cobblestone_stairs/cobblestone_stairs6", "weight":5, "x":180, "y": 270, "uvlock": true },
		{ "model": "block/cobblestone_stairs/cobblestone_stairs7", "weight":20, "x":180, "y": 270, "uvlock": true },
		{ "model": "block/cobblestone_stairs/cobblestone_stairs8", "weight":5, "x":180, "y": 270, "uvlock": true }
	],
    "facing=east,half=top,shape=outer_right": [
		{ "model": "block/cobblestone_stairs_outer/cobblestone_stairs_outer0", "weight":30, "x":180, "y":90, "uvlock": true },
		{ "model": "block/cobblestone_stairs_outer/cobblestone_stairs_outer1", "weight":20, "x":180, "y":90, "uvlock": true },
		{ "model": "block/cobblestone_stairs_outer/cobblestone_stairs_outer2", "weight":20, "x":180, "y":90, "uvlock": true },
		{ "model": "block/cobblestone_stairs_outer/cobblestone_stairs_outer3", "weight":20, "x":180, "y":90, "uvlock": true },
		{ "model": "block/cobblestone_stairs_outer/cobblestone_stairs_outer4", "weight":40, "x":180, "y":90, "uvlock": true },
		{ "model": "block/cobblestone_stairs_outer/cobblestone_stairs_outer5", "weight":20, "x":180, "y":90, "uvlock": true },
		{ "model": "block/cobblestone_stairs_outer/cobblestone_stairs_outer6", "weight":5, "x":180, "y":90, "uvlock": true },
		{ "model": "block/cobblestone_stairs_outer/cobblestone_stairs_outer7", "weight":20, "x":180, "y":90, "uvlock": true },
		{ "model": "block/cobblestone_stairs_outer/cobblestone_stairs_outer8", "weight":5, "x":180, "y":90, "uvlock": true }
	],
    "facing=west,half=top,shape=outer_right": [
		{ "model": "block/cobblestone_stairs_outer/cobblestone_stairs_outer0", "weight":30, "x":180, "y":270, "uvlock": true },
		{ "model": "block/cobblestone_stairs_outer/cobblestone_stairs_outer1", "weight":20, "x":180, "y":270, "uvlock": true },
		{ "model": "block/cobblestone_stairs_outer/cobblestone_stairs_outer2", "weight":20, "x":180, "y":270, "uvlock": true },
		{ "model": "block/cobblestone_stairs_outer/cobblestone_stairs_outer3", "weight":20, "x":180, "y":270, "uvlock": true },
		{ "model": "block/cobblestone_stairs_outer/cobblestone_stairs_outer4", "weight":40, "x":180, "y":270, "uvlock": true },
		{ "model": "block/cobblestone_stairs_outer/cobblestone_stairs_outer5", "weight":20, "x":180, "y":270, "uvlock": true },
		{ "model": "block/cobblestone_stairs_outer/cobblestone_stairs_outer6", "weight":5, "x":180, "y":270, "uvlock": true },
		{ "model": "block/cobblestone_stairs_outer/cobblestone_stairs_outer7", "weight":20, "x":180, "y":270, "uvlock": true },
		{ "model": "block/cobblestone_stairs_outer/cobblestone_stairs_outer8", "weight":5, "x":180, "y":270, "uvlock": true }
	],
    "facing=south,half=top,shape=outer_right": [
		{ "model": "block/cobblestone_stairs_outer/cobblestone_stairs_outer0", "weight":30, "x":180, "y":180, "uvlock": true },
		{ "model": "block/cobblestone_stairs_outer/cobblestone_stairs_outer1", "weight":20, "x":180, "y":180, "uvlock": true },
		{ "model": "block/cobblestone_stairs_outer/cobblestone_stairs_outer2", "weight":20, "x":180, "y":180, "uvlock": true },
		{ "model": "block/cobblestone_stairs_outer/cobblestone_stairs_outer3", "weight":20, "x":180, "y":180, "uvlock": true },
		{ "model": "block/cobblestone_stairs_outer/cobblestone_stairs_outer4", "weight":40, "x":180, "y":180, "uvlock": true },
		{ "model": "block/cobblestone_stairs_outer/cobblestone_stairs_outer5", "weight":20, "x":180, "y":180, "uvlock": true },
		{ "model": "block/cobblestone_stairs_outer/cobblestone_stairs_outer6", "weight":5, "x":180, "y":180, "uvlock": true },
		{ "model": "block/cobblestone_stairs_outer/cobblestone_stairs_outer7", "weight":20, "x":180, "y":180, "uvlock": true },
		{ "model": "block/cobblestone_stairs_outer/cobblestone_stairs_outer8", "weight":5, "x":180, "y":180, "uvlock": true }
	],
    "facing=north,half=top,shape=outer_right": [
		{ "model": "block/cobblestone_stairs_outer/cobblestone_stairs_outer0", "weight":30, "x":180, "uvlock": true },
		{ "model": "block/cobblestone_stairs_outer/cobblestone_stairs_outer1", "weight":20, "x":180, "uvlock": true },
		{ "model": "block/cobblestone_stairs_outer/cobblestone_stairs_outer2", "weight":20, "x":180, "uvlock": true },
		{ "model": "block/cobblestone_stairs_outer/cobblestone_stairs_outer3", "weight":20, "x":180, "uvlock": true },
		{ "model": "block/cobblestone_stairs_outer/cobblestone_stairs_outer4", "weight":40, "x":180, "uvlock": true },
		{ "model": "block/cobblestone_stairs_outer/cobblestone_stairs_outer5", "weight":20, "x":180, "uvlock": true },
		{ "model": "block/cobblestone_stairs_outer/cobblestone_stairs_outer6", "weight":5, "x":180, "uvlock": true },
		{ "model": "block/cobblestone_stairs_outer/cobblestone_stairs_outer7", "weight":20, "x":180, "uvlock": true },
		{ "model": "block/cobblestone_stairs_outer/cobblestone_stairs_outer8", "weight":5, "x":180, "uvlock": true }
	],
    "facing=east,half=top,shape=outer_left": [
		{ "model": "block/cobblestone_stairs_outer/cobblestone_stairs_outer0", "weight":30, "x":180, "uvlock": true },
		{ "model": "block/cobblestone_stairs_outer/cobblestone_stairs_outer1", "weight":20, "x":180, "uvlock": true },
		{ "model": "block/cobblestone_stairs_outer/cobblestone_stairs_outer2", "weight":20, "x":180, "uvlock": true },
		{ "model": "block/cobblestone_stairs_outer/cobblestone_stairs_outer3", "weight":20, "x":180, "uvlock": true },
		{ "model": "block/cobblestone_stairs_outer/cobblestone_stairs_outer4", "weight":40, "x":180, "uvlock": true },
		{ "model": "block/cobblestone_stairs_outer/cobblestone_stairs_outer5", "weight":20, "x":180, "uvlock": true },
		{ "model": "block/cobblestone_stairs_outer/cobblestone_stairs_outer6", "weight":5, "x":180, "uvlock": true },
		{ "model": "block/cobblestone_stairs_outer/cobblestone_stairs_outer7", "weight":20, "x":180, "uvlock": true },
		{ "model": "block/cobblestone_stairs_outer/cobblestone_stairs_outer8", "weight":5, "x":180, "uvlock": true }
	],
    "facing=west,half=top,shape=outer_left": [
		{ "model": "block/cobblestone_stairs_outer/cobblestone_stairs_outer0", "weight":30, "x":180, "y":180, "uvlock": true },
		{ "model": "block/cobblestone_stairs_outer/cobblestone_stairs_outer1", "weight":20, "x":180, "y":180, "uvlock": true },
		{ "model": "block/cobblestone_stairs_outer/cobblestone_stairs_outer2", "weight":20, "x":180, "y":180, "uvlock": true },
		{ "model": "block/cobblestone_stairs_outer/cobblestone_stairs_outer3", "weight":20, "x":180, "y":180, "uvlock": true },
		{ "model": "block/cobblestone_stairs_outer/cobblestone_stairs_outer4", "weight":40, "x":180, "y":180, "uvlock": true },
		{ "model": "block/cobblestone_stairs_outer/cobblestone_stairs_outer5", "weight":20, "x":180, "y":180, "uvlock": true },
		{ "model": "block/cobblestone_stairs_outer/cobblestone_stairs_outer6", "weight":5, "x":180, "y":180, "uvlock": true },
		{ "model": "block/cobblestone_stairs_outer/cobblestone_stairs_outer7", "weight":20, "x":180, "y":180, "uvlock": true },
		{ "model": "block/cobblestone_stairs_outer/cobblestone_stairs_outer8", "weight":5, "x":180, "y":180, "uvlock": true }
	],
    "facing=south,half=top,shape=outer_left": [
		{ "model": "block/cobblestone_stairs_outer/cobblestone_stairs_outer0", "weight":30, "x":180, "y":90, "uvlock": true },
		{ "model": "block/cobblestone_stairs_outer/cobblestone_stairs_outer1", "weight":20, "x":180, "y":90, "uvlock": true },
		{ "model": "block/cobblestone_stairs_outer/cobblestone_stairs_outer2", "weight":20, "x":180, "y":90, "uvlock": true },
		{ "model": "block/cobblestone_stairs_outer/cobblestone_stairs_outer3", "weight":20, "x":180, "y":90, "uvlock": true },
		{ "model": "block/cobblestone_stairs_outer/cobblestone_stairs_outer4", "weight":40, "x":180, "y":90, "uvlock": true },
		{ "model": "block/cobblestone_stairs_outer/cobblestone_stairs_outer5", "weight":20, "x":180, "y":90, "uvlock": true },
		{ "model": "block/cobblestone_stairs_outer/cobblestone_stairs_outer6", "weight":5, "x":180, "y":90, "uvlock": true },
		{ "model": "block/cobblestone_stairs_outer/cobblestone_stairs_outer7", "weight":20, "x":180, "y":90, "uvlock": true },
		{ "model": "block/cobblestone_stairs_outer/cobblestone_stairs_outer8", "weight":5, "x":180, "y":90, "uvlock": true }
	],
    "facing=north,half=top,shape=outer_left": [
		{ "model": "block/cobblestone_stairs_outer/cobblestone_stairs_outer0", "weight":30, "x":180, "y":270, "uvlock": true },
		{ "model": "block/cobblestone_stairs_outer/cobblestone_stairs_outer1", "weight":20, "x":180, "y":270, "uvlock": true },
		{ "model": "block/cobblestone_stairs_outer/cobblestone_stairs_outer2", "weight":20, "x":180, "y":270, "uvlock": true },
		{ "model": "block/cobblestone_stairs_outer/cobblestone_stairs_outer3", "weight":20, "x":180, "y":270, "uvlock": true },
		{ "model": "block/cobblestone_stairs_outer/cobblestone_stairs_outer4", "weight":40, "x":180, "y":270, "uvlock": true },
		{ "model": "block/cobblestone_stairs_outer/cobblestone_stairs_outer5", "weight":20, "x":180, "y":270, "uvlock": true },
		{ "model": "block/cobblestone_stairs_outer/cobblestone_stairs_outer6", "weight":5, "x":180, "y":270, "uvlock": true },
		{ "model": "block/cobblestone_stairs_outer/cobblestone_stairs_outer7", "weight":20, "x":180, "y":270, "uvlock": true },
		{ "model": "block/cobblestone_stairs_outer/cobblestone_stairs_outer8", "weight":5, "x":180, "y":270, "uvlock": true }
	],
    "facing=east,half=top,shape=inner_right": [
		{ "model": "block/cobblestone_stairs_inner/cobblestone_stairs_inner0", "weight":30, "x":180, "y":90, "uvlock": true },
		{ "model": "block/cobblestone_stairs_inner/cobblestone_stairs_inner1", "weight":20, "x":180, "y":90, "uvlock": true },
		{ "model": "block/cobblestone_stairs_inner/cobblestone_stairs_inner2", "weight":20, "x":180, "y":90, "uvlock": true },
		{ "model": "block/cobblestone_stairs_inner/cobblestone_stairs_inner3", "weight":20, "x":180, "y":90, "uvlock": true },
		{ "model": "block/cobblestone_stairs_inner/cobblestone_stairs_inner4", "weight":40, "x":180, "y":90, "uvlock": true },
		{ "model": "block/cobblestone_stairs_inner/cobblestone_stairs_inner5", "weight":20, "x":180, "y":90, "uvlock": true },
		{ "model": "block/cobblestone_stairs_inner/cobblestone_stairs_inner6", "weight":5, "x":180, "y":90, "uvlock": true },
		{ "model": "block/cobblestone_stairs_inner/cobblestone_stairs_inner7", "weight":20, "x":180, "y":90, "uvlock": true },
		{ "model": "block/cobblestone_stairs_inner/cobblestone_stairs_inner8", "weight":5, "x":180, "y":90, "uvlock": true }
	],
    "facing=west,half=top,shape=inner_right": [
		{ "model": "block/cobblestone_stairs_inner/cobblestone_stairs_inner0", "weight":30, "x":180, "y":270, "uvlock": true },
		{ "model": "block/cobblestone_stairs_inner/cobblestone_stairs_inner1", "weight":20, "x":180, "y":270, "uvlock": true },
		{ "model": "block/cobblestone_stairs_inner/cobblestone_stairs_inner2", "weight":20, "x":180, "y":270, "uvlock": true },
		{ "model": "block/cobblestone_stairs_inner/cobblestone_stairs_inner3", "weight":20, "x":180, "y":270, "uvlock": true },
		{ "model": "block/cobblestone_stairs_inner/cobblestone_stairs_inner4", "weight":40, "x":180, "y":270, "uvlock": true },
		{ "model": "block/cobblestone_stairs_inner/cobblestone_stairs_inner5", "weight":20, "x":180, "y":270, "uvlock": true },
		{ "model": "block/cobblestone_stairs_inner/cobblestone_stairs_inner6", "weight":5, "x":180, "y":270, "uvlock": true },
		{ "model": "block/cobblestone_stairs_inner/cobblestone_stairs_inner7", "weight":20, "x":180, "y":270, "uvlock": true },
		{ "model": "block/cobblestone_stairs_inner/cobblestone_stairs_inner8", "weight":5, "x":180, "y":270, "uvlock": true }
	],
    "facing=south,half=top,shape=inner_right": [
		{ "model": "block/cobblestone_stairs_inner/cobblestone_stairs_inner0", "weight":30, "x":180, "y":180, "uvlock": true },
		{ "model": "block/cobblestone_stairs_inner/cobblestone_stairs_inner1", "weight":20, "x":180, "y":180, "uvlock": true },
		{ "model": "block/cobblestone_stairs_inner/cobblestone_stairs_inner2", "weight":20, "x":180, "y":180, "uvlock": true },
		{ "model": "block/cobblestone_stairs_inner/cobblestone_stairs_inner3", "weight":20, "x":180, "y":180, "uvlock": true },
		{ "model": "block/cobblestone_stairs_inner/cobblestone_stairs_inner4", "weight":40, "x":180, "y":180, "uvlock": true },
		{ "model": "block/cobblestone_stairs_inner/cobblestone_stairs_inner5", "weight":20, "x":180, "y":180, "uvlock": true },
		{ "model": "block/cobblestone_stairs_inner/cobblestone_stairs_inner6", "weight":5, "x":180, "y":180, "uvlock": true },
		{ "model": "block/cobblestone_stairs_inner/cobblestone_stairs_inner7", "weight":20, "x":180, "y":180, "uvlock": true },
		{ "model": "block/cobblestone_stairs_inner/cobblestone_stairs_inner8", "weight":5, "x":180, "y":180, "uvlock": true }
	],
    "facing=north,half=top,shape=inner_right": [
		{ "model": "block/cobblestone_stairs_inner/cobblestone_stairs_inner0", "weight":30, "x":180, "uvlock": true },
		{ "model": "block/cobblestone_stairs_inner/cobblestone_stairs_inner1", "weight":20, "x":180, "uvlock": true },
		{ "model": "block/cobblestone_stairs_inner/cobblestone_stairs_inner2", "weight":20, "x":180, "uvlock": true },
		{ "model": "block/cobblestone_stairs_inner/cobblestone_stairs_inner3", "weight":20, "x":180, "uvlock": true },
		{ "model": "block/cobblestone_stairs_inner/cobblestone_stairs_inner4", "weight":40, "x":180, "uvlock": true },
		{ "model": "block/cobblestone_stairs_inner/cobblestone_stairs_inner5", "weight":20, "x":180, "uvlock": true },
		{ "model": "block/cobblestone_stairs_inner/cobblestone_stairs_inner6", "weight":5, "x":180, "uvlock": true },
		{ "model": "block/cobblestone_stairs_inner/cobblestone_stairs_inner7", "weight":20, "x":180, "uvlock": true },
		{ "model": "block/cobblestone_stairs_inner/cobblestone_stairs_inner8", "weight":5, "x":180, "uvlock": true }
	],
    "facing=east,half=top,shape=inner_left": [
		{ "model": "block/cobblestone_stairs_inner/cobblestone_stairs_inner0", "weight":30, "x":180, "uvlock": true },
		{ "model": "block/cobblestone_stairs_inner/cobblestone_stairs_inner1", "weight":20, "x":180, "uvlock": true },
		{ "model": "block/cobblestone_stairs_inner/cobblestone_stairs_inner2", "weight":20, "x":180, "uvlock": true },
		{ "model": "block/cobblestone_stairs_inner/cobblestone_stairs_inner3", "weight":20, "x":180, "uvlock": true },
		{ "model": "block/cobblestone_stairs_inner/cobblestone_stairs_inner4", "weight":40, "x":180, "uvlock": true },
		{ "model": "block/cobblestone_stairs_inner/cobblestone_stairs_inner5", "weight":20, "x":180, "uvlock": true },
		{ "model": "block/cobblestone_stairs_inner/cobblestone_stairs_inner6", "weight":5, "x":180, "uvlock": true },
		{ "model": "block/cobblestone_stairs_inner/cobblestone_stairs_inner7", "weight":20, "x":180, "uvlock": true },
		{ "model": "block/cobblestone_stairs_inner/cobblestone_stairs_inner8", "weight":5, "x":180, "uvlock": true }
	],
    "facing=west,half=top,shape=inner_left": [
		{ "model": "block/cobblestone_stairs_inner/cobblestone_stairs_inner0", "weight":30, "x":180, "y":180, "uvlock": true },
		{ "model": "block/cobblestone_stairs_inner/cobblestone_stairs_inner1", "weight":20, "x":180, "y":180, "uvlock": true },
		{ "model": "block/cobblestone_stairs_inner/cobblestone_stairs_inner2", "weight":20, "x":180, "y":180, "uvlock": true },
		{ "model": "block/cobblestone_stairs_inner/cobblestone_stairs_inner3", "weight":20, "x":180, "y":180, "uvlock": true },
		{ "model": "block/cobblestone_stairs_inner/cobblestone_stairs_inner4", "weight":40, "x":180, "y":180, "uvlock": true },
		{ "model": "block/cobblestone_stairs_inner/cobblestone_stairs_inner5", "weight":20, "x":180, "y":180, "uvlock": true },
		{ "model": "block/cobblestone_stairs_inner/cobblestone_stairs_inner6", "weight":5, "x":180, "y":180, "uvlock": true },
		{ "model": "block/cobblestone_stairs_inner/cobblestone_stairs_inner7", "weight":20, "x":180, "y":180, "uvlock": true },
		{ "model": "block/cobblestone_stairs_inner/cobblestone_stairs_inner8", "weight":5, "x":180, "y":180, "uvlock": true }
	],
    "facing=south,half=top,shape=inner_left": [
		{ "model": "block/cobblestone_stairs_inner/cobblestone_stairs_inner0", "weight":30, "x":180, "y":90, "uvlock": true },
		{ "model": "block/cobblestone_stairs_inner/cobblestone_stairs_inner1", "weight":20, "x":180, "y":90, "uvlock": true },
		{ "model": "block/cobblestone_stairs_inner/cobblestone_stairs_inner2", "weight":20, "x":180, "y":90, "uvlock": true },
		{ "model": "block/cobblestone_stairs_inner/cobblestone_stairs_inner3", "weight":20, "x":180, "y":90, "uvlock": true },
		{ "model": "block/cobblestone_stairs_inner/cobblestone_stairs_inner4", "weight":40, "x":180, "y":90, "uvlock": true },
		{ "model": "block/cobblestone_stairs_inner/cobblestone_stairs_inner5", "weight":20, "x":180, "y":90, "uvlock": true },
		{ "model": "block/cobblestone_stairs_inner/cobblestone_stairs_inner6", "weight":5, "x":180, "y":90, "uvlock": true },
		{ "model": "block/cobblestone_stairs_inner/cobblestone_stairs_inner7", "weight":20, "x":180, "y":90, "uvlock": true },
		{ "model": "block/cobblestone_stairs_inner/cobblestone_stairs_inner8", "weight":5, "x":180, "y":90, "uvlock": true }
	],
    "facing=north,half=top,shape=inner_left": [
		{ "model": "block/cobblestone_stairs_inner/cobblestone_stairs_inner0", "weight":30, "x":180, "y":270, "uvlock": true },
		{ "model": "block/cobblestone_stairs_inner/cobblestone_stairs_inner1", "weight":20, "x":180, "y":270, "uvlock": true },
		{ "model": "block/cobblestone_stairs_inner/cobblestone_stairs_inner2", "weight":20, "x":180, "y":270, "uvlock": true },
		{ "model": "block/cobblestone_stairs_inner/cobblestone_stairs_inner3", "weight":20, "x":180, "y":270, "uvlock": true },
		{ "model": "block/cobblestone_stairs_inner/cobblestone_stairs_inner4", "weight":40, "x":180, "y":270, "uvlock": true },
		{ "model": "block/cobblestone_stairs_inner/cobblestone_stairs_inner5", "weight":20, "x":180, "y":270, "uvlock": true },
		{ "model": "block/cobblestone_stairs_inner/cobblestone_stairs_inner6", "weight":5, "x":180, "y":270, "uvlock": true },
		{ "model": "block/cobblestone_stairs_inner/cobblestone_stairs_inner7", "weight":20, "x":180, "y":270, "uvlock": true },
		{ "model": "block/cobblestone_stairs_inner/cobblestone_stairs_inner8", "weight":5, "x":180, "y":270, "uvlock": true }
	]
  }
}
