{
  "variants": {
    "type=bottom": [
		{ "model": "block/mossy_cobblestone_slab/mossy_cobblestone_slab0", "weight":30 },
		{ "model": "block/mossy_cobblestone_slab/mossy_cobblestone_slab1", "weight":20 },
		{ "model": "block/mossy_cobblestone_slab/mossy_cobblestone_slab2", "weight":20 },
		{ "model": "block/mossy_cobblestone_slab/mossy_cobblestone_slab3", "weight":20 },
		{ "model": "block/mossy_cobblestone_slab/mossy_cobblestone_slab4", "weight":40 },
		{ "model": "block/mossy_cobblestone_slab/mossy_cobblestone_slab5", "weight":20 },
		{ "model": "block/mossy_cobblestone_slab/mossy_cobblestone_slab6", "weight":5 },
		{ "model": "block/mossy_cobblestone_slab/mossy_cobblestone_slab7", "weight":20 },
		{ "model": "block/mossy_cobblestone_slab/mossy_cobblestone_slab8", "weight":5 }
	],
    "type=top": [
		{ "model": "block/mossy_cobblestone_slab_top/mossy_cobblestone_slab_top0", "weight":30 },
		{ "model": "block/mossy_cobblestone_slab_top/mossy_cobblestone_slab_top1", "weight":20 },
		{ "model": "block/mossy_cobblestone_slab_top/mossy_cobblestone_slab_top2", "weight":20 },
		{ "model": "block/mossy_cobblestone_slab_top/mossy_cobblestone_slab_top3", "weight":20 },
		{ "model": "block/mossy_cobblestone_slab_top/mossy_cobblestone_slab_top4", "weight":40 },
		{ "model": "block/mossy_cobblestone_slab_top/mossy_cobblestone_slab_top5", "weight":20 },
		{ "model": "block/mossy_cobblestone_slab_top/mossy_cobblestone_slab_top6", "weight":5 },
		{ "model": "block/mossy_cobblestone_slab_top/mossy_cobblestone_slab_top7", "weight":20 },
		{ "model": "block/mossy_cobblestone_slab_top/mossy_cobblestone_slab_top8", "weight":5 }
	],
    "type=double": {
      "model": "block/double_slab/mossy_cobblestone_slab_double"
    }
  }
}