{
  "multipart": [
    {
      "when": {
        "up": "true"
      },
      "apply": [
        { "model": "block/mossy_cobblestone_wall_post/mossy_cobblestone_wall_post0", "weight":30 },
		{ "model": "block/mossy_cobblestone_wall_post/mossy_cobblestone_wall_post1", "weight":20 },
		{ "model": "block/mossy_cobblestone_wall_post/mossy_cobblestone_wall_post2", "weight":20 },
		{ "model": "block/mossy_cobblestone_wall_post/mossy_cobblestone_wall_post3", "weight":20 },
		{ "model": "block/mossy_cobblestone_wall_post/mossy_cobblestone_wall_post4", "weight":40 },
		{ "model": "block/mossy_cobblestone_wall_post/mossy_cobblestone_wall_post5", "weight":20 },
		{ "model": "block/mossy_cobblestone_wall_post/mossy_cobblestone_wall_post6", "weight":5 },
		{ "model": "block/mossy_cobblestone_wall_post/mossy_cobblestone_wall_post7", "weight":20 },
		{ "model": "block/mossy_cobblestone_wall_post/mossy_cobblestone_wall_post8", "weight":5 }
      ]
    },
    {
      "when": {
        "north": "low"
      },
      "apply": [
        { "model": "block/mossy_cobblestone_wall_side/mossy_cobblestone_wall_side0", "weight":30, "uvlock": true },
		{ "model": "block/mossy_cobblestone_wall_side/mossy_cobblestone_wall_side1", "weight":20, "uvlock": true },
		{ "model": "block/mossy_cobblestone_wall_side/mossy_cobblestone_wall_side2", "weight":20, "uvlock": true },
		{ "model": "block/mossy_cobblestone_wall_side/mossy_cobblestone_wall_side3", "weight":20, "uvlock": true },
		{ "model": "block/mossy_cobblestone_wall_side/mossy_cobblestone_wall_side4", "weight":40, "uvlock": true },
		{ "model": "block/mossy_cobblestone_wall_side/mossy_cobblestone_wall_side5", "weight":20, "uvlock": true },
		{ "model": "block/mossy_cobblestone_wall_side/mossy_cobblestone_wall_side6", "weight":5, "uvlock": true },
		{ "model": "block/mossy_cobblestone_wall_side/mossy_cobblestone_wall_side7", "weight":20, "uvlock": true },
		{ "model": "block/mossy_cobblestone_wall_side/mossy_cobblestone_wall_side8", "weight":5, "uvlock": true }
      ]
    },
    {
      "when": {
        "east": "low"
      },
      "apply": [
        { "model": "block/mossy_cobblestone_wall_side/mossy_cobblestone_wall_side0", "weight":30, "uvlock": true, "y": 90 },
		{ "model": "block/mossy_cobblestone_wall_side/mossy_cobblestone_wall_side1", "weight":20, "uvlock": true, "y": 90 },
		{ "model": "block/mossy_cobblestone_wall_side/mossy_cobblestone_wall_side2", "weight":20, "uvlock": true, "y": 90 },
		{ "model": "block/mossy_cobblestone_wall_side/mossy_cobblestone_wall_side3", "weight":20, "uvlock": true, "y": 90 },
		{ "model": "block/mossy_cobblestone_wall_side/mossy_cobblestone_wall_side4", "weight":40, "uvlock": true, "y": 90 },
		{ "model": "block/mossy_cobblestone_wall_side/mossy_cobblestone_wall_side5", "weight":20, "uvlock": true, "y": 90 },
		{ "model": "block/mossy_cobblestone_wall_side/mossy_cobblestone_wall_side6", "weight":5, "uvlock": true, "y": 90 },
		{ "model": "block/mossy_cobblestone_wall_side/mossy_cobblestone_wall_side7", "weight":20, "uvlock": true, "y": 90 },
		{ "model": "block/mossy_cobblestone_wall_side/mossy_cobblestone_wall_side8", "weight":5, "uvlock": true, "y": 90 }
      ]
    },
    {
      "when": {
        "south": "low"
      },
      "apply": [
        { "model": "block/mossy_cobblestone_wall_side/mossy_cobblestone_wall_side0", "weight":30, "uvlock": true, "y": 180 },
		{ "model": "block/mossy_cobblestone_wall_side/mossy_cobblestone_wall_side1", "weight":20, "uvlock": true, "y": 180 },
		{ "model": "block/mossy_cobblestone_wall_side/mossy_cobblestone_wall_side2", "weight":20, "uvlock": true, "y": 180 },
		{ "model": "block/mossy_cobblestone_wall_side/mossy_cobblestone_wall_side3", "weight":20, "uvlock": true, "y": 180 },
		{ "model": "block/mossy_cobblestone_wall_side/mossy_cobblestone_wall_side4", "weight":40, "uvlock": true, "y": 180 },
		{ "model": "block/mossy_cobblestone_wall_side/mossy_cobblestone_wall_side5", "weight":20, "uvlock": true, "y": 180 },
		{ "model": "block/mossy_cobblestone_wall_side/mossy_cobblestone_wall_side6", "weight":5, "uvlock": true, "y": 180 },
		{ "model": "block/mossy_cobblestone_wall_side/mossy_cobblestone_wall_side7", "weight":20, "uvlock": true, "y": 180 },
		{ "model": "block/mossy_cobblestone_wall_side/mossy_cobblestone_wall_side8", "weight":5, "uvlock": true, "y": 180 }
      ]
    },
    {
      "when": {
        "west": "low"
      },
      "apply": [
        { "model": "block/mossy_cobblestone_wall_side/mossy_cobblestone_wall_side0", "weight":30, "uvlock": true, "y": 270 },
		{ "model": "block/mossy_cobblestone_wall_side/mossy_cobblestone_wall_side1", "weight":20, "uvlock": true, "y": 270 },
		{ "model": "block/mossy_cobblestone_wall_side/mossy_cobblestone_wall_side2", "weight":20, "uvlock": true, "y": 270 },
		{ "model": "block/mossy_cobblestone_wall_side/mossy_cobblestone_wall_side3", "weight":20, "uvlock": true, "y": 270 },
		{ "model": "block/mossy_cobblestone_wall_side/mossy_cobblestone_wall_side4", "weight":40, "uvlock": true, "y": 270 },
		{ "model": "block/mossy_cobblestone_wall_side/mossy_cobblestone_wall_side5", "weight":20, "uvlock": true, "y": 270 },
		{ "model": "block/mossy_cobblestone_wall_side/mossy_cobblestone_wall_side6", "weight":5, "uvlock": true, "y": 270 },
		{ "model": "block/mossy_cobblestone_wall_side/mossy_cobblestone_wall_side7", "weight":20, "uvlock": true, "y": 270 },
		{ "model": "block/mossy_cobblestone_wall_side/mossy_cobblestone_wall_side8", "weight":5, "uvlock": true, "y": 270 }
      ]
    },
    {
      "when": {
        "north": "tall"
      },
      "apply": [
        { "model": "block/mossy_cobblestone_wall_side_tall/mossy_cobblestone_wall_side_tall0", "weight":30, "uvlock": true },
		{ "model": "block/mossy_cobblestone_wall_side_tall/mossy_cobblestone_wall_side_tall1", "weight":20, "uvlock": true },
		{ "model": "block/mossy_cobblestone_wall_side_tall/mossy_cobblestone_wall_side_tall2", "weight":20, "uvlock": true },
		{ "model": "block/mossy_cobblestone_wall_side_tall/mossy_cobblestone_wall_side_tall3", "weight":20, "uvlock": true },
		{ "model": "block/mossy_cobblestone_wall_side_tall/mossy_cobblestone_wall_side_tall4", "weight":40, "uvlock": true },
		{ "model": "block/mossy_cobblestone_wall_side_tall/mossy_cobblestone_wall_side_tall5", "weight":20, "uvlock": true },
		{ "model": "block/mossy_cobblestone_wall_side_tall/mossy_cobblestone_wall_side_tall6", "weight":5, "uvlock": true },
		{ "model": "block/mossy_cobblestone_wall_side_tall/mossy_cobblestone_wall_side_tall7", "weight":20, "uvlock": true },
		{ "model": "block/mossy_cobblestone_wall_side_tall/mossy_cobblestone_wall_side_tall8", "weight":5, "uvlock": true }
      ]
    },
    {
      "when": {
        "east": "tall"
      },
      "apply": [
        { "model": "block/mossy_cobblestone_wall_side_tall/mossy_cobblestone_wall_side_tall0", "weight":30, "uvlock": true, "y": 90 },
		{ "model": "block/mossy_cobblestone_wall_side_tall/mossy_cobblestone_wall_side_tall1", "weight":20, "uvlock": true, "y": 90 },
		{ "model": "block/mossy_cobblestone_wall_side_tall/mossy_cobblestone_wall_side_tall2", "weight":20, "uvlock": true, "y": 90 },
		{ "model": "block/mossy_cobblestone_wall_side_tall/mossy_cobblestone_wall_side_tall3", "weight":20, "uvlock": true, "y": 90 },
		{ "model": "block/mossy_cobblestone_wall_side_tall/mossy_cobblestone_wall_side_tall4", "weight":40, "uvlock": true, "y": 90 },
		{ "model": "block/mossy_cobblestone_wall_side_tall/mossy_cobblestone_wall_side_tall5", "weight":20, "uvlock": true, "y": 90 },
		{ "model": "block/mossy_cobblestone_wall_side_tall/mossy_cobblestone_wall_side_tall6", "weight":5, "uvlock": true, "y": 90 },
		{ "model": "block/mossy_cobblestone_wall_side_tall/mossy_cobblestone_wall_side_tall7", "weight":20, "uvlock": true, "y": 90 },
		{ "model": "block/mossy_cobblestone_wall_side_tall/mossy_cobblestone_wall_side_tall8", "weight":5, "uvlock": true, "y": 90 }
      ]
    },
    {
      "when": {
        "south": "tall"
      },
      "apply": [
        { "model": "block/mossy_cobblestone_wall_side_tall/mossy_cobblestone_wall_side_tall0", "weight":30, "uvlock": true, "y": 180 },
		{ "model": "block/mossy_cobblestone_wall_side_tall/mossy_cobblestone_wall_side_tall1", "weight":20, "uvlock": true, "y": 180 },
		{ "model": "block/mossy_cobblestone_wall_side_tall/mossy_cobblestone_wall_side_tall2", "weight":20, "uvlock": true, "y": 180 },
		{ "model": "block/mossy_cobblestone_wall_side_tall/mossy_cobblestone_wall_side_tall3", "weight":20, "uvlock": true, "y": 180 },
		{ "model": "block/mossy_cobblestone_wall_side_tall/mossy_cobblestone_wall_side_tall4", "weight":40, "uvlock": true, "y": 180 },
		{ "model": "block/mossy_cobblestone_wall_side_tall/mossy_cobblestone_wall_side_tall5", "weight":20, "uvlock": true, "y": 180 },
		{ "model": "block/mossy_cobblestone_wall_side_tall/mossy_cobblestone_wall_side_tall6", "weight":5, "uvlock": true, "y": 180 },
		{ "model": "block/mossy_cobblestone_wall_side_tall/mossy_cobblestone_wall_side_tall7", "weight":20, "uvlock": true, "y": 180 },
		{ "model": "block/mossy_cobblestone_wall_side_tall/mossy_cobblestone_wall_side_tall8", "weight":5, "uvlock": true, "y": 180 }
      ]
    },
    {
      "when": {
        "west": "tall"
      },
      "apply": [
        { "model": "block/mossy_cobblestone_wall_side_tall/mossy_cobblestone_wall_side_tall0", "weight":30, "uvlock": true, "y": 270 },
		{ "model": "block/mossy_cobblestone_wall_side_tall/mossy_cobblestone_wall_side_tall1", "weight":20, "uvlock": true, "y": 270 },
		{ "model": "block/mossy_cobblestone_wall_side_tall/mossy_cobblestone_wall_side_tall2", "weight":20, "uvlock": true, "y": 270 },
		{ "model": "block/mossy_cobblestone_wall_side_tall/mossy_cobblestone_wall_side_tall3", "weight":20, "uvlock": true, "y": 270 },
		{ "model": "block/mossy_cobblestone_wall_side_tall/mossy_cobblestone_wall_side_tall4", "weight":40, "uvlock": true, "y": 270 },
		{ "model": "block/mossy_cobblestone_wall_side_tall/mossy_cobblestone_wall_side_tall5", "weight":20, "uvlock": true, "y": 270 },
		{ "model": "block/mossy_cobblestone_wall_side_tall/mossy_cobblestone_wall_side_tall6", "weight":5, "uvlock": true, "y": 270 },
		{ "model": "block/mossy_cobblestone_wall_side_tall/mossy_cobblestone_wall_side_tall7", "weight":20, "uvlock": true, "y": 270 },
		{ "model": "block/mossy_cobblestone_wall_side_tall/mossy_cobblestone_wall_side_tall8", "weight":5, "uvlock": true, "y": 270 }
      ]
    }
  ]
}