{
    "variants": {
        "waterlogged=false,facing=north,half=bottom,open=false": { "model": "block/trapdoors/oak/oak_trapdoor_bottom" },
        "waterlogged=false,facing=south,half=bottom,open=false": { "model": "block/trapdoors/oak/oak_trapdoor_bottom", "y": 180 },
        "waterlogged=false,facing=east,half=bottom,open=false": { "model": "block/trapdoors/oak/oak_trapdoor_bottom", "y": 90 },
        "waterlogged=false,facing=west,half=bottom,open=false": { "model": "block/trapdoors/oak/oak_trapdoor_bottom", "y": 270 },
        "waterlogged=false,facing=north,half=top,open=false": { "model": "block/trapdoors/oak/oak_trapdoor_top" },
        "waterlogged=false,facing=south,half=top,open=false": { "model": "block/trapdoors/oak/oak_trapdoor_top", "y": 180 },
        "waterlogged=false,facing=east,half=top,open=false": { "model": "block/trapdoors/oak/oak_trapdoor_top", "y": 90 },
        "waterlogged=false,facing=west,half=top,open=false": { "model": "block/trapdoors/oak/oak_trapdoor_top", "y": 270 },
        "waterlogged=false,facing=north,half=bottom,open=true": { "model": "block/trapdoors/oak/oak_trapdoor_open" },
        "waterlogged=false,facing=south,half=bottom,open=true": { "model": "block/trapdoors/oak/oak_trapdoor_open", "y": 180 },
        "waterlogged=false,facing=east,half=bottom,open=true": { "model": "block/trapdoors/oak/oak_trapdoor_open", "y": 90 },
        "waterlogged=false,facing=west,half=bottom,open=true": { "model": "block/trapdoors/oak/oak_trapdoor_open", "y": 270 },
        "waterlogged=false,facing=north,half=top,open=true": { "model": "block/trapdoors/oak/oak_trapdoor_open", "x": 180, "y": 180 },
        "waterlogged=false,facing=south,half=top,open=true": { "model": "block/trapdoors/oak/oak_trapdoor_open", "x": 180, "y": 0 },
        "waterlogged=false,facing=east,half=top,open=true": { "model": "block/trapdoors/oak/oak_trapdoor_open", "x": 180, "y": 270 },
        "waterlogged=false,facing=west,half=top,open=true": { "model": "block/trapdoors/oak/oak_trapdoor_open", "x": 180, "y": 90 },

		"waterlogged=true,facing=north,half=bottom,open=false": { "model": "block/trapdoors/oak/oak_trapdoor_bottom_wet" },
        "waterlogged=true,facing=south,half=bottom,open=false": { "model": "block/trapdoors/oak/oak_trapdoor_bottom_wet", "y": 180 },
        "waterlogged=true,facing=east,half=bottom,open=false": { "model": "block/trapdoors/oak/oak_trapdoor_bottom_wet", "y": 90 },
        "waterlogged=true,facing=west,half=bottom,open=false": { "model": "block/trapdoors/oak/oak_trapdoor_bottom_wet", "y": 270 },
        "waterlogged=true,facing=north,half=top,open=false": { "model": "block/trapdoors/oak/oak_trapdoor_top_wet" },
        "waterlogged=true,facing=south,half=top,open=false": { "model": "block/trapdoors/oak/oak_trapdoor_top_wet", "y": 180 },
        "waterlogged=true,facing=east,half=top,open=false": { "model": "block/trapdoors/oak/oak_trapdoor_top_wet", "y": 90 },
        "waterlogged=true,facing=west,half=top,open=false": { "model": "block/trapdoors/oak/oak_trapdoor_top_wet", "y": 270 },
        "waterlogged=true,facing=north,half=bottom,open=true": { "model": "block/trapdoors/oak/oak_trapdoor_open_wet" },
        "waterlogged=true,facing=south,half=bottom,open=true": { "model": "block/trapdoors/oak/oak_trapdoor_open_wet", "y": 180 },
        "waterlogged=true,facing=east,half=bottom,open=true": { "model": "block/trapdoors/oak/oak_trapdoor_open_wet", "y": 90 },
        "waterlogged=true,facing=west,half=bottom,open=true": { "model": "block/trapdoors/oak/oak_trapdoor_open_wet", "y": 270 },
        "waterlogged=true,facing=north,half=top,open=true": { "model": "block/trapdoors/oak/oak_trapdoor_open_wet", "x": 180, "y": 180 },
        "waterlogged=true,facing=south,half=top,open=true": { "model": "block/trapdoors/oak/oak_trapdoor_open_wet", "x": 180, "y": 0 },
        "waterlogged=true,facing=east,half=top,open=true": { "model": "block/trapdoors/oak/oak_trapdoor_open_wet", "x": 180, "y": 270 },
        "waterlogged=true,facing=west,half=top,open=true": { "model": "block/trapdoors/oak/oak_trapdoor_open_wet", "x": 180, "y": 90 }
    }
}
