{
	"credit": "Made with Blockbench",
	"texture_size": [64, 64],
	"textures": {
		"0": "item/pistol",
		"particle": "item/pistol"
	},
	"elements": [
		{
			"from": [7.999, 1.499, 7.999],
			"to": [8.001, 3.501, 11.001],
			"rotation": {"angle": 0, "axis": "y", "origin": [8, 2, 11]},
			"faces": {
				"east": {"uv": [0.75, 3.75, 1.5, 4.25], "texture": "#0"},
				"west": {"uv": [0.75, 3.75, 1.5, 4.25], "texture": "#0"}
			}
		},
		{
			"from": [6.999, 3.5, 6],
			"to": [9.001, 5, 14],
			"rotation": {"angle": 0, "axis": "y", "origin": [1, 1, -6]},
			"faces": {
				"north": {"uv": [0.25, 2.5, 0.75, 2.875], "texture": "#0"},
				"east": {"uv": [0.75, 2.5, 2.75, 2.875], "texture": "#0"},
				"south": {"uv": [0.25, 2.5, 0.75, 2.875], "texture": "#0"},
				"west": {"uv": [0.75, 2.5, 2.75, 2.875], "texture": "#0"},
				"up": {"uv": [2.8125, 1, 3.3125, 3], "texture": "#0"},
				"down": {"uv": [2.875, 1, 3.375, 3], "texture": "#0"}
			}
		},
		{
			"from": [7, -0.25, 9.5],
			"to": [9, 5.25, 12.5],
			"rotation": {"angle": -22.5, "axis": "x", "origin": [8, 6, 14]},
			"faces": {
				"north": {"uv": [2, 0.125, 2.5, 1.5], "texture": "#0"},
				"east": {"uv": [0.5, 0.75, 1.875, 1.5], "rotation": 90, "texture": "#0"},
				"south": {"uv": [2, 0.125, 2.5, 1.5], "texture": "#0"},
				"west": {"uv": [0.5, 0.75, 1.875, 1.5], "rotation": 90, "texture": "#0"},
				"up": {"uv": [0, 0.75, 0.5, 1.5], "texture": "#0"},
				"down": {"uv": [0, 0.75, 0.5, 1.5], "texture": "#0"}
			}
		},
		{
			"name": "Muzzle",
			"from": [7.5, 4.75, 1],
			"to": [8.5, 5.75, 9],
			"rotation": {"angle": 0, "axis": "y", "origin": [7, 4, 1]},
			"faces": {
				"north": {"uv": [0, 3.25, 0.25, 3.5], "texture": "#0"},
				"east": {"uv": [2, 3.25, 0, 3.5], "texture": "#0"},
				"south": {"uv": [1.75, 3.25, 2, 3.5], "texture": "#0"},
				"west": {"uv": [0, 3.25, 2, 3.5], "texture": "#0"},
				"up": {"uv": [0, 3.25, 2, 3.5], "rotation": 90, "texture": "#0"},
				"down": {"uv": [0, 3.25, 2, 3.5], "rotation": 270, "texture": "#0"}
			}
		},
		{
			"from": [6.749, 5, 9],
			"to": [9.251, 6, 13.5],
			"rotation": {"angle": 0, "axis": "y", "origin": [1, 1, -6]},
			"faces": {
				"north": {"uv": [0.1875, 2.4375, 0.8125, 2.6875], "texture": "#0"},
				"east": {"uv": [1.5, 2.25, 2.625, 2.5], "texture": "#0"},
				"south": {"uv": [0.1875, 2.4375, 0.8125, 2.6875], "texture": "#0"},
				"west": {"uv": [1.5, 2.25, 2.625, 2.5], "texture": "#0"},
				"up": {"uv": [2.75, 1.875, 3.375, 3], "texture": "#0"},
				"down": {"uv": [2.75, 1.875, 3.375, 3], "texture": "#0"}
			}
		},
		{
			"from": [6.749, 5, 7.25],
			"to": [9.251, 5.5, 9],
			"rotation": {"angle": 0, "axis": "y", "origin": [1, 1, -6]},
			"faces": {
				"north": {"uv": [8, 0.25, 8.5, 1], "texture": "#missing"},
				"east": {"uv": [1.0625, 2.375, 1.5, 2.5], "texture": "#0"},
				"south": {"uv": [5.25, 0.25, 5.75, 1], "texture": "#missing"},
				"west": {"uv": [1.0625, 2.375, 1.5, 2.5], "texture": "#0"},
				"up": {"uv": [2.75, 1.3125, 3.375, 1.75], "texture": "#0"},
				"down": {"uv": [2.75, 1.3125, 3.375, 1.75], "texture": "#0"}
			}
		},
		{
			"from": [6.749, 5, 6],
			"to": [9.251, 6, 7.25],
			"rotation": {"angle": 0, "axis": "y", "origin": [1, 1, -6]},
			"faces": {
				"north": {"uv": [0.1875, 2.1875, 0.8125, 2.4375], "texture": "#0"},
				"east": {"uv": [0.75, 2.25, 1.0625, 2.5], "texture": "#0"},
				"south": {"uv": [0.1875, 2.1875, 0.8125, 2.4375], "texture": "#0"},
				"west": {"uv": [0.75, 2.25, 1.0625, 2.5], "texture": "#0"},
				"up": {"uv": [2.75, 1, 3.375, 1.3125], "texture": "#0"},
				"down": {"uv": [2.75, 1, 3.375, 1.3125], "texture": "#0"}
			}
		},
		{
			"from": [7.5, 5, 10.5],
			"to": [8.5, 5.75, 11.75],
			"rotation": {"angle": 0, "axis": "y", "origin": [0, 0, -1]},
			"faces": {
				"north": {"uv": [0, 3.75, 0.25, 4], "rotation": 90, "texture": "#0"},
				"east": {"uv": [0.3125, 3.75, 0, 3.9375], "texture": "#0"},
				"south": {"uv": [0.25, 3.75, 0.5, 4], "rotation": 90, "texture": "#0"},
				"west": {"uv": [0, 3.75, 0.3125, 3.9375], "texture": "#0"},
				"up": {"uv": [0, 3.75, 0.3125, 3.9375], "rotation": 90, "texture": "#0"},
				"down": {"uv": [0.3125, 3.75, 0, 3.9375], "rotation": 90, "texture": "#0"}
			}
		}
	],
	"gui_light": "front",
	"display": {
		"thirdperson_righthand": {
			"translation": [0, 4.25, -0.75],
			"scale": [0.85, 0.85, 0.85]
		},
		"thirdperson_lefthand": {
			"translation": [0, 4.25, -0.75],
			"scale": [0.85, 0.85, 0.85]
		},
		"firstperson_righthand": {
			"rotation": [30, 5, 0],
			"translation": [0.5, 6, -3],
			"scale": [0.9, 0.9, 0.9]
		},
		"firstperson_lefthand": {
			"rotation": [15, 5, 0],
			"translation": [0.5, 6, -3],
			"scale": [0.9, 0.9, 0.9]
		},
		"ground": {
			"translation": [0, 4, 0],
			"scale": [0.8, 0.8, 0.8]
		},
		"gui": {
			"rotation": [30, 140, 0],
			"translation": [-0.25, 3.5, 0]
		},
		"fixed": {
			"rotation": [90, 45, -90],
			"translation": [2.75, 4, -0.25]
		}
	},
	"groups": [
		0,
		1,
		2,
		3,
		{
			"name": "Barrel",
			"origin": [1, 1, -5],
			"color": 0,
			"children": [4, 5, 6]
		},
		7
	]
}