{
	"credit": "Made with Blockbench",
	"texture_size": [64, 64],
	"textures": {
		"0": "item/rifle",
		"particle": "item/rifle"
	},
	"elements": [
		{
			"from": [7, 1.31494, 18.47135],
			"to": [9, 5.31494, 24.47135],
			"rotation": {"angle": 22.5, "axis": "x", "origin": [8, 1.31494, 18.47135]},
			"faces": {
				"north": {"uv": [0, 0.5, 0.5, 1.5], "texture": "#0"},
				"east": {"uv": [0.5, 0.5, 2, 1.5], "texture": "#0"},
				"south": {"uv": [0, 0.5, 0.5, 1.5], "texture": "#0"},
				"west": {"uv": [0.5, 0.25, 2, 1.25], "texture": "#0"},
				"up": {"uv": [2.5, 0, 2, 1.5], "texture": "#0"},
				"down": {"uv": [2, 1.5, 2.5, 0], "texture": "#0"}
			}
		},
		{
			"from": [7, 3, 15],
			"to": [9, 6, 20],
			"rotation": {"angle": 22.5, "axis": "x", "origin": [8, 6, 15]},
			"faces": {
				"north": {"uv": [0, 2.25, 0.5, 3], "texture": "#0"},
				"east": {"uv": [0.5, 2.25, 1.75, 3], "texture": "#0"},
				"south": {"uv": [0, 2.25, 0.5, 3], "texture": "#0"},
				"west": {"uv": [1.75, 2, 0.5, 2.75], "texture": "#0"},
				"up": {"uv": [2.25, 1.75, 1.75, 3], "texture": "#0"},
				"down": {"uv": [1.75, 3, 2.25, 1.75], "texture": "#0"}
			}
		},
		{
			"from": [6.999, 3.2, 9],
			"to": [9.001, 6, 15],
			"rotation": {"angle": 0, "axis": "y", "origin": [1, 1, -5]},
			"faces": {
				"north": {"uv": [0, 3.75, 0.5, 4.5], "texture": "#0"},
				"east": {"uv": [0.5, 3.8, 2, 4.5], "texture": "#0"},
				"south": {"uv": [0, 3.75, 0.5, 4.5], "texture": "#0"},
				"west": {"uv": [2, 3.8, 0.5, 4.5], "texture": "#0"},
				"up": {"uv": [5, 3, 5.5, 4.5], "texture": "#0"},
				"down": {"uv": [5.5, 4.5, 6, 3], "texture": "#0"}
			}
		},
		{
			"from": [6.999, 3.25, -3],
			"to": [9.001, 6.35, 9],
			"rotation": {"angle": 0, "axis": "y", "origin": [1, 1, -5]},
			"faces": {
				"north": {"uv": [4.75, 3.75, 5.25, 4.5], "texture": "#0"},
				"east": {"uv": [2, 3.725, 5, 4.5], "texture": "#0"},
				"south": {"uv": [1, 3.725, 0.5, 4.5], "texture": "#0"},
				"west": {"uv": [5, 3.725, 2, 4.5], "texture": "#0"},
				"up": {"uv": [5, 0, 5.5, 3], "texture": "#0"},
				"down": {"uv": [5.5, 3, 6, 0], "texture": "#0"}
			}
		},
		{
			"name": "Bolt",
			"from": [7.499, 5.5, 9],
			"to": [8.501, 6.25, 14.25],
			"rotation": {"angle": 0, "axis": "y", "origin": [1, 1, -5]},
			"faces": {
				"north": {"uv": [3.25, 2.5, 3.5, 2.75], "texture": "#0"},
				"east": {"uv": [3.25, 2.5, 3.5, 1.1875], "texture": "#0"},
				"south": {"uv": [3.5, 2.5, 3.75, 2.75], "texture": "#0"},
				"west": {"uv": [3.25, 2.5, 3.5, 1.1875], "texture": "#0"},
				"up": {"uv": [3.5, 2.5, 3.75, 1.1875], "texture": "#0"},
				"down": {"uv": [3.5, 2.5, 3.75, 1.1875], "texture": "#0"}
			}
		},
		{
			"from": [6.999, 6, 12.5],
			"to": [9.001, 6.5, 13.5],
			"rotation": {"angle": 0, "axis": "y", "origin": [1, 1, -5]},
			"faces": {
				"north": {"uv": [5, 2.75, 5.5, 3], "texture": "#0"},
				"east": {"uv": [5.25, 2.75, 5.5, 3], "texture": "#0"},
				"south": {"uv": [5, 2.75, 5.5, 3], "texture": "#0"},
				"west": {"uv": [5, 2.75, 5.25, 3], "texture": "#0"},
				"up": {"uv": [5, 2.75, 5.5, 3], "texture": "#0"},
				"down": {"uv": [5, 2.75, 5.5, 3], "texture": "#0"}
			}
		},
		{
			"from": [7, 4.25, -9],
			"to": [9, 6.25, -3],
			"rotation": {"angle": 0, "axis": "y", "origin": [7, 4, 2]},
			"faces": {
				"north": {"uv": [1, 4.75, 1.5, 5.25], "texture": "#0"},
				"east": {"uv": [0, 4.75, 1.5, 5.25], "texture": "#0"},
				"south": {"uv": [0, 4.75, 0.5, 5.25], "texture": "#0"},
				"west": {"uv": [1.5, 4.75, 0, 5.25], "texture": "#0"},
				"up": {"uv": [1.5, 4.75, 0, 5.25], "rotation": 90, "texture": "#0"},
				"down": {"uv": [0, 4.75, 1.5, 5.25], "rotation": 90, "texture": "#0"}
			}
		},
		{
			"from": [8, 1.25, 12],
			"to": [8, 3.25, 15],
			"rotation": {"angle": 0, "axis": "y", "origin": [8, 2, 12]},
			"faces": {
				"north": {"uv": [0, 0, 0, 0], "texture": "#0"},
				"east": {"uv": [0.75, 5.5, 0, 6], "texture": "#0"},
				"south": {"uv": [0, 0, 0, 0], "texture": "#0"},
				"west": {"uv": [0.75, 5.5, 0, 6], "texture": "#0"},
				"up": {"uv": [0, 0, 0, 0], "texture": "#0"},
				"down": {"uv": [0, 0, 0, 0], "texture": "#0"}
			}
		},
		{
			"from": [7.5, 5.5, 14.25],
			"to": [8.5, 6.5, 15.25],
			"faces": {
				"north": {"uv": [3.5, 1, 3.75, 1.25], "texture": "#0"},
				"east": {"uv": [3.5, 1, 3.75, 1.25], "texture": "#0"},
				"south": {"uv": [3.5, 1, 3.75, 1.25], "texture": "#0"},
				"west": {"uv": [3.5, 1, 3.75, 1.25], "texture": "#0"},
				"up": {"uv": [3.5, 1, 3.75, 1.25], "texture": "#0"},
				"down": {"uv": [3.5, 1, 3.75, 1.25], "texture": "#0"}
			}
		},
		{
			"from": [7.875, 6.25, -8],
			"to": [8.125, 6.575, -7],
			"faces": {
				"north": {"uv": [3.25, 1.5, 3.3125, 1.58125], "texture": "#0"},
				"east": {"uv": [3.25, 1.5, 3.3125, 1.58125], "texture": "#0"},
				"south": {"uv": [3.25, 1.5, 3.3125, 1.58125], "texture": "#0"},
				"west": {"uv": [3.25, 1.5, 3.3125, 1.58125], "texture": "#0"},
				"up": {"uv": [3.25, 1.5, 3.3125, 1.58125], "texture": "#0"},
				"down": {"uv": [3.25, 1.5, 3.3125, 1.58125], "texture": "#0"}
			}
		},
		{
			"from": [9, 4.125, 13.625],
			"to": [9.5, 4.875, 14.375],
			"rotation": {"angle": 22.5, "axis": "z", "origin": [8.501, 6.25, 14]},
			"faces": {
				"north": {"uv": [3.5, 0.75, 3.75, 1], "rotation": 270, "texture": "#0"},
				"east": {"uv": [3.5, 0.75, 3.75, 1], "rotation": 270, "texture": "#0"},
				"south": {"uv": [3.5, 0.75, 3.75, 1], "rotation": 270, "texture": "#0"},
				"west": {"uv": [3.5, 0.75, 3.75, 1], "rotation": 270, "texture": "#0"},
				"up": {"uv": [3.5, 0.75, 3.75, 1], "rotation": 270, "texture": "#0"},
				"down": {"uv": [3.5, 0.75, 3.75, 1], "rotation": 270, "texture": "#0"}
			}
		},
		{
			"from": [8.99988, 4.86732, 13.75],
			"to": [9.42488, 5.86732, 14.25],
			"rotation": {"angle": 22.5, "axis": "z", "origin": [8.501, 6.25, 14]},
			"faces": {
				"north": {"uv": [3.5, 1, 3.75, 1.25], "rotation": 270, "texture": "#0"},
				"east": {"uv": [3.5, 1, 3.75, 1.25], "rotation": 270, "texture": "#0"},
				"south": {"uv": [3.5, 1, 3.75, 1.25], "rotation": 270, "texture": "#0"},
				"west": {"uv": [3.5, 1, 3.75, 1.25], "rotation": 270, "texture": "#0"},
				"up": {"uv": [3.5, 1, 3.75, 1.25], "rotation": 270, "texture": "#0"},
				"down": {"uv": [3.5, 1, 3.75, 1.25], "rotation": 270, "texture": "#0"}
			}
		},
		{
			"from": [8.49879, 6.00517, 13.752],
			"to": [9.49879, 6.25517, 14.249],
			"rotation": {"angle": 0, "axis": "z", "origin": [8.501, 6.25, 14]},
			"faces": {
				"north": {"uv": [3.5, 0.75, 3.75, 1], "rotation": 270, "texture": "#0"},
				"east": {"uv": [3.5, 0.75, 3.75, 1], "rotation": 270, "texture": "#0"},
				"south": {"uv": [3.5, 0.75, 3.75, 1], "rotation": 270, "texture": "#0"},
				"west": {"uv": [3.5, 0.75, 3.75, 1], "rotation": 270, "texture": "#0"},
				"up": {"uv": [3.5, 0.75, 3.75, 1], "rotation": 270, "texture": "#0"},
				"down": {"uv": [3.5, 0.75, 3.75, 1], "rotation": 270, "texture": "#0"}
			}
		}
	],
	"gui_light": "front",
	"display": {
		"thirdperson_righthand": {
			"rotation": [20, -10, 50],
			"translation": [-2.25, 4.75, -4.5],
			"scale": [0.85, 0.85, 0.85]
		},
		"thirdperson_lefthand": {
			"rotation": [20, -10, 50],
			"translation": [-2.25, 4.75, -4.5],
			"scale": [0.85, 0.85, 0.85]
		},
		"firstperson_righthand": {
			"rotation": [5, -35, 35],
			"translation": [-4.5, 7.5, -3],
			"scale": [0.9, 0.9, 0.9]
		},
		"firstperson_lefthand": {
			"rotation": [5, -35, 35],
			"translation": [-4.5, 7.5, -3],
			"scale": [0.9, 0.9, 0.9]
		},
		"ground": {
			"translation": [0, 2, 0],
			"scale": [0.7, 0.7, 0.7]
		},
		"gui": {
			"rotation": [30, 140, 0],
			"translation": [-0.25, 1.5, 0],
			"scale": [0.6, 0.6, 0.6]
		},
		"fixed": {
			"rotation": [90, 45, -90],
			"translation": [1.5, 1.75, -0.75],
			"scale": [0.5, 0.5, 0.5]
		}
	},
	"groups": [
		0,
		1,
		2,
		3,
		4,
		5,
		6,
		7,
		8,
		9,
		{
			"name": "Bolt Handle",
			"origin": [8, 8, 8],
			"color": 0,
			"children": [10, 11, 12]
		}
	]
}