{
	"credit": "Made with Blockbench",
	"texture_size": [32, 32],
	"textures": {
		"0": "item/bow",
		"particle": "item/bow"
	},
	"elements": [
		{
			"name": "rename",
			"from": [7.999, 0.999, 10.999],
			"to": [8.001, 3.001, 14.001],
			"rotation": {"angle": 0, "axis": "y", "origin": [8, 2, 12]},
			"faces": {
				"north": {"uv": [0, 0, 0, 1], "texture": "#0"},
				"east": {"uv": [5, 6.5, 6.5, 7.5], "texture": "#0"},
				"south": {"uv": [0, 0, 0, 1], "texture": "#0"},
				"west": {"uv": [6.5, 6.5, 8, 7.5], "texture": "#0"},
				"up": {"uv": [0, 1.5, 0, 0], "texture": "#0"},
				"down": {"uv": [0, 0, 0, 1.5], "texture": "#0"}
			}
		},
		{
			"name": "body",
			"from": [6.999, 3, 5],
			"to": [9.001, 6, 15],
			"rotation": {"angle": 0, "axis": "y", "origin": [1, 1, -5]},
			"faces": {
				"north": {"uv": [7, 3, 8, 4.5], "texture": "#0"},
				"east": {"uv": [4, 0, 9.5, 1.5], "texture": "#0"},
				"south": {"uv": [7, 4.5, 8, 6], "texture": "#0"},
				"west": {"uv": [4, 1.5, 9.5, 3], "texture": "#0"},
				"up": {"uv": [5, 8.5, 4, 3], "texture": "#0"},
				"down": {"uv": [1, 5, 0, 10.5], "texture": "#0"}
			}
		},
		{
			"name": "handle",
			"from": [7, -1, 12],
			"to": [9, 6, 15],
			"rotation": {"angle": -45, "axis": "x", "origin": [8, 6, 15]},
			"faces": {
				"north": {"uv": [5, 3, 6, 6.5], "texture": "#0"},
				"east": {"uv": [1, 5, 2.5, 8.5], "texture": "#0"},
				"south": {"uv": [6, 3, 7, 6.5], "texture": "#0"},
				"west": {"uv": [2.5, 5, 4, 8.5], "texture": "#0"},
				"up": {"uv": [6, 9, 5, 7.5], "texture": "#0"},
				"down": {"uv": [7, 7.5, 6, 9], "texture": "#0"}
			}
		},
		{
			"name": "barrel",
			"from": [7, 4, 2],
			"to": [9, 6, 5],
			"rotation": {"angle": 0, "axis": "y", "origin": [7, 4, 2]},
			"faces": {
				"north": {"uv": [1, 8.5, 2, 9.5], "texture": "#0"},
				"east": {"uv": [7, 7.5, 8.5, 8.5], "texture": "#0"},
				"south": {"uv": [2, 8.5, 3, 9.5], "texture": "#0"},
				"west": {"uv": [8, 3, 9.5, 4], "texture": "#0"},
				"up": {"uv": [9, 5.5, 8, 4], "texture": "#0"},
				"down": {"uv": [9, 5.5, 8, 7], "texture": "#0"}
			}
		},
		{
			"name": "hammer",
			"from": [9.01, 4, 10],
			"to": [9.011, 9, 18],
			"rotation": {"angle": 0, "axis": "y", "origin": [9, 4.5, 13.5]},
			"faces": {
				"north": {"uv": [0, 0, 0, 2.5], "texture": "#0"},
				"east": {"uv": [0, 0, 4, 2.5], "texture": "#0"},
				"south": {"uv": [0, 0, 0, 2.5], "texture": "#0"},
				"west": {"uv": [0, 2.5, 4, 5], "texture": "#0"},
				"up": {"uv": [0, 4, 0, 0], "texture": "#0"},
				"down": {"uv": [0, 0, 0, 4], "texture": "#0"}
			}
		}
	],
	"gui_light": "front",
	"overrides": [
		{
			"predicate": {
				"pulling": 1
			},
			"model": "item/bow_pulling_0"
		},
		{
			"predicate": {
				"pulling": 1,
				"pull": 0.65
			},
			"model": "item/bow_pulling_1"
		},
		{
			"predicate": {
				"pulling": 1,
				"pull": 0.9
			},
			"model": "item/bow_pulling_2"
		}
	],
	"display": {
		"thirdperson_righthand": {
			"translation": [0, 3, -5],
			"scale": [0.85, 0.85, 0.85]
		},
		"thirdperson_lefthand": {
			"rotation": [10, 0, 0],
			"translation": [0, 3.75, -4.5],
			"scale": [0.85, 0.85, 0.85]
		},
		"firstperson_righthand": {
			"rotation": [59.25, 0, 0],
			"translation": [2, 7.75, 0.5],
			"scale": [0.85, 0.85, 0.85]
		},
		"firstperson_lefthand": {
			"rotation": [59.25, 0, 0],
			"translation": [2, 7.75, 0.5],
			"scale": [0.85, 0.85, 0.85]
		},
		"ground": {
			"translation": [0, 5, -2.5],
			"scale": [0.8, 0.8, 0.8]
		},
		"gui": {
			"rotation": [-159, 50, -180],
			"translation": [-1.5, 2.25, 0],
			"scale": [0.9, 0.9, 0.9]
		},
		"fixed": {
			"rotation": [0, 90, 0],
			"translation": [-2.75, 4.5, -2.5],
			"scale": [1.5, 1.5, 1.5]
		}
	}
}