{
	"credit": "Made with Blockbench",
	"texture_size": [32, 32],
	"textures": {
		"3": "item/crossbow_standby",
		"particle": "item/crossbow_standby"
	},
	"elements": [
		{
			"name": "body",
			"from": [6.999, 3, -6],
			"to": [9.001, 6, 15],
			"rotation": {"angle": 0, "axis": "y", "origin": [8.50525, 3.81598, 7.21612]},
			"faces": {
				"north": {"uv": [10.5, 0, 11.5, 1.5], "texture": "#3"},
				"east": {"uv": [0, 0, 10.5, 1.5], "texture": "#3"},
				"south": {"uv": [10.5, 1.5, 11.5, 3], "texture": "#3"},
				"west": {"uv": [0, 1.5, 10.5, 3], "texture": "#3"},
				"up": {"uv": [1, 13.5, 0, 3], "texture": "#3"},
				"down": {"uv": [2, 3, 1, 13.5], "texture": "#3"}
			}
		},
		{
			"name": "handle",
			"from": [7, 5.81251, 13.5717],
			"to": [9, 8.81251, 18.5717],
			"rotation": {"angle": 22.5, "axis": "x", "origin": [8.50525, 3.81598, 7.21612]},
			"faces": {
				"north": {"uv": [2, 10.5, 3, 12], "texture": "#3"},
				"east": {"uv": [7.5, 7, 10, 8.5], "texture": "#3"},
				"south": {"uv": [3, 10.5, 4, 12], "texture": "#3"},
				"west": {"uv": [2, 8, 4.5, 9.5], "texture": "#3"},
				"up": {"uv": [5.5, 10.5, 4.5, 8], "texture": "#3"},
				"down": {"uv": [8.5, 8.5, 7.5, 11], "texture": "#3"}
			}
		},
		{
			"name": "stock",
			"from": [7, 5.81251, 18.5717],
			"to": [9, 9.81251, 26.5717],
			"rotation": {"angle": 22.5, "axis": "x", "origin": [8.50525, 3.81598, 7.21612]},
			"faces": {
				"north": {"uv": [9.5, 9.5, 10.5, 11.5], "texture": "#3"},
				"east": {"uv": [5.5, 3, 9.5, 5], "texture": "#3"},
				"south": {"uv": [10, 5.5, 11, 7.5], "texture": "#3"},
				"west": {"uv": [5.5, 5, 9.5, 7], "texture": "#3"},
				"up": {"uv": [6.5, 11, 5.5, 7], "texture": "#3"},
				"down": {"uv": [7.5, 7, 6.5, 11], "texture": "#3"}
			}
		},
		{
			"name": "barrel",
			"from": [7, 4, -11],
			"to": [9, 6, -6],
			"rotation": {"angle": 0, "axis": "y", "origin": [8.50525, 3.81598, 7.21612]},
			"faces": {
				"north": {"uv": [4, 10.5, 5, 11.5], "texture": "#3"},
				"east": {"uv": [8.5, 8.5, 11, 9.5], "texture": "#3"},
				"south": {"uv": [10.5, 4, 11.5, 5], "texture": "#3"},
				"west": {"uv": [2, 9.5, 4.5, 10.5], "texture": "#3"},
				"up": {"uv": [10.5, 5.5, 9.5, 3], "texture": "#3"},
				"down": {"uv": [9.5, 9.5, 8.5, 12], "texture": "#3"}
			}
		},
		{
			"name": "hammer",
			"from": [9.01, 4, 10],
			"to": [9.011, 9, 17],
			"rotation": {"angle": 0, "axis": "x", "origin": [8.50525, 3.81598, 7.21612]},
			"faces": {
				"north": {"uv": [0, 0, 0, 2.5], "texture": "#3"},
				"east": {"uv": [2, 3, 5.5, 5.5], "texture": "#3"},
				"south": {"uv": [0, 0, 0, 2.5], "texture": "#3"},
				"west": {"uv": [2, 5.5, 5.5, 8], "texture": "#3"},
				"up": {"uv": [0, 3.5, 0, 0], "texture": "#3"},
				"down": {"uv": [0, 0, 0, 3.5], "texture": "#3"}
			}
		},
		{
			"name": "trigger",
			"from": [7.999, 0.999, 11.999],
			"to": [8.001, 3.001, 15.001],
			"rotation": {"angle": 0, "axis": "y", "origin": [8.50525, 3.81598, 7.21612]},
			"faces": {
				"north": {"uv": [0, 0, 0, 1], "texture": "#3"},
				"east": {"uv": [10, 7.5, 11.5, 8.5], "texture": "#3"},
				"south": {"uv": [0, 0, 0, 1], "texture": "#3"},
				"west": {"uv": [10.5, 3, 12, 4], "texture": "#3"},
				"up": {"uv": [0, 1.5, 0, 0], "texture": "#3"},
				"down": {"uv": [0, 0, 0, 1.5], "texture": "#3"}
			}
		},
		{
			"name": "front sling",
			"from": [7.999, 0.999, -3.001],
			"to": [8.001, 3.001, -0.999],
			"rotation": {"angle": 0, "axis": "y", "origin": [8.50525, 3.81598, 7.21612]},
			"faces": {
				"north": {"uv": [0, 0, 0, 1], "texture": "#3"},
				"east": {"uv": [10.5, 9.5, 11.5, 10.5], "texture": "#3"},
				"south": {"uv": [0, 0, 0, 1], "texture": "#3"},
				"west": {"uv": [10.5, 10.5, 11.5, 11.5], "texture": "#3"},
				"up": {"uv": [0, 1, 0, 0], "texture": "#3"},
				"down": {"uv": [0, 0, 0, 1], "texture": "#3"}
			}
		},
		{
			"name": "back sling",
			"from": [7.999, 0.999, 3.999],
			"to": [8.001, 3.001, 6.001],
			"rotation": {"angle": 0, "axis": "y", "origin": [8.50525, 3.81598, 7.21612]},
			"faces": {
				"north": {"uv": [0, 0, 0, 1], "texture": "#3"},
				"east": {"uv": [5, 11, 6, 12], "texture": "#3"},
				"south": {"uv": [0, 0, 0, 1], "texture": "#3"},
				"west": {"uv": [11, 5, 12, 6], "texture": "#3"},
				"up": {"uv": [0, 1, 0, 0], "texture": "#3"},
				"down": {"uv": [0, 0, 0, 1], "texture": "#3"}
			}
		}
	],
	"gui_light": "front",
	"display": {
		"thirdperson_righthand": {
			"rotation": [43.25, 0, 0],
			"translation": [0, 4.25, -1],
			"scale": [0.85, 0.85, 0.85]
		},
		"thirdperson_lefthand": {
			"rotation": [-20, -180, -180],
			"translation": [0, -0.5, 18.25],
			"scale": [0.85, 0.85, 0.85]
		},
		"firstperson_righthand": {
			"rotation": [-15, -5, 0],
			"translation": [4, 3.25, -5.75],
			"scale": [0.85, 0.85, 0.85]
		},
		"firstperson_lefthand": {
			"rotation": [120, 15, 25],
			"translation": [0, 2.75, 5.25],
			"scale": [0.85, 0.85, 0.85]
		},
		"ground": {
			"translation": [0, 5, -2.5],
			"scale": [0.8, 0.8, 0.8]
		},
		"gui": {
			"rotation": [-165.24, 53.16, 178.71],
			"translation": [-0.25, 2.25, 0],
			"scale": [0.56, 0.56, 0.56]
		},
		"fixed": {
			"rotation": [0, 90, 0],
			"translation": [-4, 5, -2.5],
			"scale": [1.5, 1.5, 1.5]
		}
},
    "overrides": [
        {
            "predicate": {
                "pulling": 1
            },
            "model": "item/crossbow_pulling_0"
        },
        {
            "predicate": {
                "pulling": 1,
                "pull": 0.58
            },
            "model": "item/crossbow_pulling_1"
        },
        {
            "predicate": {
                "pulling": 1,
                "pull": 1.0
            },
            "model": "item/crossbow_pulling_2"
        },
        {
            "predicate": {
                "charged": 1
            },
            "model": "item/crossbow_arrow"
        },
        {
            "predicate": {
                "charged": 1,
                "firework": 1
            },
            "model": "item/crossbow_firework"
        }
    ]
}

	}