{
	"credit": "Made with Blockbench",
	"parent": "minecraft:block/stem_growth7",
	"texture_size": [16, 32],
	"textures": {
		"4": "block/melon_stem_stage7",
		"5": "block/melon_stem_stage7cube",
		"6": "block/attached_melon_stem",
		"particle": "block/melon_stem_stage7"
	},
	"elements": [
		{
			"from": [2.5, 15, 7.7],
			"to": [8.5, 21, 13.7],
			"rotation": {"angle": 45, "axis": "y", "origin": [5, 21, 10]},
			"faces": {
				"north": {"uv": [0, 6, 12, 12], "texture": "#5"},
				"east": {"uv": [0, 6, 12, 12], "texture": "#5"},
				"south": {"uv": [0, 6, 12, 12], "texture": "#5"},
				"west": {"uv": [0, 6, 12, 12], "texture": "#5"},
				"up": {"uv": [0, 0, 12, 6], "texture": "#5"},
				"down": {"uv": [0, 0, 12, 6], "texture": "#5"}
			}
		},
		{
			"from": [0, -1, 8],
			"to": [16, 15, 8],
			"rotation": {"angle": 45, "axis": "y", "origin": [8, 0, 8]},
			"faces": {
				"north": {"uv": [0, 8, 16, 16], "texture": "#4"},
				"east": {"uv": [0, 0, 0, 16], "texture": "#4"},
				"south": {"uv": [16, 8, 0, 16], "texture": "#4"},
				"west": {"uv": [0, 0, 0, 16], "texture": "#4"},
				"up": {"uv": [0, 0, 16, 0], "texture": "#4"},
				"down": {"uv": [0, 0, 16, 0], "texture": "#4"}
			}
		},
		{
			"from": [0, 15, 8],
			"to": [16, 31, 8],
			"rotation": {"angle": 45, "axis": "y", "origin": [8, 0, 8]},
			"faces": {
				"north": {"uv": [0, 0, 16, 7.5], "texture": "#4"},
				"east": {"uv": [0, 0, 0, 16], "texture": "#4"},
				"south": {"uv": [16, 0, 0, 7.5], "texture": "#4"},
				"west": {"uv": [0, 0, 0, 16], "texture": "#4"},
				"up": {"uv": [0, 0, 16, 0], "texture": "#4"},
				"down": {"uv": [0, 0, 16, 0], "texture": "#4"}
			}
		},
		{
			"from": [8, -3, 0],
			"to": [8, 13, 16],
			"rotation": {"angle": 45, "axis": "y", "origin": [8, 0, 8]},
			"faces": {
				"north": {"uv": [0, 0, 0, 16], "texture": "#6"},
				"east": {"uv": [0, 8, 8, 16], "texture": "#6"},
				"south": {"uv": [0, 0, 0, 16], "texture": "#6"},
				"west": {"uv": [8, 8, 0, 16], "texture": "#6"},
				"up": {"uv": [0, 0, 0, 16], "texture": "#6"},
				"down": {"uv": [0, 0, 0, 16], "texture": "#6"}
			}
		}
	]
}