{
	"credit": "Made with Blockbench",
	"parent": "minecraft:block/stem_growth6",
	"texture_size": [16, 32],
	"textures": {
		"3": "block/melon_stem_stage6",
		"4": "block/melon_stem_stage6_side",
		"particle": "block/melon_stem_stage"
	},
	"elements": [
		{
			"from": [0, -1, 8],
			"to": [16, 15, 8],
			"rotation": {"angle": 45, "axis": "y", "origin": [8, 0, 8]},
			"faces": {
				"north": {"uv": [0, 8, 16, 16], "texture": "#3"},
				"east": {"uv": [0, 0, 0, 32], "texture": "#3"},
				"south": {"uv": [16, 8, 0, 16], "texture": "#3"},
				"west": {"uv": [0, 0, 0, 32], "texture": "#3"},
				"up": {"uv": [0, 0, 16, 0], "texture": "#3"},
				"down": {"uv": [0, 0, 16, 0], "texture": "#3"}
			}
		},
		{
			"from": [0, -1, 8],
			"to": [16, 15, 8],
			"rotation": {"angle": 45, "axis": "y", "origin": [8, 0, 8]},
			"faces": {
				"north": {"uv": [0, 8, 16, 16], "texture": "#3"},
				"east": {"uv": [0, 0, 0, 32], "texture": "#3"},
				"south": {"uv": [16, 8, 0, 16], "texture": "#3"},
				"west": {"uv": [0, 0, 0, 32], "texture": "#3"},
				"up": {"uv": [0, 0, 16, 0], "texture": "#3"},
				"down": {"uv": [0, 0, 16, 0], "texture": "#3"}
			}
		},
		{
			"from": [0, -1, 8],
			"to": [16, 15, 8],
			"rotation": {"angle": 45, "axis": "y", "origin": [8, 0, 8]},
			"faces": {
				"north": {"uv": [0, 8, 16, 16], "texture": "#3"},
				"east": {"uv": [0, 0, 0, 32], "texture": "#3"},
				"south": {"uv": [16, 8, 0, 16], "texture": "#3"},
				"west": {"uv": [0, 0, 0, 32], "texture": "#3"},
				"up": {"uv": [0, 0, 16, 0], "texture": "#3"},
				"down": {"uv": [0, 0, 16, 0], "texture": "#3"}
			}
		},
		{
			"from": [0, 15, 8],
			"to": [16, 31, 8],
			"rotation": {"angle": 45, "axis": "y", "origin": [8, 0, 8]},
			"faces": {
				"north": {"uv": [0, 0, 16, 8], "texture": "#3"},
				"east": {"uv": [0, 0, 0, 32], "texture": "#3"},
				"south": {"uv": [16, 0, 0, 8], "texture": "#3"},
				"west": {"uv": [0, 0, 0, 32], "texture": "#3"},
				"up": {"uv": [0, 0, 16, 0], "texture": "#3"},
				"down": {"uv": [0, 0, 16, 0], "texture": "#3"}
			}
		},
		{
			"from": [0, 15, 8],
			"to": [16, 31, 8],
			"rotation": {"angle": 45, "axis": "y", "origin": [8, 0, 8]},
			"faces": {
				"north": {"uv": [0, 0, 16, 8], "texture": "#3"},
				"east": {"uv": [0, 0, 0, 32], "texture": "#3"},
				"south": {"uv": [16, 0, 0, 8], "texture": "#3"},
				"west": {"uv": [0, 0, 0, 32], "texture": "#3"},
				"up": {"uv": [0, 0, 16, 0], "texture": "#3"},
				"down": {"uv": [0, 0, 16, 0], "texture": "#3"}
			}
		},
		{
			"from": [8, -3, 0],
			"to": [8, 13, 16],
			"rotation": {"angle": 45, "axis": "y", "origin": [8, 0, 8]},
			"faces": {
				"north": {"uv": [0, 0, 0, 32], "texture": "#4"},
				"east": {"uv": [0, 0, 16, 16], "texture": "#4"},
				"south": {"uv": [0, 0, 0, 32], "texture": "#4"},
				"west": {"uv": [16, 0, 0, 16], "texture": "#4"},
				"up": {"uv": [0, 0, 0, 32], "texture": "#4"},
				"down": {"uv": [0, 0, 0, 32], "texture": "#4"}
			}
		}
	]
}