{
	"credit": "Made with Blockbench",
	"parent": "minecraft:block/stem_growth7",
	"texture_size": [16, 32],
	"textures": {
		"0": "block/pumpkin_stem_stage7",
		"1": "block/attached_pumpkin_stem",
		"3": "block/pumpkin_stem_stage7cube",
		"particle": "block/pumpkin_stem_stage7"
	},
	"elements": [
		{
			"from": [2.5, 15, 7.7],
			"to": [8.5, 21, 13.7],
			"rotation": {"angle": 45, "axis": "y", "origin": [5, 21, 10]},
			"faces": {
				"north": {"uv": [0, 6, 12, 12], "texture": "#3"},
				"east": {"uv": [0, 6, 12, 12], "texture": "#3"},
				"south": {"uv": [0, 6, 12, 12], "texture": "#3"},
				"west": {"uv": [0, 6, 12, 12], "texture": "#3"},
				"up": {"uv": [0, 0, 12, 6], "texture": "#3"},
				"down": {"uv": [0, 0, 12, 6], "texture": "#3"}
			}
		},
		{
			"from": [0, -1, 8],
			"to": [16, 15, 8],
			"rotation": {"angle": 45, "axis": "y", "origin": [8, 0, 8]},
			"faces": {
				"north": {"uv": [0, 8, 16, 16], "texture": "#0"},
				"east": {"uv": [0, 0, 0, 16], "texture": "#missing"},
				"south": {"uv": [16, 8, 0, 16], "texture": "#0"},
				"west": {"uv": [0, 0, 0, 16], "texture": "#missing"},
				"up": {"uv": [0, 0, 16, 0], "texture": "#missing"},
				"down": {"uv": [0, 0, 16, 0], "texture": "#missing"}
			}
		},
		{
			"from": [0, 15, 8],
			"to": [16, 31, 8],
			"rotation": {"angle": 45, "axis": "y", "origin": [8, 0, 8]},
			"faces": {
				"north": {"uv": [0, 0, 16, 8], "texture": "#0"},
				"east": {"uv": [0, 0, 0, 16], "texture": "#missing"},
				"south": {"uv": [16, 0, 0, 8], "texture": "#0"},
				"west": {"uv": [0, 0, 0, 16], "texture": "#missing"},
				"up": {"uv": [0, 0, 16, 0], "texture": "#missing"},
				"down": {"uv": [0, 0, 16, 0], "texture": "#missing"}
			}
		},
		{
			"from": [8, -3, 0],
			"to": [8, 13, 16],
			"rotation": {"angle": 45, "axis": "y", "origin": [8, 0, 8]},
			"faces": {
				"north": {"uv": [0, 0, 0, 16], "texture": "#0"},
				"east": {"uv": [0, 8, 8, 16], "texture": "#1"},
				"south": {"uv": [0, 0, 0, 16], "texture": "#0"},
				"west": {"uv": [8, 8, 0, 16], "texture": "#1"},
				"up": {"uv": [0, 0, 0, 16], "texture": "#missing"},
				"down": {"uv": [0, 0, 0, 16], "texture": "#missing"}
			}
		}
	]
}