{	
	"ambientocclusion": false,
	"texture_size": [64, 64],
	"textures": {
		"0": "block/stripped_spruce_log",
		"1": "block/stripped_spruce_log_top",
		"3": "block/farmland_moist",
		"5": "block/spruce_planks",
		"6": "block/tomatosign",
		"7": "block/leaves",
		"8": "entity/lead_knot",
		"10": "block/leaves2",
		"particle": "block/leaves"
	},
	"elements": [
		{
			"from": [9.5, -0.425, 7.575],
			"to": [9.95, 2.1, 7.925],
			"rotation": {"angle": -22.5, "axis": "z", "origin": [9.46923, 5.3309, 7.75]},
			"faces": {
				"north": {"uv": [0.5, 8, 5, 9.5], "rotation": 90, "texture": "#7"},
				"east": {"uv": [0.5, 8, 5, 9.5], "rotation": 90, "texture": "#7"},
				"south": {"uv": [0.5, 8, 5, 9.5], "rotation": 90, "texture": "#7"},
				"west": {"uv": [0.5, 8, 5, 9.5], "rotation": 90, "texture": "#7"},
				"up": {"uv": [0.5, 8, 1.25, 9.5], "rotation": 90, "texture": "#7"},
				"down": {"uv": [0.5, 8, 1.25, 9.5], "rotation": 90, "texture": "#7"}
			}
		},
		{
			"from": [8.31098, 2.11916, 7.625],
			"to": [8.63598, 3.04416, 7.875],
			"rotation": {"angle": 0, "axis": "z", "origin": [8.41098, 3.38166, 7.75]},
			"faces": {
				"north": {"uv": [0.5, 8, 2.5, 9.5], "rotation": 90, "texture": "#7"},
				"east": {"uv": [0.5, 8, 2.5, 9.5], "rotation": 90, "texture": "#7"},
				"south": {"uv": [0.5, 8, 2.5, 9.5], "rotation": 90, "texture": "#7"},
				"west": {"uv": [0.5, 8, 2.5, 9.5], "rotation": 90, "texture": "#7"},
				"up": {"uv": [0.5, 8, 1.25, 9.5], "rotation": 90, "texture": "#7"},
				"down": {"uv": [0.5, 8, 1.25, 9.5], "rotation": 90, "texture": "#7"}
			}
		},
		{
			"from": [2, 0, 5],
			"to": [3, 1, 6],
			"faces": {
				"north": {"uv": [8, 0, 9.5, 1.5], "texture": "#3"},
				"east": {"uv": [8, 0, 9.5, 1.5], "texture": "#3"},
				"south": {"uv": [8, 0, 9.5, 1.5], "texture": "#3"},
				"west": {"uv": [8, 0, 9.5, 1.5], "texture": "#3"},
				"up": {"uv": [8, 0, 9.5, 1.5], "texture": "#3"},
				"down": {"uv": [8, 0, 9.5, 1.5], "texture": "#3"}
			}
		},
		{
			"from": [6, 0, 10],
			"to": [7, 1, 11],
			"faces": {
				"north": {"uv": [7, 11, 8.5, 12.5], "texture": "#3"},
				"east": {"uv": [7, 11, 8.5, 12.5], "texture": "#3"},
				"south": {"uv": [7, 11, 8.5, 12.5], "texture": "#3"},
				"west": {"uv": [7, 11, 8.5, 12.5], "texture": "#3"},
				"up": {"uv": [7, 11, 8.5, 12.5], "texture": "#3"},
				"down": {"uv": [7, 11, 8.5, 12.5], "texture": "#3"}
			}
		},
		{
			"from": [7, 0, 10],
			"to": [8, 1, 11],
			"faces": {
				"north": {"uv": [7, 11, 8.5, 12.5], "texture": "#3"},
				"east": {"uv": [7, 11, 8.5, 12.5], "texture": "#3"},
				"south": {"uv": [7, 11, 8.5, 12.5], "texture": "#3"},
				"west": {"uv": [7, 11, 8.5, 12.5], "texture": "#3"},
				"up": {"uv": [7, 11, 8.5, 12.5], "texture": "#3"},
				"down": {"uv": [7, 11, 8.5, 12.5], "texture": "#3"}
			}
		},
		{
			"from": [7, 0, 8],
			"to": [8, 1, 9],
			"rotation": {"angle": 0, "axis": "y", "origin": [0, 0, -2]},
			"faces": {
				"north": {"uv": [7, 11, 8.5, 12.5], "texture": "#3"},
				"east": {"uv": [7, 11, 8.5, 12.5], "texture": "#3"},
				"south": {"uv": [7, 11, 8.5, 12.5], "texture": "#3"},
				"west": {"uv": [7, 11, 8.5, 12.5], "texture": "#3"},
				"up": {"uv": [7, 11, 8.5, 12.5], "texture": "#3"},
				"down": {"uv": [7, 11, 8.5, 12.5], "texture": "#3"}
			}
		},
		{
			"from": [8, 0, 8],
			"to": [9, 1, 9],
			"rotation": {"angle": 0, "axis": "y", "origin": [1, 0, -2]},
			"faces": {
				"north": {"uv": [7, 11, 8.5, 12.5], "texture": "#3"},
				"east": {"uv": [7, 11, 8.5, 12.5], "texture": "#3"},
				"south": {"uv": [7, 11, 8.5, 12.5], "texture": "#3"},
				"west": {"uv": [7, 11, 8.5, 12.5], "texture": "#3"},
				"up": {"uv": [7, 11, 8.5, 12.5], "texture": "#3"},
				"down": {"uv": [7, 11, 8.5, 12.5], "texture": "#3"}
			}
		},
		{
			"from": [6, 0, 7],
			"to": [7, 1, 8],
			"rotation": {"angle": 0, "axis": "y", "origin": [-1, 0, -3]},
			"faces": {
				"north": {"uv": [7, 11, 8.5, 12.5], "texture": "#3"},
				"east": {"uv": [7, 11, 8.5, 12.5], "texture": "#3"},
				"south": {"uv": [7, 11, 8.5, 12.5], "texture": "#3"},
				"west": {"uv": [7, 11, 8.5, 12.5], "texture": "#3"},
				"up": {"uv": [7, 11, 8.5, 12.5], "texture": "#3"},
				"down": {"uv": [7, 11, 8.5, 12.5], "texture": "#3"}
			}
		},
		{
			"from": [7, 0, 7],
			"to": [8, 1, 8],
			"rotation": {"angle": 0, "axis": "y", "origin": [0, 0, -3]},
			"faces": {
				"north": {"uv": [7, 11, 8.5, 12.5], "texture": "#3"},
				"east": {"uv": [7, 11, 8.5, 12.5], "texture": "#3"},
				"south": {"uv": [7, 11, 8.5, 12.5], "texture": "#3"},
				"west": {"uv": [7, 11, 8.5, 12.5], "texture": "#3"},
				"up": {"uv": [7, 11, 8.5, 12.5], "texture": "#3"},
				"down": {"uv": [7, 11, 8.5, 12.5], "texture": "#3"}
			}
		},
		{
			"from": [5, 0, 12],
			"to": [6, 1, 13],
			"faces": {
				"north": {"uv": [8, 0, 9.5, 1.5], "texture": "#3"},
				"east": {"uv": [8, 0, 9.5, 1.5], "texture": "#3"},
				"south": {"uv": [8, 0, 9.5, 1.5], "texture": "#3"},
				"west": {"uv": [8, 0, 9.5, 1.5], "texture": "#3"},
				"up": {"uv": [8, 0, 9.5, 1.5], "texture": "#3"},
				"down": {"uv": [8, 0, 9.5, 1.5], "texture": "#3"}
			}
		},
		{
			"from": [9, 0, 11],
			"to": [10, 1, 12],
			"faces": {
				"north": {"uv": [14, 8, 15.5, 9.5], "texture": "#3"},
				"east": {"uv": [14, 8, 15.5, 9.5], "texture": "#3"},
				"south": {"uv": [14, 8, 15.5, 9.5], "texture": "#3"},
				"west": {"uv": [14, 8, 15.5, 9.5], "texture": "#3"},
				"up": {"uv": [14, 8, 15.5, 9.5], "texture": "#3"},
				"down": {"uv": [14, 8, 15.5, 9.5], "texture": "#3"}
			}
		},
		{
			"from": [11, 0, 5],
			"to": [12, 1, 6],
			"faces": {
				"north": {"uv": [10, 10, 10.5, 10.5], "texture": "#3"},
				"east": {"uv": [10, 10, 10.5, 10.5], "texture": "#3"},
				"south": {"uv": [10, 10, 10.5, 10.5], "texture": "#3"},
				"west": {"uv": [10, 10, 10.5, 10.5], "texture": "#3"},
				"up": {"uv": [10, 10, 10.5, 10.5], "texture": "#3"},
				"down": {"uv": [10, 10, 10.5, 10.5], "texture": "#3"}
			}
		},
		{
			"from": [13, 0, 7],
			"to": [14, 1, 8],
			"faces": {
				"north": {"uv": [8, 0, 9.5, 1.5], "texture": "#3"},
				"east": {"uv": [8, 0, 9.5, 1.5], "texture": "#3"},
				"south": {"uv": [8, 0, 9.5, 1.5], "texture": "#3"},
				"west": {"uv": [8, 0, 9.5, 1.5], "texture": "#3"},
				"up": {"uv": [8, 0, 9.5, 1.5], "texture": "#3"},
				"down": {"uv": [8, 0, 9.5, 1.5], "texture": "#3"}
			}
		},
		{
			"from": [11, 0, 3],
			"to": [12, 1, 4],
			"faces": {
				"north": {"uv": [5, 9, 5.5, 9.5], "texture": "#3"},
				"east": {"uv": [5, 9, 5.5, 9.5], "texture": "#3"},
				"south": {"uv": [5, 9, 5.5, 9.5], "texture": "#3"},
				"west": {"uv": [5, 9, 5.5, 9.5], "texture": "#3"},
				"up": {"uv": [5, 9, 5.5, 9.5], "texture": "#3"},
				"down": {"uv": [5, 9, 5.5, 9.5], "texture": "#3"}
			}
		},
		{
			"from": [10, 0, 2],
			"to": [11, 1, 3],
			"faces": {
				"north": {"uv": [8, 0, 9.5, 1.5], "texture": "#3"},
				"east": {"uv": [8, 0, 9.5, 1.5], "texture": "#3"},
				"south": {"uv": [8, 0, 9.5, 1.5], "texture": "#3"},
				"west": {"uv": [8, 0, 9.5, 1.5], "texture": "#3"},
				"up": {"uv": [8, 0, 9.5, 1.5], "texture": "#3"},
				"down": {"uv": [8, 0, 9.5, 1.5], "texture": "#3"}
			}
		},
		{
			"from": [8, 0, 7],
			"to": [9, 1, 8],
			"rotation": {"angle": 0, "axis": "y", "origin": [-2, 0, 5]},
			"faces": {
				"north": {"uv": [8, 0, 9.5, 1.5], "texture": "#3"},
				"east": {"uv": [8, 0, 9.5, 1.5], "texture": "#3"},
				"south": {"uv": [8, 0, 9.5, 1.5], "texture": "#3"},
				"west": {"uv": [8, 0, 9.5, 1.5], "texture": "#3"},
				"up": {"uv": [8, 0, 9.5, 1.5], "texture": "#3"},
				"down": {"uv": [8, 0, 9.5, 1.5], "texture": "#3"}
			}
		},
		{
			"from": [7, 0, 6],
			"to": [8, 1, 7],
			"rotation": {"angle": 0, "axis": "y", "origin": [-3, 0, 4]},
			"faces": {
				"north": {"uv": [8, 0, 9.5, 1.5], "texture": "#3"},
				"east": {"uv": [8, 0, 9.5, 1.5], "texture": "#3"},
				"south": {"uv": [8, 0, 9.5, 1.5], "texture": "#3"},
				"west": {"uv": [8, 0, 9.5, 1.5], "texture": "#3"},
				"up": {"uv": [8, 0, 9.5, 1.5], "texture": "#3"},
				"down": {"uv": [8, 0, 9.5, 1.5], "texture": "#3"}
			}
		},
		{
			"from": [9, 0, 8],
			"to": [10, 1, 9],
			"rotation": {"angle": 0, "axis": "y", "origin": [-1, 0, 6]},
			"faces": {
				"north": {"uv": [8, 0, 9.5, 1.5], "texture": "#3"},
				"east": {"uv": [8, 0, 9.5, 1.5], "texture": "#3"},
				"south": {"uv": [8, 0, 9.5, 1.5], "texture": "#3"},
				"west": {"uv": [8, 0, 9.5, 1.5], "texture": "#3"},
				"up": {"uv": [8, 0, 9.5, 1.5], "texture": "#3"},
				"down": {"uv": [8, 0, 9.5, 1.5], "texture": "#3"}
			}
		},
		{
			"from": [9, 0, 3],
			"to": [10, 1, 4],
			"faces": {
				"north": {"uv": [8, 0, 9.5, 1.5], "texture": "#3"},
				"east": {"uv": [8, 0, 9.5, 1.5], "texture": "#3"},
				"south": {"uv": [8, 0, 9.5, 1.5], "texture": "#3"},
				"west": {"uv": [8, 0, 9.5, 1.5], "texture": "#3"},
				"up": {"uv": [8, 0, 9.5, 1.5], "texture": "#3"},
				"down": {"uv": [8, 0, 9.5, 1.5], "texture": "#3"}
			}
		},
		{
			"from": [12, 1, 5],
			"to": [13, 2, 6],
			"faces": {
				"north": {"uv": [4, 9, 4.5, 9.5], "texture": "#3"},
				"east": {"uv": [4, 9, 4.5, 9.5], "texture": "#3"},
				"south": {"uv": [4, 9, 4.5, 9.5], "texture": "#3"},
				"west": {"uv": [4, 9, 4.5, 9.5], "texture": "#3"},
				"up": {"uv": [4, 9, 4.5, 9.5], "texture": "#3"},
				"down": {"uv": [4, 9, 4.5, 9.5], "texture": "#3"}
			}
		},
		{
			"from": [12, 0, 3],
			"to": [13, 1, 4],
			"faces": {
				"north": {"uv": [3, 9, 3.5, 9.5], "texture": "#3"},
				"east": {"uv": [3, 9, 3.5, 9.5], "texture": "#3"},
				"south": {"uv": [3, 9, 3.5, 9.5], "texture": "#3"},
				"west": {"uv": [3, 9, 3.5, 9.5], "texture": "#3"},
				"up": {"uv": [3, 9, 3.5, 9.5], "texture": "#3"},
				"down": {"uv": [3, 9, 3.5, 9.5], "texture": "#3"}
			}
		},
		{
			"from": [10, 1, 3],
			"to": [11, 2, 4],
			"faces": {
				"north": {"uv": [8, 0, 9.5, 1.5], "texture": "#3"},
				"east": {"uv": [8, 0, 9.5, 1.5], "texture": "#3"},
				"south": {"uv": [8, 0, 9.5, 1.5], "texture": "#3"},
				"west": {"uv": [8, 0, 9.5, 1.5], "texture": "#3"},
				"up": {"uv": [8, 0, 9.5, 1.5], "texture": "#3"},
				"down": {"uv": [8, 0, 9.5, 1.5], "texture": "#3"}
			}
		},
		{
			"from": [12, 1, 4],
			"to": [13, 2, 5],
			"faces": {
				"north": {"uv": [3, 4, 3.5, 3.5], "texture": "#3"},
				"east": {"uv": [3, 4, 3.5, 3.5], "texture": "#3"},
				"south": {"uv": [3, 4, 3.5, 3.5], "texture": "#3"},
				"west": {"uv": [3, 4, 3.5, 3.5], "texture": "#3"},
				"up": {"uv": [3, 4, 3.5, 3.5], "texture": "#3"},
				"down": {"uv": [3, 4, 3.5, 3.5], "texture": "#3"}
			}
		},
		{
			"from": [6, 0, 4],
			"to": [7, 1, 5],
			"faces": {
				"north": {"uv": [8, 0, 9.5, 1.5], "texture": "#3"},
				"east": {"uv": [8, 0, 9.5, 1.5], "texture": "#3"},
				"south": {"uv": [8, 0, 9.5, 1.5], "texture": "#3"},
				"west": {"uv": [8, 0, 9.5, 1.5], "texture": "#3"},
				"up": {"uv": [8, 0, 9.5, 1.5], "texture": "#3"},
				"down": {"uv": [8, 0, 9.5, 1.5], "texture": "#3"}
			}
		},
		{
			"from": [4, 0, 5],
			"to": [5, 1, 6],
			"faces": {
				"north": {"uv": [5, 7, 6.5, 8.5], "texture": "#3"},
				"east": {"uv": [5, 7, 6.5, 8.5], "texture": "#3"},
				"south": {"uv": [5, 7, 6.5, 8.5], "texture": "#3"},
				"west": {"uv": [5, 7, 6.5, 8.5], "texture": "#3"},
				"up": {"uv": [5, 7, 6.5, 8.5], "texture": "#3"},
				"down": {"uv": [5, 7, 6.5, 8.5], "texture": "#3"}
			}
		},
		{
			"from": [3, 1, 5],
			"to": [4, 2, 6],
			"faces": {
				"north": {"uv": [3, 8, 3.5, 8.5], "texture": "#3"},
				"east": {"uv": [3, 8, 3.5, 8.5], "texture": "#3"},
				"south": {"uv": [3, 8, 3.5, 8.5], "texture": "#3"},
				"west": {"uv": [3, 8, 3.5, 8.5], "texture": "#3"},
				"up": {"uv": [3, 8, 3.5, 8.5], "texture": "#3"},
				"down": {"uv": [3, 8, 3.5, 8.5], "texture": "#3"}
			}
		},
		{
			"from": [4, 0, 4],
			"to": [5, 1, 5],
			"faces": {
				"north": {"uv": [8, 0, 9.5, 1.5], "texture": "#3"},
				"east": {"uv": [8, 0, 9.5, 1.5], "texture": "#3"},
				"south": {"uv": [8, 0, 9.5, 1.5], "texture": "#3"},
				"west": {"uv": [8, 0, 9.5, 1.5], "texture": "#3"},
				"up": {"uv": [8, 0, 9.5, 1.5], "texture": "#3"},
				"down": {"uv": [8, 0, 9.5, 1.5], "texture": "#3"}
			}
		},
		{
			"from": [3, 0, 3],
			"to": [4, 1, 4],
			"faces": {
				"north": {"uv": [5, 7, 6.5, 8.5], "texture": "#3"},
				"east": {"uv": [5, 7, 6.5, 8.5], "texture": "#3"},
				"south": {"uv": [5, 7, 6.5, 8.5], "texture": "#3"},
				"west": {"uv": [5, 7, 6.5, 8.5], "texture": "#3"},
				"up": {"uv": [5, 7, 6.5, 8.5], "texture": "#3"},
				"down": {"uv": [5, 7, 6.5, 8.5], "texture": "#3"}
			}
		},
		{
			"from": [2, 0, 4],
			"to": [3, 1, 5],
			"faces": {
				"north": {"uv": [4, 10, 4.5, 10.5], "texture": "#3"},
				"east": {"uv": [4, 10, 4.5, 10.5], "texture": "#3"},
				"south": {"uv": [4, 10, 4.5, 10.5], "texture": "#3"},
				"west": {"uv": [4, 10, 4.5, 10.5], "texture": "#3"},
				"up": {"uv": [4, 10, 4.5, 10.5], "texture": "#3"},
				"down": {"uv": [4, 10, 4.5, 10.5], "texture": "#3"}
			}
		},
		{
			"from": [5, 0, 3],
			"to": [6, 1, 4],
			"faces": {
				"north": {"uv": [3, 15.5, 3.5, 16], "texture": "#3"},
				"east": {"uv": [3, 15.5, 3.5, 16], "texture": "#3"},
				"south": {"uv": [3, 15.5, 3.5, 16], "texture": "#3"},
				"west": {"uv": [3, 15.5, 3.5, 16], "texture": "#3"},
				"up": {"uv": [3, 15.5, 3.5, 16], "texture": "#3"},
				"down": {"uv": [3, 15.5, 3.5, 16], "texture": "#3"}
			}
		},
		{
			"from": [3, 0, 6],
			"to": [4, 1, 7],
			"faces": {
				"north": {"uv": [3, 9, 3.5, 9.5], "texture": "#3"},
				"east": {"uv": [3, 9, 3.5, 9.5], "texture": "#3"},
				"south": {"uv": [3, 9, 3.5, 9.5], "texture": "#3"},
				"west": {"uv": [3, 9, 3.5, 9.5], "texture": "#3"},
				"up": {"uv": [3, 9, 3.5, 9.5], "texture": "#3"},
				"down": {"uv": [3, 9, 3.5, 9.5], "texture": "#3"}
			}
		},
		{
			"from": [4, 0, 8],
			"to": [5, 1, 9],
			"faces": {
				"north": {"uv": [8, 0, 9.5, 1.5], "texture": "#3"},
				"east": {"uv": [8, 0, 9.5, 1.5], "texture": "#3"},
				"south": {"uv": [8, 0, 9.5, 1.5], "texture": "#3"},
				"west": {"uv": [8, 0, 9.5, 1.5], "texture": "#3"},
				"up": {"uv": [8, 0, 9.5, 1.5], "texture": "#3"},
				"down": {"uv": [8, 0, 9.5, 1.5], "texture": "#3"}
			}
		},
		{
			"from": [5, 0, 9],
			"to": [6, 1, 10],
			"faces": {
				"north": {"uv": [8, 0, 9.5, 1.5], "texture": "#3"},
				"east": {"uv": [8, 0, 9.5, 1.5], "texture": "#3"},
				"south": {"uv": [8, 0, 9.5, 1.5], "texture": "#3"},
				"west": {"uv": [8, 0, 9.5, 1.5], "texture": "#3"},
				"up": {"uv": [8, 0, 9.5, 1.5], "texture": "#3"},
				"down": {"uv": [8, 0, 9.5, 1.5], "texture": "#3"}
			}
		},
		{
			"from": [4, 0, 10],
			"to": [5, 1, 11],
			"faces": {
				"north": {"uv": [8, 0, 9.5, 1.5], "texture": "#3"},
				"east": {"uv": [8, 0, 9.5, 1.5], "texture": "#3"},
				"south": {"uv": [8, 0, 9.5, 1.5], "texture": "#3"},
				"west": {"uv": [8, 0, 9.5, 1.5], "texture": "#3"},
				"up": {"uv": [8, 0, 9.5, 1.5], "texture": "#3"},
				"down": {"uv": [8, 0, 9.5, 1.5], "texture": "#3"}
			}
		},
		{
			"from": [5, 0, 11],
			"to": [6, 1, 12],
			"faces": {
				"north": {"uv": [7, 11, 8.5, 12.5], "texture": "#3"},
				"east": {"uv": [7, 11, 8.5, 12.5], "texture": "#3"},
				"south": {"uv": [7, 11, 8.5, 12.5], "texture": "#3"},
				"west": {"uv": [7, 11, 8.5, 12.5], "texture": "#3"},
				"up": {"uv": [7, 11, 8.5, 12.5], "texture": "#3"},
				"down": {"uv": [7, 11, 8.5, 12.5], "texture": "#3"}
			}
		},
		{
			"from": [6, 0, 11],
			"to": [7, 1, 12],
			"faces": {
				"north": {"uv": [7, 11, 8.5, 12.5], "texture": "#3"},
				"east": {"uv": [7, 11, 8.5, 12.5], "texture": "#3"},
				"south": {"uv": [7, 11, 8.5, 12.5], "texture": "#3"},
				"west": {"uv": [7, 11, 8.5, 12.5], "texture": "#3"},
				"up": {"uv": [7, 11, 8.5, 12.5], "texture": "#3"},
				"down": {"uv": [7, 11, 8.5, 12.5], "texture": "#3"}
			}
		},
		{
			"from": [8, 0, 11],
			"to": [9, 1, 12],
			"faces": {
				"north": {"uv": [7, 11, 8.5, 12.5], "texture": "#3"},
				"east": {"uv": [7, 11, 8.5, 12.5], "texture": "#3"},
				"south": {"uv": [7, 11, 8.5, 12.5], "texture": "#3"},
				"west": {"uv": [7, 11, 8.5, 12.5], "texture": "#3"},
				"up": {"uv": [7, 11, 8.5, 12.5], "texture": "#3"},
				"down": {"uv": [7, 11, 8.5, 12.5], "texture": "#3"}
			}
		},
		{
			"from": [6, 1, 11],
			"to": [7, 2, 12],
			"faces": {
				"north": {"uv": [7, 11, 8.5, 12.5], "texture": "#3"},
				"east": {"uv": [7, 11, 8.5, 12.5], "texture": "#3"},
				"south": {"uv": [7, 11, 8.5, 12.5], "texture": "#3"},
				"west": {"uv": [7, 11, 8.5, 12.5], "texture": "#3"},
				"up": {"uv": [7, 11, 8.5, 12.5], "texture": "#3"},
				"down": {"uv": [7, 11, 8.5, 12.5], "texture": "#3"}
			}
		},
		{
			"from": [5, 1, 10],
			"to": [6, 2, 11],
			"faces": {
				"north": {"uv": [8, 0, 9.5, 1.5], "texture": "#3"},
				"east": {"uv": [8, 0, 9.5, 1.5], "texture": "#3"},
				"south": {"uv": [8, 0, 9.5, 1.5], "texture": "#3"},
				"west": {"uv": [8, 0, 9.5, 1.5], "texture": "#3"},
				"up": {"uv": [8, 0, 9.5, 1.5], "texture": "#3"},
				"down": {"uv": [8, 0, 9.5, 1.5], "texture": "#3"}
			}
		},
		{
			"from": [10, 0, 4],
			"to": [11, 1, 5],
			"faces": {
				"north": {"uv": [7, 11, 8.5, 12.5], "texture": "#3"},
				"east": {"uv": [7, 11, 8.5, 12.5], "texture": "#3"},
				"south": {"uv": [7, 11, 8.5, 12.5], "texture": "#3"},
				"west": {"uv": [7, 11, 8.5, 12.5], "texture": "#3"},
				"up": {"uv": [7, 11, 8.5, 12.5], "texture": "#3"},
				"down": {"uv": [7, 11, 8.5, 12.5], "texture": "#3"}
			}
		},
		{
			"from": [10, 0, 5],
			"to": [11, 1, 6],
			"faces": {
				"north": {"uv": [8, 0, 9.5, 1.5], "texture": "#3"},
				"east": {"uv": [8, 0, 9.5, 1.5], "texture": "#3"},
				"south": {"uv": [8, 0, 9.5, 1.5], "texture": "#3"},
				"west": {"uv": [8, 0, 9.5, 1.5], "texture": "#3"},
				"up": {"uv": [8, 0, 9.5, 1.5], "texture": "#3"},
				"down": {"uv": [8, 0, 9.5, 1.5], "texture": "#3"}
			}
		},
		{
			"from": [12, 0, 8],
			"to": [13, 1, 9],
			"faces": {
				"north": {"uv": [5, 5, 5.5, 5.5], "texture": "#3"},
				"east": {"uv": [5, 5, 5.5, 5.5], "texture": "#3"},
				"south": {"uv": [5, 5, 5.5, 5.5], "texture": "#3"},
				"west": {"uv": [5, 5, 5.5, 5.5], "texture": "#3"},
				"up": {"uv": [5, 5, 5.5, 5.5], "texture": "#3"},
				"down": {"uv": [5, 5, 5.5, 5.5], "texture": "#3"}
			}
		},
		{
			"from": [12, 0, 6],
			"to": [13, 1, 7],
			"faces": {
				"north": {"uv": [5, 4, 5.5, 4.5], "texture": "#3"},
				"east": {"uv": [5, 4, 5.5, 4.5], "texture": "#3"},
				"south": {"uv": [5, 4, 5.5, 4.5], "texture": "#3"},
				"west": {"uv": [5, 4, 5.5, 4.5], "texture": "#3"},
				"up": {"uv": [5, 4, 5.5, 4.5], "texture": "#3"},
				"down": {"uv": [5, 4, 5.5, 4.5], "texture": "#3"}
			}
		},
		{
			"from": [13, 0, 5],
			"to": [14, 1, 6],
			"faces": {
				"north": {"uv": [11, 4, 11.5, 4.5], "texture": "#3"},
				"east": {"uv": [11, 4, 11.5, 4.5], "texture": "#3"},
				"south": {"uv": [11, 4, 11.5, 4.5], "texture": "#3"},
				"west": {"uv": [11, 4, 11.5, 4.5], "texture": "#3"},
				"up": {"uv": [11, 4, 11.5, 4.5], "texture": "#3"},
				"down": {"uv": [11, 4, 11.5, 4.5], "texture": "#3"}
			}
		},
		{
			"from": [13, 0, 4],
			"to": [14, 1, 5],
			"faces": {
				"north": {"uv": [8, 0, 9.5, 1.5], "texture": "#3"},
				"east": {"uv": [8, 0, 9.5, 1.5], "texture": "#3"},
				"south": {"uv": [8, 0, 9.5, 1.5], "texture": "#3"},
				"west": {"uv": [8, 0, 9.5, 1.5], "texture": "#3"},
				"up": {"uv": [8, 0, 9.5, 1.5], "texture": "#3"},
				"down": {"uv": [8, 0, 9.5, 1.5], "texture": "#3"}
			}
		},
		{
			"from": [7, 0, 12],
			"to": [8, 1, 13],
			"faces": {
				"north": {"uv": [7, 11, 8.5, 12.5], "texture": "#3"},
				"east": {"uv": [7, 11, 8.5, 12.5], "texture": "#3"},
				"south": {"uv": [7, 11, 8.5, 12.5], "texture": "#3"},
				"west": {"uv": [7, 11, 8.5, 12.5], "texture": "#3"},
				"up": {"uv": [7, 11, 8.5, 12.5], "texture": "#3"},
				"down": {"uv": [7, 11, 8.5, 12.5], "texture": "#3"}
			}
		},
		{
			"from": [4.5, 0, 1],
			"to": [5, 7, 1.5],
			"faces": {
				"north": {"uv": [0, 0, 3.5, 16], "texture": "#0"},
				"east": {"uv": [0, 0, 3.5, 16], "texture": "#0"},
				"south": {"uv": [0, 0, 3.5, 16], "texture": "#0"},
				"west": {"uv": [0, 0, 3.5, 16], "texture": "#0"},
				"up": {"uv": [0, 0, 16, 16], "texture": "#1"},
				"down": {"uv": [0, 0, 16, 16], "texture": "#1"}
			}
		},
		{
			"from": [1.5, 3.75, 0.5],
			"to": [8, 6.75, 1],
			"rotation": {"angle": 0, "axis": "y", "origin": [4.75, 5.25, 0.75]},
			"faces": {
				"north": {"uv": [0, 0, 16, 16], "texture": "#5"},
				"east": {"uv": [0, 0, 2, 16], "texture": "#5"},
				"south": {"uv": [0, 0, 16, 16], "texture": "#5"},
				"west": {"uv": [0, 0, 2, 16], "texture": "#5"},
				"up": {"uv": [0, 14, 16, 16], "texture": "#5"},
				"down": {"uv": [0, 14, 16, 16], "texture": "#5"}
			}
		},
		{
			"from": [1.5, 3.75, 0.5],
			"to": [8, 6.75, 1],
			"rotation": {"angle": 0, "axis": "y", "origin": [4.75, 5.25, 0.75]},
			"faces": {
				"north": {"uv": [0, 0, 14.5, 6], "texture": "#6"}
			}
		},
		{
			"from": [7, 0, 11],
			"to": [8, 9, 12],
			"rotation": {"angle": 0, "axis": "y", "origin": [0, -7, 0]},
			"faces": {
				"north": {"uv": [0, 0, 3.5, 16], "texture": "#0"},
				"east": {"uv": [0, 0, 3.5, 16], "texture": "#0"},
				"south": {"uv": [0, 0, 3.5, 16], "texture": "#0"},
				"west": {"uv": [0, 0, 3.5, 16], "texture": "#0"},
				"up": {"uv": [0, 0, 16, 16], "texture": "#1"},
				"down": {"uv": [0, 0, 16, 16], "texture": "#1"}
			}
		},
		{
			"from": [7, 8, 11],
			"to": [8, 24, 12],
			"rotation": {"angle": 0, "axis": "y", "origin": [0, -7, 0]},
			"faces": {
				"north": {"uv": [0, 0, 3.5, 16], "texture": "#0"},
				"east": {"uv": [0, 0, 3.5, 16], "texture": "#0"},
				"south": {"uv": [0, 0, 3.5, 16], "texture": "#0"},
				"west": {"uv": [0, 0, 3.5, 16], "texture": "#0"},
				"up": {"uv": [0, 0, 16, 16], "texture": "#1"},
				"down": {"uv": [0, 0, 16, 16], "texture": "#1"}
			}
		},
		{
			"from": [6.675, 19.55, 10.7],
			"to": [8.3, 21, 12.25],
			"rotation": {"angle": 0, "axis": "y", "origin": [0, -7, 0]},
			"faces": {
				"north": {"uv": [0, 3.5, 12, 5.8875], "texture": "#8"},
				"east": {"uv": [0, 3.5, 12, 5.8875], "texture": "#8"},
				"south": {"uv": [0, 3.5, 12, 5.8875], "texture": "#8"},
				"west": {"uv": [0, 3.5, 12, 5.8875], "texture": "#8"},
				"up": {"uv": [3, 0, 6, 3], "texture": "#8"},
				"down": {"uv": [3, 0, 6, 3], "texture": "#1"}
			}
		},
		{
			"from": [10.675, 19.55, 3.725],
			"to": [12.3, 21, 5.275],
			"rotation": {"angle": 0, "axis": "y", "origin": [4, -7, -6.975]},
			"faces": {
				"north": {"uv": [0, 3.5, 12, 5.8875], "texture": "#8"},
				"east": {"uv": [0, 3.5, 12, 5.8875], "texture": "#8"},
				"south": {"uv": [0, 3.5, 12, 5.8875], "texture": "#8"},
				"west": {"uv": [0, 3.5, 12, 5.8875], "texture": "#8"},
				"up": {"uv": [3, 0, 6, 3], "texture": "#8"},
				"down": {"uv": [3, 0, 6, 3], "texture": "#1"}
			}
		},
		{
			"from": [2.7, 19.55, 3.725],
			"to": [4.325, 21, 5.275],
			"rotation": {"angle": 0, "axis": "y", "origin": [-3.975, -7, -6.975]},
			"faces": {
				"north": {"uv": [0, 3.5, 12, 5.8875], "texture": "#8"},
				"east": {"uv": [0, 3.5, 12, 5.8875], "texture": "#8"},
				"south": {"uv": [0, 3.5, 12, 5.8875], "texture": "#8"},
				"west": {"uv": [0, 3.5, 12, 5.8875], "texture": "#8"},
				"up": {"uv": [3, 0, 6, 3], "texture": "#8"},
				"down": {"uv": [3, 0, 6, 3], "texture": "#1"}
			}
		},
		{
			"from": [5.075, 20, 4.375],
			"to": [5.575, 20.5, 8.375],
			"rotation": {"angle": 22.5, "axis": "y", "origin": [5.325, 20, 9.6]},
			"faces": {
				"north": {"uv": [0, 3, 3.5, 7], "rotation": 270, "texture": "#8"},
				"east": {"uv": [0, 3, 3.5, 7], "rotation": 270, "texture": "#8"},
				"south": {"uv": [0, 3, 3.5, 7], "rotation": 270, "texture": "#8"},
				"west": {"uv": [0, 3, 3.5, 7], "rotation": 90, "texture": "#8"},
				"up": {"uv": [0, 3, 3.5, 7], "rotation": 180, "texture": "#8"},
				"down": {"uv": [0, 3, 3.5, 7], "texture": "#8"}
			}
		},
		{
			"from": [6.5, 20, 6.975],
			"to": [6.975, 20.5, 10.85],
			"rotation": {"angle": -45, "axis": "y", "origin": [6.75, 20, 11.85]},
			"faces": {
				"north": {"uv": [0, 3, 3.5, 7], "rotation": 270, "texture": "#8"},
				"east": {"uv": [0, 3, 3.5, 7], "rotation": 270, "texture": "#8"},
				"south": {"uv": [0, 3, 3.5, 7], "rotation": 270, "texture": "#8"},
				"west": {"uv": [0, 3, 3.5, 7], "rotation": 90, "texture": "#8"},
				"up": {"uv": [0, 3, 3.5, 7], "rotation": 180, "texture": "#8"},
				"down": {"uv": [0, 3, 3.5, 7], "texture": "#8"}
			}
		},
		{
			"from": [4.71974, 20, 8.62157],
			"to": [5.19474, 20.5, 12.49657],
			"rotation": {"angle": 45, "axis": "y", "origin": [4.57622, 20.25, 8.71726]},
			"faces": {
				"north": {"uv": [0, 3, 3.5, 7], "rotation": 270, "texture": "#8"},
				"east": {"uv": [0, 3, 3.5, 7], "rotation": 270, "texture": "#8"},
				"south": {"uv": [0, 3, 3.5, 7], "rotation": 270, "texture": "#8"},
				"west": {"uv": [0, 3, 3.5, 7], "rotation": 90, "texture": "#8"},
				"up": {"uv": [0, 3, 3.5, 7], "rotation": 180, "texture": "#8"},
				"down": {"uv": [0, 3, 3.5, 7], "texture": "#8"}
			}
		},
		{
			"from": [9.95404, 20, 4.34485],
			"to": [10.45404, 20.5, 8.34485],
			"rotation": {"angle": -22.5, "axis": "y", "origin": [9.85122, 20.25, 8.19226]},
			"faces": {
				"north": {"uv": [0, 3, 3.5, 7], "rotation": 270, "texture": "#8"},
				"east": {"uv": [0, 3, 3.5, 7], "rotation": 270, "texture": "#8"},
				"south": {"uv": [0, 3, 3.5, 7], "rotation": 270, "texture": "#8"},
				"west": {"uv": [0, 3, 3.5, 7], "rotation": 90, "texture": "#8"},
				"up": {"uv": [0, 3, 3.5, 7], "rotation": 180, "texture": "#8"},
				"down": {"uv": [0, 3, 3.5, 7], "texture": "#8"}
			}
		},
		{
			"from": [7.69864, 20, 4.29508],
			"to": [11.69864, 20.5, 4.79508],
			"rotation": {"angle": 0, "axis": "y", "origin": [7.85122, 20.25, 4.19226]},
			"faces": {
				"north": {"uv": [0, 3, 3.5, 7], "rotation": 90, "texture": "#8"},
				"east": {"uv": [0, 3, 3.5, 7], "rotation": 270, "texture": "#8"},
				"south": {"uv": [0, 3, 3.5, 7], "rotation": 270, "texture": "#8"},
				"west": {"uv": [0, 3, 3.5, 7], "rotation": 270, "texture": "#8"},
				"up": {"uv": [0, 3, 3.5, 7], "rotation": 270, "texture": "#8"},
				"down": {"uv": [0, 3, 3.5, 7], "rotation": 270, "texture": "#8"}
			}
		},
		{
			"from": [3.69864, 20, 4.29508],
			"to": [7.69864, 20.5, 4.79508],
			"rotation": {"angle": 0, "axis": "y", "origin": [3.85122, 20.25, 4.19226]},
			"faces": {
				"north": {"uv": [0, 3, 3.5, 7], "rotation": 90, "texture": "#8"},
				"east": {"uv": [0, 3, 3.5, 7], "rotation": 270, "texture": "#8"},
				"south": {"uv": [0, 3, 3.5, 7], "rotation": 270, "texture": "#8"},
				"west": {"uv": [0, 3, 3.5, 7], "rotation": 270, "texture": "#8"},
				"up": {"uv": [0, 3, 3.5, 7], "rotation": 270, "texture": "#8"},
				"down": {"uv": [0, 3, 3.5, 7], "rotation": 270, "texture": "#8"}
			}
		},
		{
			"from": [3, 8, 4],
			"to": [4, 23, 5],
			"rotation": {"angle": 0, "axis": "y", "origin": [0, -7, 0]},
			"faces": {
				"north": {"uv": [0, 0, 3.5, 16], "texture": "#0"},
				"east": {"uv": [0, 0, 3.5, 16], "texture": "#0"},
				"south": {"uv": [0, 0, 3.5, 16], "texture": "#0"},
				"west": {"uv": [0, 0, 3.5, 16], "texture": "#0"},
				"up": {"uv": [0, 0, 16, 16], "texture": "#1"},
				"down": {"uv": [0, 0, 16, 16], "texture": "#1"}
			}
		},
		{
			"from": [3, 0, 4],
			"to": [4, 9, 5],
			"rotation": {"angle": 0, "axis": "y", "origin": [0, -7, 0]},
			"faces": {
				"north": {"uv": [0, 0, 3.5, 16], "texture": "#0"},
				"east": {"uv": [0, 0, 3.5, 16], "texture": "#0"},
				"south": {"uv": [0, 0, 3.5, 16], "texture": "#0"},
				"west": {"uv": [0, 0, 3.5, 16], "texture": "#0"},
				"up": {"uv": [0, 0, 16, 16], "texture": "#1"},
				"down": {"uv": [0, 0, 16, 16], "texture": "#1"}
			}
		},
		{
			"from": [11, 8, 4],
			"to": [12, 22, 5],
			"rotation": {"angle": 0, "axis": "y", "origin": [0, -7, 0]},
			"faces": {
				"north": {"uv": [0, 0, 3.5, 16], "texture": "#0"},
				"east": {"uv": [0, 0, 3.5, 16], "texture": "#0"},
				"south": {"uv": [0, 0, 3.5, 16], "texture": "#0"},
				"west": {"uv": [0, 0, 3.5, 16], "texture": "#0"},
				"up": {"uv": [0, 0, 16, 16], "texture": "#1"},
				"down": {"uv": [0, 0, 16, 16], "texture": "#1"}
			}
		},
		{
			"from": [11, 0, 4],
			"to": [12, 9, 5],
			"rotation": {"angle": 0, "axis": "y", "origin": [0, -7, 0]},
			"faces": {
				"north": {"uv": [0, 0, 3.5, 16], "texture": "#0"},
				"east": {"uv": [0, 0, 3.5, 16], "texture": "#0"},
				"south": {"uv": [0, 0, 3.5, 16], "texture": "#0"},
				"west": {"uv": [0, 0, 3.5, 16], "texture": "#0"},
				"up": {"uv": [0, 0, 16, 16], "texture": "#1"},
				"down": {"uv": [0, 0, 16, 16], "texture": "#1"}
			}
		},
		{
			"from": [5.61277, 2.735, 7.40504],
			"to": [8.90777, 3.795, 10.60004],
			"rotation": {"angle": -45, "axis": "x", "origin": [7.13527, 3.265, 9.00254]},
			"faces": {
				"up": {"uv": [6.5, 1.25, 0.5, 7.25], "rotation": 90, "texture": "#10"}
			}
		},
		{
			"from": [7.91277, 1.4925, 6.37254],
			"to": [11.10777, 4.7875, 7.43254],
			"rotation": {"angle": 22.5, "axis": "y", "origin": [9.51027, 3.265, 6.90254]},
			"faces": {
				"south": {"uv": [0.5, 1.25, 6.5, 7.25], "rotation": 180, "texture": "#10"}
			}
		},
		{
			"name": "cube inverted",
			"from": [8.90777, 3.795, 10.60004],
			"to": [5.61277, 2.735, 7.40504],
			"rotation": {"angle": -45, "axis": "x", "origin": [7.13527, 3.265, 9.00254]},
			"faces": {
				"down": {"uv": [6.5, 7.25, 0.5, 1.25], "rotation": 90, "texture": "#10"}
			}
		},
		{
			"name": "cube inverted",
			"from": [11.10777, 4.7875, 7.43254],
			"to": [7.91277, 1.4925, 6.37254],
			"rotation": {"angle": 22.5, "axis": "y", "origin": [9.51027, 3.265, 6.90254]},
			"faces": {
				"north": {"uv": [0.5, 7.25, 6.5, 1.25], "rotation": 180, "texture": "#10"}
			}
		}
	],
	"groups": [
		{
			"name": "plant stalk",
			"origin": [0, 0, 0],
			"color": 0,
			"children": [0, 1]
		},
		{
			"name": "dirt",
			"origin": [0, 0, 0],
			"color": 0,
			"children": [2, 3, 4, 5, 6, 7, 8, 9, 10, 11, 12, 13, 14, 15, 16, 17, 18, 19, 20, 21, 22, 23, 24, 25, 26, 27, 28, 29, 30, 31, 32, 33, 34, 35, 36, 37, 38, 39, 40, 41, 42, 43, 44, 45]
		},
		{
			"name": "sign",
			"origin": [4.75, 5.25, 0.75],
			"color": 0,
			"children": [46, 47, 48]
		},
		{
			"name": "sticks",
			"origin": [0, 0, 0],
			"color": 0,
			"children": [49, 50, 51, 52, 53, 54, 55, 56, 57, 58, 59, 60, 61, 62, 63]
		},
		{
			"name": "flat leaf",
			"origin": [11.0625, 19.75, 20],
			"color": 0,
			"children": [64, 65, 66, 67]
		}
	]
}