{
	"ambientocclusion": false,
	"texture_size": [64, 64],
	"textures": {
		"0": "block/stripped_spruce_log",
		"1": "block/stripped_spruce_log_top",
		"3": "block/farmland_moist",
		"5": "block/spruce_planks",
		"6": "block/tomatosign",
		"7": "block/leaves",
		"8": "entity/lead_knot",
		"particle": "block/leaves"
	},
	"elements": [
		{
			"from": [9.35, -0.75, 7.4],
			"to": [10.1, 6.7, 8.1],
			"rotation": {"angle": -22.5, "axis": "z", "origin": [9.46923, 5.3309, 7.75]},
			"faces": {
				"north": {"uv": [0.5, 8, 5, 9.5], "rotation": 90, "texture": "#7"},
				"east": {"uv": [0.5, 8, 5, 9.5], "rotation": 90, "texture": "#7"},
				"south": {"uv": [0.5, 8, 5, 9.5], "rotation": 90, "texture": "#7"},
				"west": {"uv": [0.5, 8, 5, 9.5], "rotation": 90, "texture": "#7"},
				"up": {"uv": [0.5, 8, 1.25, 9.5], "rotation": 90, "texture": "#7"},
				"down": {"uv": [0.5, 8, 1.25, 9.5], "rotation": 90, "texture": "#7"}
			}
		},
		{
			"from": [9.9345, 6.33035, 7.75],
			"to": [10.4845, 9.78035, 8.3],
			"rotation": {"angle": -22.5, "axis": "x", "origin": [9.54423, 5.7809, 8.025]},
			"faces": {
				"north": {"uv": [0.5, 8, 2.25, 9.5], "rotation": 90, "texture": "#7"},
				"east": {"uv": [0.5, 8, 2.25, 9.5], "rotation": 90, "texture": "#7"},
				"south": {"uv": [0.5, 8, 2.25, 9.5], "rotation": 90, "texture": "#7"},
				"west": {"uv": [0.5, 8, 2.25, 9.5], "rotation": 90, "texture": "#7"},
				"up": {"uv": [0.5, 8, 2.25, 9.5], "rotation": 90, "texture": "#7"},
				"down": {"uv": [0.5, 8, 2.25, 9.5], "rotation": 90, "texture": "#7"}
			}
		},
		{
			"from": [2, 0, 5],
			"to": [3, 1, 6],
			"faces": {
				"north": {"uv": [8, 0, 9.5, 1.5], "texture": "#3"},
				"east": {"uv": [8, 0, 9.5, 1.5], "texture": "#3"},
				"south": {"uv": [8, 0, 9.5, 1.5], "texture": "#3"},
				"west": {"uv": [8, 0, 9.5, 1.5], "texture": "#3"},
				"up": {"uv": [8, 0, 9.5, 1.5], "texture": "#3"},
				"down": {"uv": [8, 0, 9.5, 1.5], "texture": "#3"}
			}
		},
		{
			"from": [6, 0, 10],
			"to": [7, 1, 11],
			"faces": {
				"north": {"uv": [7, 11, 8.5, 12.5], "texture": "#3"},
				"east": {"uv": [7, 11, 8.5, 12.5], "texture": "#3"},
				"south": {"uv": [7, 11, 8.5, 12.5], "texture": "#3"},
				"west": {"uv": [7, 11, 8.5, 12.5], "texture": "#3"},
				"up": {"uv": [7, 11, 8.5, 12.5], "texture": "#3"},
				"down": {"uv": [7, 11, 8.5, 12.5], "texture": "#3"}
			}
		},
		{
			"from": [7, 0, 10],
			"to": [8, 1, 11],
			"faces": {
				"north": {"uv": [7, 11, 8.5, 12.5], "texture": "#3"},
				"east": {"uv": [7, 11, 8.5, 12.5], "texture": "#3"},
				"south": {"uv": [7, 11, 8.5, 12.5], "texture": "#3"},
				"west": {"uv": [7, 11, 8.5, 12.5], "texture": "#3"},
				"up": {"uv": [7, 11, 8.5, 12.5], "texture": "#3"},
				"down": {"uv": [7, 11, 8.5, 12.5], "texture": "#3"}
			}
		},
		{
			"from": [7, 0, 8],
			"to": [8, 1, 9],
			"rotation": {"angle": 0, "axis": "y", "origin": [0, 0, -2]},
			"faces": {
				"north": {"uv": [7, 11, 8.5, 12.5], "texture": "#3"},
				"east": {"uv": [7, 11, 8.5, 12.5], "texture": "#3"},
				"south": {"uv": [7, 11, 8.5, 12.5], "texture": "#3"},
				"west": {"uv": [7, 11, 8.5, 12.5], "texture": "#3"},
				"up": {"uv": [7, 11, 8.5, 12.5], "texture": "#3"},
				"down": {"uv": [7, 11, 8.5, 12.5], "texture": "#3"}
			}
		},
		{
			"from": [8, 0, 8],
			"to": [9, 1, 9],
			"rotation": {"angle": 0, "axis": "y", "origin": [1, 0, -2]},
			"faces": {
				"north": {"uv": [7, 11, 8.5, 12.5], "texture": "#3"},
				"east": {"uv": [7, 11, 8.5, 12.5], "texture": "#3"},
				"south": {"uv": [7, 11, 8.5, 12.5], "texture": "#3"},
				"west": {"uv": [7, 11, 8.5, 12.5], "texture": "#3"},
				"up": {"uv": [7, 11, 8.5, 12.5], "texture": "#3"},
				"down": {"uv": [7, 11, 8.5, 12.5], "texture": "#3"}
			}
		},
		{
			"from": [6, 0, 7],
			"to": [7, 1, 8],
			"rotation": {"angle": 0, "axis": "y", "origin": [-1, 0, -3]},
			"faces": {
				"north": {"uv": [7, 11, 8.5, 12.5], "texture": "#3"},
				"east": {"uv": [7, 11, 8.5, 12.5], "texture": "#3"},
				"south": {"uv": [7, 11, 8.5, 12.5], "texture": "#3"},
				"west": {"uv": [7, 11, 8.5, 12.5], "texture": "#3"},
				"up": {"uv": [7, 11, 8.5, 12.5], "texture": "#3"},
				"down": {"uv": [7, 11, 8.5, 12.5], "texture": "#3"}
			}
		},
		{
			"from": [7, 0, 7],
			"to": [8, 1, 8],
			"rotation": {"angle": 0, "axis": "y", "origin": [0, 0, -3]},
			"faces": {
				"north": {"uv": [7, 11, 8.5, 12.5], "texture": "#3"},
				"east": {"uv": [7, 11, 8.5, 12.5], "texture": "#3"},
				"south": {"uv": [7, 11, 8.5, 12.5], "texture": "#3"},
				"west": {"uv": [7, 11, 8.5, 12.5], "texture": "#3"},
				"up": {"uv": [7, 11, 8.5, 12.5], "texture": "#3"},
				"down": {"uv": [7, 11, 8.5, 12.5], "texture": "#3"}
			}
		},
		{
			"from": [5, 0, 12],
			"to": [6, 1, 13],
			"faces": {
				"north": {"uv": [8, 0, 9.5, 1.5], "texture": "#3"},
				"east": {"uv": [8, 0, 9.5, 1.5], "texture": "#3"},
				"south": {"uv": [8, 0, 9.5, 1.5], "texture": "#3"},
				"west": {"uv": [8, 0, 9.5, 1.5], "texture": "#3"},
				"up": {"uv": [8, 0, 9.5, 1.5], "texture": "#3"},
				"down": {"uv": [8, 0, 9.5, 1.5], "texture": "#3"}
			}
		},
		{
			"from": [9, 0, 11],
			"to": [10, 1, 12],
			"faces": {
				"north": {"uv": [14, 8, 15.5, 9.5], "texture": "#3"},
				"east": {"uv": [14, 8, 15.5, 9.5], "texture": "#3"},
				"south": {"uv": [14, 8, 15.5, 9.5], "texture": "#3"},
				"west": {"uv": [14, 8, 15.5, 9.5], "texture": "#3"},
				"up": {"uv": [14, 8, 15.5, 9.5], "texture": "#3"},
				"down": {"uv": [14, 8, 15.5, 9.5], "texture": "#3"}
			}
		},
		{
			"from": [11, 0, 5],
			"to": [12, 1, 6],
			"faces": {
				"north": {"uv": [10, 10, 10.5, 10.5], "texture": "#3"},
				"east": {"uv": [10, 10, 10.5, 10.5], "texture": "#3"},
				"south": {"uv": [10, 10, 10.5, 10.5], "texture": "#3"},
				"west": {"uv": [10, 10, 10.5, 10.5], "texture": "#3"},
				"up": {"uv": [10, 10, 10.5, 10.5], "texture": "#3"},
				"down": {"uv": [10, 10, 10.5, 10.5], "texture": "#3"}
			}
		},
		{
			"from": [13, 0, 7],
			"to": [14, 1, 8],
			"faces": {
				"north": {"uv": [8, 0, 9.5, 1.5], "texture": "#3"},
				"east": {"uv": [8, 0, 9.5, 1.5], "texture": "#3"},
				"south": {"uv": [8, 0, 9.5, 1.5], "texture": "#3"},
				"west": {"uv": [8, 0, 9.5, 1.5], "texture": "#3"},
				"up": {"uv": [8, 0, 9.5, 1.5], "texture": "#3"},
				"down": {"uv": [8, 0, 9.5, 1.5], "texture": "#3"}
			}
		},
		{
			"from": [11, 0, 3],
			"to": [12, 1, 4],
			"faces": {
				"north": {"uv": [5, 9, 5.5, 9.5], "texture": "#3"},
				"east": {"uv": [5, 9, 5.5, 9.5], "texture": "#3"},
				"south": {"uv": [5, 9, 5.5, 9.5], "texture": "#3"},
				"west": {"uv": [5, 9, 5.5, 9.5], "texture": "#3"},
				"up": {"uv": [5, 9, 5.5, 9.5], "texture": "#3"},
				"down": {"uv": [5, 9, 5.5, 9.5], "texture": "#3"}
			}
		},
		{
			"from": [10, 0, 2],
			"to": [11, 1, 3],
			"faces": {
				"north": {"uv": [8, 0, 9.5, 1.5], "texture": "#3"},
				"east": {"uv": [8, 0, 9.5, 1.5], "texture": "#3"},
				"south": {"uv": [8, 0, 9.5, 1.5], "texture": "#3"},
				"west": {"uv": [8, 0, 9.5, 1.5], "texture": "#3"},
				"up": {"uv": [8, 0, 9.5, 1.5], "texture": "#3"},
				"down": {"uv": [8, 0, 9.5, 1.5], "texture": "#3"}
			}
		},
		{
			"from": [8, 0, 7],
			"to": [9, 1, 8],
			"rotation": {"angle": 0, "axis": "y", "origin": [-2, 0, 5]},
			"faces": {
				"north": {"uv": [8, 0, 9.5, 1.5], "texture": "#3"},
				"east": {"uv": [8, 0, 9.5, 1.5], "texture": "#3"},
				"south": {"uv": [8, 0, 9.5, 1.5], "texture": "#3"},
				"west": {"uv": [8, 0, 9.5, 1.5], "texture": "#3"},
				"up": {"uv": [8, 0, 9.5, 1.5], "texture": "#3"},
				"down": {"uv": [8, 0, 9.5, 1.5], "texture": "#3"}
			}
		},
		{
			"from": [7, 0, 6],
			"to": [8, 1, 7],
			"rotation": {"angle": 0, "axis": "y", "origin": [-3, 0, 4]},
			"faces": {
				"north": {"uv": [8, 0, 9.5, 1.5], "texture": "#3"},
				"east": {"uv": [8, 0, 9.5, 1.5], "texture": "#3"},
				"south": {"uv": [8, 0, 9.5, 1.5], "texture": "#3"},
				"west": {"uv": [8, 0, 9.5, 1.5], "texture": "#3"},
				"up": {"uv": [8, 0, 9.5, 1.5], "texture": "#3"},
				"down": {"uv": [8, 0, 9.5, 1.5], "texture": "#3"}
			}
		},
		{
			"from": [9, 0, 8],
			"to": [10, 1, 9],
			"rotation": {"angle": 0, "axis": "y", "origin": [-1, 0, 6]},
			"faces": {
				"north": {"uv": [8, 0, 9.5, 1.5], "texture": "#3"},
				"east": {"uv": [8, 0, 9.5, 1.5], "texture": "#3"},
				"south": {"uv": [8, 0, 9.5, 1.5], "texture": "#3"},
				"west": {"uv": [8, 0, 9.5, 1.5], "texture": "#3"},
				"up": {"uv": [8, 0, 9.5, 1.5], "texture": "#3"},
				"down": {"uv": [8, 0, 9.5, 1.5], "texture": "#3"}
			}
		},
		{
			"from": [9, 0, 3],
			"to": [10, 1, 4],
			"faces": {
				"north": {"uv": [8, 0, 9.5, 1.5], "texture": "#3"},
				"east": {"uv": [8, 0, 9.5, 1.5], "texture": "#3"},
				"south": {"uv": [8, 0, 9.5, 1.5], "texture": "#3"},
				"west": {"uv": [8, 0, 9.5, 1.5], "texture": "#3"},
				"up": {"uv": [8, 0, 9.5, 1.5], "texture": "#3"},
				"down": {"uv": [8, 0, 9.5, 1.5], "texture": "#3"}
			}
		},
		{
			"from": [12, 1, 5],
			"to": [13, 2, 6],
			"faces": {
				"north": {"uv": [4, 9, 4.5, 9.5], "texture": "#3"},
				"east": {"uv": [4, 9, 4.5, 9.5], "texture": "#3"},
				"south": {"uv": [4, 9, 4.5, 9.5], "texture": "#3"},
				"west": {"uv": [4, 9, 4.5, 9.5], "texture": "#3"},
				"up": {"uv": [4, 9, 4.5, 9.5], "texture": "#3"},
				"down": {"uv": [4, 9, 4.5, 9.5], "texture": "#3"}
			}
		},
		{
			"from": [12, 0, 3],
			"to": [13, 1, 4],
			"faces": {
				"north": {"uv": [3, 9, 3.5, 9.5], "texture": "#3"},
				"east": {"uv": [3, 9, 3.5, 9.5], "texture": "#3"},
				"south": {"uv": [3, 9, 3.5, 9.5], "texture": "#3"},
				"west": {"uv": [3, 9, 3.5, 9.5], "texture": "#3"},
				"up": {"uv": [3, 9, 3.5, 9.5], "texture": "#3"},
				"down": {"uv": [3, 9, 3.5, 9.5], "texture": "#3"}
			}
		},
		{
			"from": [10, 1, 3],
			"to": [11, 2, 4],
			"faces": {
				"north": {"uv": [8, 0, 9.5, 1.5], "texture": "#3"},
				"east": {"uv": [8, 0, 9.5, 1.5], "texture": "#3"},
				"south": {"uv": [8, 0, 9.5, 1.5], "texture": "#3"},
				"west": {"uv": [8, 0, 9.5, 1.5], "texture": "#3"},
				"up": {"uv": [8, 0, 9.5, 1.5], "texture": "#3"},
				"down": {"uv": [8, 0, 9.5, 1.5], "texture": "#3"}
			}
		},
		{
			"from": [12, 1, 4],
			"to": [13, 2, 5],
			"faces": {
				"north": {"uv": [3, 4, 3.5, 3.5], "texture": "#3"},
				"east": {"uv": [3, 4, 3.5, 3.5], "texture": "#3"},
				"south": {"uv": [3, 4, 3.5, 3.5], "texture": "#3"},
				"west": {"uv": [3, 4, 3.5, 3.5], "texture": "#3"},
				"up": {"uv": [3, 4, 3.5, 3.5], "texture": "#3"},
				"down": {"uv": [3, 4, 3.5, 3.5], "texture": "#3"}
			}
		},
		{
			"from": [6, 0, 4],
			"to": [7, 1, 5],
			"faces": {
				"north": {"uv": [8, 0, 9.5, 1.5], "texture": "#3"},
				"east": {"uv": [8, 0, 9.5, 1.5], "texture": "#3"},
				"south": {"uv": [8, 0, 9.5, 1.5], "texture": "#3"},
				"west": {"uv": [8, 0, 9.5, 1.5], "texture": "#3"},
				"up": {"uv": [8, 0, 9.5, 1.5], "texture": "#3"},
				"down": {"uv": [8, 0, 9.5, 1.5], "texture": "#3"}
			}
		},
		{
			"from": [4, 0, 5],
			"to": [5, 1, 6],
			"faces": {
				"north": {"uv": [5, 7, 6.5, 8.5], "texture": "#3"},
				"east": {"uv": [5, 7, 6.5, 8.5], "texture": "#3"},
				"south": {"uv": [5, 7, 6.5, 8.5], "texture": "#3"},
				"west": {"uv": [5, 7, 6.5, 8.5], "texture": "#3"},
				"up": {"uv": [5, 7, 6.5, 8.5], "texture": "#3"},
				"down": {"uv": [5, 7, 6.5, 8.5], "texture": "#3"}
			}
		},
		{
			"from": [3, 1, 5],
			"to": [4, 2, 6],
			"faces": {
				"north": {"uv": [3, 8, 3.5, 8.5], "texture": "#3"},
				"east": {"uv": [3, 8, 3.5, 8.5], "texture": "#3"},
				"south": {"uv": [3, 8, 3.5, 8.5], "texture": "#3"},
				"west": {"uv": [3, 8, 3.5, 8.5], "texture": "#3"},
				"up": {"uv": [3, 8, 3.5, 8.5], "texture": "#3"},
				"down": {"uv": [3, 8, 3.5, 8.5], "texture": "#3"}
			}
		},
		{
			"from": [4, 0, 4],
			"to": [5, 1, 5],
			"faces": {
				"north": {"uv": [8, 0, 9.5, 1.5], "texture": "#3"},
				"east": {"uv": [8, 0, 9.5, 1.5], "texture": "#3"},
				"south": {"uv": [8, 0, 9.5, 1.5], "texture": "#3"},
				"west": {"uv": [8, 0, 9.5, 1.5], "texture": "#3"},
				"up": {"uv": [8, 0, 9.5, 1.5], "texture": "#3"},
				"down": {"uv": [8, 0, 9.5, 1.5], "texture": "#3"}
			}
		},
		{
			"from": [3, 0, 3],
			"to": [4, 1, 4],
			"faces": {
				"north": {"uv": [5, 7, 6.5, 8.5], "texture": "#3"},
				"east": {"uv": [5, 7, 6.5, 8.5], "texture": "#3"},
				"south": {"uv": [5, 7, 6.5, 8.5], "texture": "#3"},
				"west": {"uv": [5, 7, 6.5, 8.5], "texture": "#3"},
				"up": {"uv": [5, 7, 6.5, 8.5], "texture": "#3"},
				"down": {"uv": [5, 7, 6.5, 8.5], "texture": "#3"}
			}
		},
		{
			"from": [2, 0, 4],
			"to": [3, 1, 5],
			"faces": {
				"north": {"uv": [4, 10, 4.5, 10.5], "texture": "#3"},
				"east": {"uv": [4, 10, 4.5, 10.5], "texture": "#3"},
				"south": {"uv": [4, 10, 4.5, 10.5], "texture": "#3"},
				"west": {"uv": [4, 10, 4.5, 10.5], "texture": "#3"},
				"up": {"uv": [4, 10, 4.5, 10.5], "texture": "#3"},
				"down": {"uv": [4, 10, 4.5, 10.5], "texture": "#3"}
			}
		},
		{
			"from": [5, 0, 3],
			"to": [6, 1, 4],
			"faces": {
				"north": {"uv": [3, 15.5, 3.5, 16], "texture": "#3"},
				"east": {"uv": [3, 15.5, 3.5, 16], "texture": "#3"},
				"south": {"uv": [3, 15.5, 3.5, 16], "texture": "#3"},
				"west": {"uv": [3, 15.5, 3.5, 16], "texture": "#3"},
				"up": {"uv": [3, 15.5, 3.5, 16], "texture": "#3"},
				"down": {"uv": [3, 15.5, 3.5, 16], "texture": "#3"}
			}
		},
		{
			"from": [3, 0, 6],
			"to": [4, 1, 7],
			"faces": {
				"north": {"uv": [3, 9, 3.5, 9.5], "texture": "#3"},
				"east": {"uv": [3, 9, 3.5, 9.5], "texture": "#3"},
				"south": {"uv": [3, 9, 3.5, 9.5], "texture": "#3"},
				"west": {"uv": [3, 9, 3.5, 9.5], "texture": "#3"},
				"up": {"uv": [3, 9, 3.5, 9.5], "texture": "#3"},
				"down": {"uv": [3, 9, 3.5, 9.5], "texture": "#3"}
			}
		},
		{
			"from": [4, 0, 8],
			"to": [5, 1, 9],
			"faces": {
				"north": {"uv": [8, 0, 9.5, 1.5], "texture": "#3"},
				"east": {"uv": [8, 0, 9.5, 1.5], "texture": "#3"},
				"south": {"uv": [8, 0, 9.5, 1.5], "texture": "#3"},
				"west": {"uv": [8, 0, 9.5, 1.5], "texture": "#3"},
				"up": {"uv": [8, 0, 9.5, 1.5], "texture": "#3"},
				"down": {"uv": [8, 0, 9.5, 1.5], "texture": "#3"}
			}
		},
		{
			"from": [5, 0, 9],
			"to": [6, 1, 10],
			"faces": {
				"north": {"uv": [8, 0, 9.5, 1.5], "texture": "#3"},
				"east": {"uv": [8, 0, 9.5, 1.5], "texture": "#3"},
				"south": {"uv": [8, 0, 9.5, 1.5], "texture": "#3"},
				"west": {"uv": [8, 0, 9.5, 1.5], "texture": "#3"},
				"up": {"uv": [8, 0, 9.5, 1.5], "texture": "#3"},
				"down": {"uv": [8, 0, 9.5, 1.5], "texture": "#3"}
			}
		},
		{
			"from": [4, 0, 10],
			"to": [5, 1, 11],
			"faces": {
				"north": {"uv": [8, 0, 9.5, 1.5], "texture": "#3"},
				"east": {"uv": [8, 0, 9.5, 1.5], "texture": "#3"},
				"south": {"uv": [8, 0, 9.5, 1.5], "texture": "#3"},
				"west": {"uv": [8, 0, 9.5, 1.5], "texture": "#3"},
				"up": {"uv": [8, 0, 9.5, 1.5], "texture": "#3"},
				"down": {"uv": [8, 0, 9.5, 1.5], "texture": "#3"}
			}
		},
		{
			"from": [5, 0, 11],
			"to": [6, 1, 12],
			"faces": {
				"north": {"uv": [7, 11, 8.5, 12.5], "texture": "#3"},
				"east": {"uv": [7, 11, 8.5, 12.5], "texture": "#3"},
				"south": {"uv": [7, 11, 8.5, 12.5], "texture": "#3"},
				"west": {"uv": [7, 11, 8.5, 12.5], "texture": "#3"},
				"up": {"uv": [7, 11, 8.5, 12.5], "texture": "#3"},
				"down": {"uv": [7, 11, 8.5, 12.5], "texture": "#3"}
			}
		},
		{
			"from": [6, 0, 11],
			"to": [7, 1, 12],
			"faces": {
				"north": {"uv": [7, 11, 8.5, 12.5], "texture": "#3"},
				"east": {"uv": [7, 11, 8.5, 12.5], "texture": "#3"},
				"south": {"uv": [7, 11, 8.5, 12.5], "texture": "#3"},
				"west": {"uv": [7, 11, 8.5, 12.5], "texture": "#3"},
				"up": {"uv": [7, 11, 8.5, 12.5], "texture": "#3"},
				"down": {"uv": [7, 11, 8.5, 12.5], "texture": "#3"}
			}
		},
		{
			"from": [8, 0, 11],
			"to": [9, 1, 12],
			"faces": {
				"north": {"uv": [7, 11, 8.5, 12.5], "texture": "#3"},
				"east": {"uv": [7, 11, 8.5, 12.5], "texture": "#3"},
				"south": {"uv": [7, 11, 8.5, 12.5], "texture": "#3"},
				"west": {"uv": [7, 11, 8.5, 12.5], "texture": "#3"},
				"up": {"uv": [7, 11, 8.5, 12.5], "texture": "#3"},
				"down": {"uv": [7, 11, 8.5, 12.5], "texture": "#3"}
			}
		},
		{
			"from": [6, 1, 11],
			"to": [7, 2, 12],
			"faces": {
				"north": {"uv": [7, 11, 8.5, 12.5], "texture": "#3"},
				"east": {"uv": [7, 11, 8.5, 12.5], "texture": "#3"},
				"south": {"uv": [7, 11, 8.5, 12.5], "texture": "#3"},
				"west": {"uv": [7, 11, 8.5, 12.5], "texture": "#3"},
				"up": {"uv": [7, 11, 8.5, 12.5], "texture": "#3"},
				"down": {"uv": [7, 11, 8.5, 12.5], "texture": "#3"}
			}
		},
		{
			"from": [5, 1, 10],
			"to": [6, 2, 11],
			"faces": {
				"north": {"uv": [8, 0, 9.5, 1.5], "texture": "#3"},
				"east": {"uv": [8, 0, 9.5, 1.5], "texture": "#3"},
				"south": {"uv": [8, 0, 9.5, 1.5], "texture": "#3"},
				"west": {"uv": [8, 0, 9.5, 1.5], "texture": "#3"},
				"up": {"uv": [8, 0, 9.5, 1.5], "texture": "#3"},
				"down": {"uv": [8, 0, 9.5, 1.5], "texture": "#3"}
			}
		},
		{
			"from": [10, 0, 4],
			"to": [11, 1, 5],
			"faces": {
				"north": {"uv": [7, 11, 8.5, 12.5], "texture": "#3"},
				"east": {"uv": [7, 11, 8.5, 12.5], "texture": "#3"},
				"south": {"uv": [7, 11, 8.5, 12.5], "texture": "#3"},
				"west": {"uv": [7, 11, 8.5, 12.5], "texture": "#3"},
				"up": {"uv": [7, 11, 8.5, 12.5], "texture": "#3"},
				"down": {"uv": [7, 11, 8.5, 12.5], "texture": "#3"}
			}
		},
		{
			"from": [10, 0, 5],
			"to": [11, 1, 6],
			"faces": {
				"north": {"uv": [8, 0, 9.5, 1.5], "texture": "#3"},
				"east": {"uv": [8, 0, 9.5, 1.5], "texture": "#3"},
				"south": {"uv": [8, 0, 9.5, 1.5], "texture": "#3"},
				"west": {"uv": [8, 0, 9.5, 1.5], "texture": "#3"},
				"up": {"uv": [8, 0, 9.5, 1.5], "texture": "#3"},
				"down": {"uv": [8, 0, 9.5, 1.5], "texture": "#3"}
			}
		},
		{
			"from": [12, 0, 8],
			"to": [13, 1, 9],
			"faces": {
				"north": {"uv": [5, 5, 5.5, 5.5], "texture": "#3"},
				"east": {"uv": [5, 5, 5.5, 5.5], "texture": "#3"},
				"south": {"uv": [5, 5, 5.5, 5.5], "texture": "#3"},
				"west": {"uv": [5, 5, 5.5, 5.5], "texture": "#3"},
				"up": {"uv": [5, 5, 5.5, 5.5], "texture": "#3"},
				"down": {"uv": [5, 5, 5.5, 5.5], "texture": "#3"}
			}
		},
		{
			"from": [12, 0, 6],
			"to": [13, 1, 7],
			"faces": {
				"north": {"uv": [5, 4, 5.5, 4.5], "texture": "#3"},
				"east": {"uv": [5, 4, 5.5, 4.5], "texture": "#3"},
				"south": {"uv": [5, 4, 5.5, 4.5], "texture": "#3"},
				"west": {"uv": [5, 4, 5.5, 4.5], "texture": "#3"},
				"up": {"uv": [5, 4, 5.5, 4.5], "texture": "#3"},
				"down": {"uv": [5, 4, 5.5, 4.5], "texture": "#3"}
			}
		},
		{
			"from": [13, 0, 5],
			"to": [14, 1, 6],
			"faces": {
				"north": {"uv": [11, 4, 11.5, 4.5], "texture": "#3"},
				"east": {"uv": [11, 4, 11.5, 4.5], "texture": "#3"},
				"south": {"uv": [11, 4, 11.5, 4.5], "texture": "#3"},
				"west": {"uv": [11, 4, 11.5, 4.5], "texture": "#3"},
				"up": {"uv": [11, 4, 11.5, 4.5], "texture": "#3"},
				"down": {"uv": [11, 4, 11.5, 4.5], "texture": "#3"}
			}
		},
		{
			"from": [13, 0, 4],
			"to": [14, 1, 5],
			"faces": {
				"north": {"uv": [8, 0, 9.5, 1.5], "texture": "#3"},
				"east": {"uv": [8, 0, 9.5, 1.5], "texture": "#3"},
				"south": {"uv": [8, 0, 9.5, 1.5], "texture": "#3"},
				"west": {"uv": [8, 0, 9.5, 1.5], "texture": "#3"},
				"up": {"uv": [8, 0, 9.5, 1.5], "texture": "#3"},
				"down": {"uv": [8, 0, 9.5, 1.5], "texture": "#3"}
			}
		},
		{
			"from": [7, 0, 12],
			"to": [8, 1, 13],
			"faces": {
				"north": {"uv": [7, 11, 8.5, 12.5], "texture": "#3"},
				"east": {"uv": [7, 11, 8.5, 12.5], "texture": "#3"},
				"south": {"uv": [7, 11, 8.5, 12.5], "texture": "#3"},
				"west": {"uv": [7, 11, 8.5, 12.5], "texture": "#3"},
				"up": {"uv": [7, 11, 8.5, 12.5], "texture": "#3"},
				"down": {"uv": [7, 11, 8.5, 12.5], "texture": "#3"}
			}
		},
		{
			"from": [4.5, 0, 1],
			"to": [5, 7, 1.5],
			"faces": {
				"north": {"uv": [0, 0, 3.5, 16], "texture": "#0"},
				"east": {"uv": [0, 0, 3.5, 16], "texture": "#0"},
				"south": {"uv": [0, 0, 3.5, 16], "texture": "#0"},
				"west": {"uv": [0, 0, 3.5, 16], "texture": "#0"},
				"up": {"uv": [0, 0, 16, 16], "texture": "#1"},
				"down": {"uv": [0, 0, 16, 16], "texture": "#1"}
			}
		},
		{
			"from": [1.5, 3.75, 0.5],
			"to": [8, 6.75, 1],
			"rotation": {"angle": 0, "axis": "y", "origin": [4.75, 5.25, 0.75]},
			"faces": {
				"north": {"uv": [0, 0, 16, 16], "texture": "#5"},
				"east": {"uv": [0, 0, 2, 16], "texture": "#5"},
				"south": {"uv": [0, 0, 16, 16], "texture": "#5"},
				"west": {"uv": [0, 0, 2, 16], "texture": "#5"},
				"up": {"uv": [0, 14, 16, 16], "texture": "#5"},
				"down": {"uv": [0, 14, 16, 16], "texture": "#5"}
			}
		},
		{
			"from": [1.5, 3.75, 0.5],
			"to": [8, 6.75, 1],
			"rotation": {"angle": 0, "axis": "y", "origin": [4.75, 5.25, 0.75]},
			"faces": {
				"north": {"uv": [0, 0, 14.5, 6], "texture": "#6"}
			}
		},
		{
			"from": [7, 0, 11],
			"to": [8, 9, 12],
			"rotation": {"angle": 0, "axis": "y", "origin": [0, -7, 0]},
			"faces": {
				"north": {"uv": [0, 0, 3.5, 16], "texture": "#0"},
				"east": {"uv": [0, 0, 3.5, 16], "texture": "#0"},
				"south": {"uv": [0, 0, 3.5, 16], "texture": "#0"},
				"west": {"uv": [0, 0, 3.5, 16], "texture": "#0"},
				"up": {"uv": [0, 0, 16, 16], "texture": "#1"},
				"down": {"uv": [0, 0, 16, 16], "texture": "#1"}
			}
		},
		{
			"from": [7, 8, 11],
			"to": [8, 24, 12],
			"rotation": {"angle": 0, "axis": "y", "origin": [0, -7, 0]},
			"faces": {
				"north": {"uv": [0, 0, 3.5, 16], "texture": "#0"},
				"east": {"uv": [0, 0, 3.5, 16], "texture": "#0"},
				"south": {"uv": [0, 0, 3.5, 16], "texture": "#0"},
				"west": {"uv": [0, 0, 3.5, 16], "texture": "#0"},
				"up": {"uv": [0, 0, 16, 16], "texture": "#1"},
				"down": {"uv": [0, 0, 16, 16], "texture": "#1"}
			}
		},
		{
			"from": [6.675, 19.55, 10.7],
			"to": [8.3, 21, 12.25],
			"rotation": {"angle": 0, "axis": "y", "origin": [0, -7, 0]},
			"faces": {
				"north": {"uv": [0, 3.5, 12, 5.8875], "texture": "#8"},
				"east": {"uv": [0, 3.5, 12, 5.8875], "texture": "#8"},
				"south": {"uv": [0, 3.5, 12, 5.8875], "texture": "#8"},
				"west": {"uv": [0, 3.5, 12, 5.8875], "texture": "#8"},
				"up": {"uv": [3, 0, 6, 3], "texture": "#8"},
				"down": {"uv": [3, 0, 6, 3], "texture": "#1"}
			}
		},
		{
			"from": [10.675, 19.55, 3.725],
			"to": [12.3, 21, 5.275],
			"rotation": {"angle": 0, "axis": "y", "origin": [4, -7, -6.975]},
			"faces": {
				"north": {"uv": [0, 3.5, 12, 5.8875], "texture": "#8"},
				"east": {"uv": [0, 3.5, 12, 5.8875], "texture": "#8"},
				"south": {"uv": [0, 3.5, 12, 5.8875], "texture": "#8"},
				"west": {"uv": [0, 3.5, 12, 5.8875], "texture": "#8"},
				"up": {"uv": [3, 0, 6, 3], "texture": "#8"},
				"down": {"uv": [3, 0, 6, 3], "texture": "#1"}
			}
		},
		{
			"from": [2.7, 19.55, 3.725],
			"to": [4.325, 21, 5.275],
			"rotation": {"angle": 0, "axis": "y", "origin": [-3.975, -7, -6.975]},
			"faces": {
				"north": {"uv": [0, 3.5, 12, 5.8875], "texture": "#8"},
				"east": {"uv": [0, 3.5, 12, 5.8875], "texture": "#8"},
				"south": {"uv": [0, 3.5, 12, 5.8875], "texture": "#8"},
				"west": {"uv": [0, 3.5, 12, 5.8875], "texture": "#8"},
				"up": {"uv": [3, 0, 6, 3], "texture": "#8"},
				"down": {"uv": [3, 0, 6, 3], "texture": "#1"}
			}
		},
		{
			"from": [5.075, 20, 4.375],
			"to": [5.575, 20.5, 8.375],
			"rotation": {"angle": 22.5, "axis": "y", "origin": [5.325, 20, 9.6]},
			"faces": {
				"north": {"uv": [0, 3, 3.5, 7], "rotation": 270, "texture": "#8"},
				"east": {"uv": [0, 3, 3.5, 7], "rotation": 270, "texture": "#8"},
				"south": {"uv": [0, 3, 3.5, 7], "rotation": 270, "texture": "#8"},
				"west": {"uv": [0, 3, 3.5, 7], "rotation": 90, "texture": "#8"},
				"up": {"uv": [0, 3, 3.5, 7], "rotation": 180, "texture": "#8"},
				"down": {"uv": [0, 3, 3.5, 7], "texture": "#8"}
			}
		},
		{
			"from": [6.5, 20, 6.975],
			"to": [6.975, 20.5, 10.85],
			"rotation": {"angle": -45, "axis": "y", "origin": [6.75, 20, 11.85]},
			"faces": {
				"north": {"uv": [0, 3, 3.5, 7], "rotation": 270, "texture": "#8"},
				"east": {"uv": [0, 3, 3.5, 7], "rotation": 270, "texture": "#8"},
				"south": {"uv": [0, 3, 3.5, 7], "rotation": 270, "texture": "#8"},
				"west": {"uv": [0, 3, 3.5, 7], "rotation": 90, "texture": "#8"},
				"up": {"uv": [0, 3, 3.5, 7], "rotation": 180, "texture": "#8"},
				"down": {"uv": [0, 3, 3.5, 7], "texture": "#8"}
			}
		},
		{
			"from": [4.71974, 20, 8.62157],
			"to": [5.19474, 20.5, 12.49657],
			"rotation": {"angle": 45, "axis": "y", "origin": [4.57622, 20.25, 8.71726]},
			"faces": {
				"north": {"uv": [0, 3, 3.5, 7], "rotation": 270, "texture": "#8"},
				"east": {"uv": [0, 3, 3.5, 7], "rotation": 270, "texture": "#8"},
				"south": {"uv": [0, 3, 3.5, 7], "rotation": 270, "texture": "#8"},
				"west": {"uv": [0, 3, 3.5, 7], "rotation": 90, "texture": "#8"},
				"up": {"uv": [0, 3, 3.5, 7], "rotation": 180, "texture": "#8"},
				"down": {"uv": [0, 3, 3.5, 7], "texture": "#8"}
			}
		},
		{
			"from": [9.95404, 20, 4.34485],
			"to": [10.45404, 20.5, 8.34485],
			"rotation": {"angle": -22.5, "axis": "y", "origin": [9.85122, 20.25, 8.19226]},
			"faces": {
				"north": {"uv": [0, 3, 3.5, 7], "rotation": 270, "texture": "#8"},
				"east": {"uv": [0, 3, 3.5, 7], "rotation": 270, "texture": "#8"},
				"south": {"uv": [0, 3, 3.5, 7], "rotation": 270, "texture": "#8"},
				"west": {"uv": [0, 3, 3.5, 7], "rotation": 90, "texture": "#8"},
				"up": {"uv": [0, 3, 3.5, 7], "rotation": 180, "texture": "#8"},
				"down": {"uv": [0, 3, 3.5, 7], "texture": "#8"}
			}
		},
		{
			"from": [7.69864, 20, 4.29508],
			"to": [11.69864, 20.5, 4.79508],
			"rotation": {"angle": 0, "axis": "y", "origin": [7.85122, 20.25, 4.19226]},
			"faces": {
				"north": {"uv": [0, 3, 3.5, 7], "rotation": 90, "texture": "#8"},
				"east": {"uv": [0, 3, 3.5, 7], "rotation": 270, "texture": "#8"},
				"south": {"uv": [0, 3, 3.5, 7], "rotation": 270, "texture": "#8"},
				"west": {"uv": [0, 3, 3.5, 7], "rotation": 270, "texture": "#8"},
				"up": {"uv": [0, 3, 3.5, 7], "rotation": 270, "texture": "#8"},
				"down": {"uv": [0, 3, 3.5, 7], "rotation": 270, "texture": "#8"}
			}
		},
		{
			"from": [3.69864, 20, 4.29508],
			"to": [7.69864, 20.5, 4.79508],
			"rotation": {"angle": 0, "axis": "y", "origin": [3.85122, 20.25, 4.19226]},
			"faces": {
				"north": {"uv": [0, 3, 3.5, 7], "rotation": 90, "texture": "#8"},
				"east": {"uv": [0, 3, 3.5, 7], "rotation": 270, "texture": "#8"},
				"south": {"uv": [0, 3, 3.5, 7], "rotation": 270, "texture": "#8"},
				"west": {"uv": [0, 3, 3.5, 7], "rotation": 270, "texture": "#8"},
				"up": {"uv": [0, 3, 3.5, 7], "rotation": 270, "texture": "#8"},
				"down": {"uv": [0, 3, 3.5, 7], "rotation": 270, "texture": "#8"}
			}
		},
		{
			"from": [3, 8, 4],
			"to": [4, 23, 5],
			"rotation": {"angle": 0, "axis": "y", "origin": [0, -7, 0]},
			"faces": {
				"north": {"uv": [0, 0, 3.5, 16], "texture": "#0"},
				"east": {"uv": [0, 0, 3.5, 16], "texture": "#0"},
				"south": {"uv": [0, 0, 3.5, 16], "texture": "#0"},
				"west": {"uv": [0, 0, 3.5, 16], "texture": "#0"},
				"up": {"uv": [0, 0, 16, 16], "texture": "#1"},
				"down": {"uv": [0, 0, 16, 16], "texture": "#1"}
			}
		},
		{
			"from": [3, 0, 4],
			"to": [4, 9, 5],
			"rotation": {"angle": 0, "axis": "y", "origin": [0, -7, 0]},
			"faces": {
				"north": {"uv": [0, 0, 3.5, 16], "texture": "#0"},
				"east": {"uv": [0, 0, 3.5, 16], "texture": "#0"},
				"south": {"uv": [0, 0, 3.5, 16], "texture": "#0"},
				"west": {"uv": [0, 0, 3.5, 16], "texture": "#0"},
				"up": {"uv": [0, 0, 16, 16], "texture": "#1"},
				"down": {"uv": [0, 0, 16, 16], "texture": "#1"}
			}
		},
		{
			"from": [11, 8, 4],
			"to": [12, 22, 5],
			"rotation": {"angle": 0, "axis": "y", "origin": [0, -7, 0]},
			"faces": {
				"north": {"uv": [0, 0, 3.5, 16], "texture": "#0"},
				"east": {"uv": [0, 0, 3.5, 16], "texture": "#0"},
				"south": {"uv": [0, 0, 3.5, 16], "texture": "#0"},
				"west": {"uv": [0, 0, 3.5, 16], "texture": "#0"},
				"up": {"uv": [0, 0, 16, 16], "texture": "#1"},
				"down": {"uv": [0, 0, 16, 16], "texture": "#1"}
			}
		},
		{
			"from": [11, 0, 4],
			"to": [12, 9, 5],
			"rotation": {"angle": 0, "axis": "y", "origin": [0, -7, 0]},
			"faces": {
				"north": {"uv": [0, 0, 3.5, 16], "texture": "#0"},
				"east": {"uv": [0, 0, 3.5, 16], "texture": "#0"},
				"south": {"uv": [0, 0, 3.5, 16], "texture": "#0"},
				"west": {"uv": [0, 0, 3.5, 16], "texture": "#0"},
				"up": {"uv": [0, 0, 16, 16], "texture": "#1"},
				"down": {"uv": [0, 0, 16, 16], "texture": "#1"}
			}
		},
		{
			"from": [7.25, 2.75, 6.5],
			"to": [11, 3.75, 11.5],
			"rotation": {"angle": 22.5, "axis": "x", "origin": [6.2625, 3.75, 9]},
			"faces": {
				"up": {"uv": [9.25, 0, 16, 7.5], "texture": "#7"}
			}
		},
		{
			"from": [2.6125, 4.75, 4.6375],
			"to": [9.6125, 5.75, 10.3875],
			"rotation": {"angle": 22.5, "axis": "y", "origin": [9.6125, 5.75, 7.65]},
			"faces": {
				"up": {"uv": [9.25, 0, 16, 7.5], "rotation": 90, "texture": "#7"}
			}
		},
		{
			"from": [9.3625, 4.25, 6.1625],
			"to": [14.3625, 5.25, 9.9125],
			"rotation": {"angle": 45, "axis": "x", "origin": [8.3625, 5.25, 7.9]},
			"faces": {
				"up": {"uv": [9.25, 0, 16, 7.5], "rotation": 270, "texture": "#7"}
			}
		},
		{
			"from": [8.25, 6.22773, 7.30917],
			"to": [12.3, 7.22773, 12.20917],
			"rotation": {"angle": 22.5, "axis": "x", "origin": [10.275, 6.88624, 7.52873]},
			"faces": {
				"up": {"uv": [3.5, 10, 8.25, 16], "texture": "#7"}
			}
		},
		{
			"from": [10.05544, 7.72773, 4.75373],
			"to": [14.95544, 8.72773, 8.80373],
			"rotation": {"angle": -22.5, "axis": "z", "origin": [10.275, 8.38624, 6.77873]},
			"faces": {
				"up": {"uv": [8.25, 10, 3.5, 16], "rotation": 270, "texture": "#7"}
			}
		},
		{
			"from": [8.5, 6.5, 7.5],
			"to": [13.25, 7.5, 12.5],
			"rotation": {"angle": -45, "axis": "z", "origin": [7.5125, 7.5, 10]},
			"faces": {
				"up": {"uv": [8.25, 7.75, 16, 15.75], "texture": "#7"}
			}
		},
		{
			"from": [4.675, 11.325, 1.725],
			"to": [11.675, 12.325, 8.475],
			"rotation": {"angle": -45, "axis": "x", "origin": [8.625, 9.25, 11]},
			"faces": {
				"up": {"uv": [16, 7.75, 8.25, 15.75], "rotation": 90, "texture": "#7"}
			}
		},
		{
			"from": [4.675, 3.325, 4.225],
			"to": [11.675, 4.325, 10.975],
			"rotation": {"angle": 22.5, "axis": "z", "origin": [8.625, 1.25, 13.5]},
			"faces": {
				"up": {"uv": [16, 7.75, 8.25, 15.75], "rotation": 90, "texture": "#7"}
			}
		},
		{
			"from": [6.5625, 7.95, 3.2875],
			"to": [10.0625, 8.95, 10.0375],
			"rotation": {"angle": 22.5, "axis": "z", "origin": [6.5625, 8.95, 3.3]},
			"faces": {
				"up": {"uv": [8.25, 7.75, 16, 11.75], "rotation": 90, "texture": "#7"}
			}
		},
		{
			"from": [3.0625, 7.95, 3.2875],
			"to": [6.5625, 8.95, 10.0375],
			"rotation": {"angle": 45, "axis": "z", "origin": [6.5625, 8.95, 3.3]},
			"faces": {
				"up": {"uv": [8.25, 11.75, 16, 15.75], "rotation": 90, "texture": "#7"}
			}
		},
		{
			"name": "cube inverted",
			"from": [9.6125, 5.75, 10.3875],
			"to": [2.6125, 4.75, 4.6375],
			"rotation": {"angle": 22.5, "axis": "y", "origin": [9.6125, 5.75, 7.65]},
			"faces": {
				"down": {"uv": [9.25, 7.5, 16, 0], "rotation": 90, "texture": "#7"}
			}
		},
		{
			"name": "cube inverted",
			"from": [12.3, 7.22773, 12.20917],
			"to": [8.25, 6.22773, 7.30917],
			"rotation": {"angle": 22.5, "axis": "x", "origin": [10.275, 6.88624, 7.52873]},
			"faces": {
				"down": {"uv": [8.25, 10, 3.5, 16], "texture": "#7"}
			}
		},
		{
			"name": "cube inverted",
			"from": [14.95544, 8.72773, 8.80373],
			"to": [10.05544, 7.72773, 4.75373],
			"rotation": {"angle": -22.5, "axis": "z", "origin": [10.275, 8.38624, 6.77873]},
			"faces": {
				"down": {"uv": [8.25, 16, 3.5, 10], "rotation": 270, "texture": "#7"}
			}
		},
		{
			"name": "cube inverted",
			"from": [6.5625, 8.95, 10.0375],
			"to": [3.0625, 7.95, 3.2875],
			"rotation": {"angle": 45, "axis": "z", "origin": [6.5625, 8.95, 3.3]},
			"faces": {
				"down": {"uv": [8.25, 15.75, 16, 11.75], "rotation": 90, "texture": "#7"}
			}
		},
		{
			"name": "cube inverted",
			"from": [10.0625, 8.95, 10.0375],
			"to": [6.5625, 7.95, 3.2875],
			"rotation": {"angle": 22.5, "axis": "z", "origin": [6.5625, 8.95, 3.3]},
			"faces": {
				"down": {"uv": [8.25, 11.75, 16, 7.75], "rotation": 90, "texture": "#7"}
			}
		},
		{
			"name": "cube inverted",
			"from": [11.675, 12.325, 8.475],
			"to": [4.675, 11.325, 1.725],
			"rotation": {"angle": -45, "axis": "x", "origin": [8.625, 9.25, 11]},
			"faces": {
				"down": {"uv": [16, 15.75, 8.25, 7.75], "rotation": 90, "texture": "#7"}
			}
		},
		{
			"name": "cube inverted",
			"from": [11.675, 4.325, 10.975],
			"to": [4.675, 3.325, 4.225],
			"rotation": {"angle": 22.5, "axis": "z", "origin": [8.625, 1.25, 13.5]},
			"faces": {
				"down": {"uv": [16, 15.75, 8.25, 7.75], "rotation": 90, "texture": "#7"}
			}
		},
		{
			"name": "cube inverted",
			"from": [11, 3.75, 11.5],
			"to": [7.25, 2.75, 6.5],
			"rotation": {"angle": 22.5, "axis": "x", "origin": [6.2625, 3.75, 9]},
			"faces": {
				"down": {"uv": [16, 0, 9.25, 7.5], "texture": "#7"}
			}
		},
		{
			"name": "cube inverted",
			"from": [14.3625, 5.25, 9.9125],
			"to": [9.3625, 4.25, 6.1625],
			"rotation": {"angle": 45, "axis": "x", "origin": [8.3625, 5.25, 7.9]},
			"faces": {
				"down": {"uv": [9.25, 7.5, 16, 0], "rotation": 270, "texture": "#7"}
			}
		},
		{
			"name": "cube inverted",
			"from": [13.25, 7.5, 12.5],
			"to": [8.5, 6.5, 7.5],
			"rotation": {"angle": -45, "axis": "z", "origin": [7.5125, 7.5, 10]},
			"faces": {
				"down": {"uv": [16, 7.75, 8.25, 15.75], "texture": "#7"}
			}
		},
		{
			"from": [8.8125, 2.75, 7.6625],
			"to": [13.8125, 3.75, 9.4125],
			"rotation": {"angle": 22.5, "axis": "x", "origin": [11.3125, 3.75, 6.675]},
			"faces": {
				"up": {"uv": [16, 0, 12.5, 7.5], "rotation": 270, "texture": "#7"}
			}
		},
		{
			"from": [8.8125, 2.75, 5.7625],
			"to": [13.8125, 3.75, 7.5125],
			"rotation": {"angle": -22.5, "axis": "x", "origin": [11.3125, 3.75, 8.5]},
			"faces": {
				"up": {"uv": [12.5, 0, 9, 7.5], "rotation": 270, "texture": "#7"}
			}
		},
		{
			"name": "cube inverted",
			"from": [13.8125, 3.75, 9.4125],
			"to": [8.8125, 2.75, 7.6625],
			"rotation": {"angle": 22.5, "axis": "x", "origin": [11.3125, 3.75, 6.675]},
			"faces": {
				"down": {"uv": [16, 7.5, 12.5, 0], "rotation": 270, "texture": "#7"}
			}
		},
		{
			"name": "cube inverted",
			"from": [13.8125, 3.75, 7.5125],
			"to": [8.8125, 2.75, 5.7625],
			"rotation": {"angle": -22.5, "axis": "x", "origin": [11.3125, 3.75, 8.5]},
			"faces": {
				"down": {"uv": [12.5, 7.5, 9, 0], "rotation": 270, "texture": "#7"}
			}
		},
		{
			"from": [6.425, 6.85, 7.5],
			"to": [10.175, 7.85, 14.5],
			"rotation": {"angle": 22.5, "axis": "z", "origin": [10.1625, 7.85, 11]},
			"faces": {
				"up": {"uv": [15.75, 7.75, 12, 15.75], "texture": "#7"}
			}
		},
		{
			"from": [10.15, 6.85, 7.5],
			"to": [13.9, 7.85, 14.5],
			"rotation": {"angle": -22.5, "axis": "z", "origin": [10.1625, 7.85, 11]},
			"faces": {
				"up": {"uv": [12, 7.75, 8.25, 15.75], "texture": "#7"}
			}
		},
		{
			"name": "cube inverted",
			"from": [13.9, 7.85, 14.5],
			"to": [10.15, 6.85, 7.5],
			"rotation": {"angle": -22.5, "axis": "z", "origin": [10.1625, 7.85, 11]},
			"faces": {
				"down": {"uv": [8.25, 7.75, 12, 15.75], "texture": "#7"}
			}
		},
		{
			"name": "cube inverted",
			"from": [10.175, 7.85, 14.5],
			"to": [6.425, 6.85, 7.5],
			"rotation": {"angle": 22.5, "axis": "z", "origin": [10.1625, 7.85, 11]},
			"faces": {
				"down": {"uv": [12, 7.75, 15.75, 15.75], "texture": "#7"}
			}
		},
		{
			"from": [5.575, 4.75, 0.5],
			"to": [9.325, 5.75, 7.5],
			"rotation": {"angle": 22.5, "axis": "z", "origin": [9.3125, 5.75, 4]},
			"faces": {
				"up": {"uv": [9, 7.5, 12.5, 0], "texture": "#7"}
			}
		},
		{
			"from": [9.3, 4.75, 0.5],
			"to": [13.05, 5.75, 7.5],
			"rotation": {"angle": -22.5, "axis": "z", "origin": [9.3125, 5.75, 4]},
			"faces": {
				"up": {"uv": [12.5, 7.5, 16, 0], "texture": "#7"}
			}
		},
		{
			"name": "cube inverted",
			"from": [9.325, 5.75, 7.5],
			"to": [5.575, 4.75, 0.5],
			"rotation": {"angle": 22.5, "axis": "z", "origin": [9.3125, 5.75, 4]},
			"faces": {
				"down": {"uv": [12.5, 7.5, 9, 0], "texture": "#7"}
			}
		},
		{
			"name": "cube inverted",
			"from": [13.05, 5.75, 7.5],
			"to": [9.3, 4.75, 0.5],
			"rotation": {"angle": -22.5, "axis": "z", "origin": [9.3125, 5.75, 4]},
			"faces": {
				"down": {"uv": [16, 7.5, 12.5, 0], "texture": "#7"}
			}
		}
	],
	"groups": [
		{
			"name": "plant stalk",
			"origin": [0, 0, 0],
			"color": 0,
			"nbt": "{}",
			"armAnimationEnabled": false,
			"children": [0, 1]
		},
		{
			"name": "dirt",
			"origin": [0, 0, 0],
			"color": 0,
			"nbt": "{}",
			"armAnimationEnabled": false,
			"children": [2, 3, 4, 5, 6, 7, 8, 9, 10, 11, 12, 13, 14, 15, 16, 17, 18, 19, 20, 21, 22, 23, 24, 25, 26, 27, 28, 29, 30, 31, 32, 33, 34, 35, 36, 37, 38, 39, 40, 41, 42, 43, 44, 45]
		},
		{
			"name": "sign",
			"origin": [4.75, 5.25, 0.75],
			"color": 0,
			"nbt": "{}",
			"armAnimationEnabled": false,
			"children": [46, 47, 48]
		},
		{
			"name": "sticks",
			"origin": [0, 0, 0],
			"color": 0,
			"nbt": "{}",
			"armAnimationEnabled": false,
			"children": [49, 50, 51, 52, 53, 54, 55, 56, 57, 58, 59, 60, 61, 62, 63]
		},
		{
			"name": "flat leaf",
			"origin": [11.0625, 19.75, 20],
			"color": 0,
			"nbt": "{}",
			"armAnimationEnabled": false,
			"children": [64, 65, 66, 67, 68, 69, 70, 71, 72, 73, 74, 75, 76, 77, 78, 79, 80, 81, 82, 83]
		},
		{
			"name": "leaf 1",
			"origin": [0, -0.25, 0],
			"color": 0,
			"nbt": "{}",
			"armAnimationEnabled": false,
			"children": [84, 85, 86, 87]
		},
		{
			"name": "leaf 1",
			"origin": [0, -0.25, 0],
			"color": 0,
			"nbt": "{}",
			"armAnimationEnabled": false,
			"children": [88, 89, 90, 91]
		},
		{
			"name": "leaf 1",
			"origin": [0, -0.25, 0],
			"color": 0,
			"nbt": "{}",
			"armAnimationEnabled": false,
			"children": [92, 93, 94, 95]
		}
	]
}