{
    "variants": {
        "": [
        	{ "model": "block/tnt/0", "y": 90 },
        	{ "model": "block/tnt/0", "y": 180 },
        	{ "model": "block/tnt/0", "y": 270 },
        	{ "model": "block/tnt/1", "y": 90 },
        	{ "model": "block/tnt/1", "y": 180 },
        	{ "model": "block/tnt/1", "y": 270 },
        	{ "model": "block/tnt/2", "y": 90 },
        	{ "model": "block/tnt/2", "y": 180 },
        	{ "model": "block/tnt/2", "y": 270 },
        	{ "model": "block/tnt/3", "y": 90 },
        	{ "model": "block/tnt/3", "y": 180 },
        	{ "model": "block/tnt/3", "y": 270 }
    	]
    }
}
