{
	"credit": "Made By WantedRobot",
	"parent": "block/block",
	"textures": {
		"0": "block/barrel_bottom",
		"1": "block/barrel_side",
		"2": "block/barrel_top_open",
		"3": "block/barrel_top",
		"particle": "block/barrel_side"
	},
	"elements": [
		{
			"from": [14.5, 0, 0],
			"to": [16, 16, 16],
			"faces": {
				"north": {"uv": [0, 0, 1.5, 16], "texture": "#1", "cullface": "north"},
				"east": {"uv": [0, 0, 16, 16], "texture": "#1", "cullface": "east"},
				"south": {"uv": [14.5, 0, 16, 16], "texture": "#1", "cullface": "south"},
				"west": {"uv": [0, 1.5, 16, 16], "texture": "#2"},
				"up": {"uv": [14.5, 0, 16, 16], "texture": "#3", "cullface": "up"},
				"down": {"uv": [14.5, 0, 16, 16], "texture": "#0", "cullface": "down"}
			}
		},
		{
			"from": [0, 0, 0],
			"to": [1.5, 16, 16],
			"faces": {
				"north": {"uv": [14.5, 0, 16, 16], "texture": "#1", "cullface": "north"},
				"east": {"uv": [0, 1.5, 16, 16], "texture": "#2"},
				"south": {"uv": [0, 0, 1.5, 16], "texture": "#1", "cullface": "south"},
				"west": {"uv": [0, 0, 16, 16], "texture": "#1", "cullface": "west"},
				"up": {"uv": [0, 0, 1.5, 16], "texture": "#3", "cullface": "up"},
				"down": {"uv": [0, 0, 1.5, 16], "texture": "#0", "cullface": "down"}
			}
		},
		{
			"from": [1.5, 0, 14.5],
			"to": [14.5, 16, 16],
			"faces": {
				"north": {"uv": [1.5, 1.5, 14.5, 16], "texture": "#2"},
				"south": {"uv": [1.5, 0, 14.5, 16], "texture": "#1", "cullface": "south"},
				"up": {"uv": [1.5, 14.5, 14.5, 16], "texture": "#3", "cullface": "up"},
				"down": {"uv": [1.5, 0, 14.5, 1.5], "texture": "#0", "cullface": "down"}
			}
		},
		{
			"from": [1.5, 0, 0],
			"to": [14.5, 16, 1.5],
			"faces": {
				"north": {"uv": [1.5, 0, 14.5, 16], "texture": "#1", "cullface": "north"},
				"south": {"uv": [1.5, 1.5, 14.5, 16], "texture": "#2"},
				"up": {"uv": [1.5, 0, 14.5, 1.5], "texture": "#3", "cullface": "up"},
				"down": {"uv": [1.5, 0, 14.5, 1.5], "texture": "#0", "cullface": "down"}
			}
		},
		{
			"from": [0.015, 12.5, -0.495],
			"to": [15.985, 14.5, 16.505],
			"faces": {
				"north": {"uv": [0, 1.5, 16, 3.5], "texture": "#1", "cullface": "north"},
				"east": {"uv": [0, 12.5, 0.25, 14.5], "texture": "#1"},
				"south": {"uv": [0, 12.5, 16, 14.5], "texture": "#1", "cullface": "south"},
				"west": {"uv": [15.5, 12.5, 15.75, 14.5], "texture": "#1"},
				"up": {"uv": [0, 12.5, 16, 13], "texture": "#1"},
				"down": {"uv": [0, 14, 16, 14.5], "texture": "#1"}
			}
		},
		{
			"from": [0.015, 1.5, -0.495],
			"to": [15.985, 3.5, 16.505],
			"faces": {
				"north": {"uv": [0, 12.5, 16, 14.5], "texture": "#1", "cullface": "north"},
				"east": {"uv": [0, 12.5, 0.25, 14.5], "texture": "#1"},
				"south": {"uv": [0, 12.5, 16, 14.5], "texture": "#1", "cullface": "south"},
				"west": {"uv": [15.5, 12.5, 15.75, 14.5], "texture": "#1"},
				"up": {"uv": [0, 12.5, 16, 13], "texture": "#1"},
				"down": {"uv": [0, 14, 16, 14.5], "texture": "#1"}
			}
		},
		{
			"from": [0.015, 7, -0.495],
			"to": [15.985, 9, 16.505],
			"faces": {
				"north": {"uv": [0, 12.5, 16, 14.5], "texture": "#1", "cullface": "north"},
				"east": {"uv": [0, 12.5, 0.25, 14.5], "texture": "#1"},
				"south": {"uv": [0, 12.5, 16, 14.5], "texture": "#1", "cullface": "south"},
				"west": {"uv": [15.5, 12.5, 15.75, 14.5], "texture": "#1"},
				"up": {"uv": [0, 12.5, 16, 13], "texture": "#1"},
				"down": {"uv": [0, 14, 16, 14.5], "texture": "#1"}
			}
		},
		{
			"from": [-0.5, 12.5, 0.02],
			"to": [16.5, 14.5, 15.99],
			"faces": {
				"north": {"uv": [15.5, 12.5, 16, 14.5], "texture": "#1"},
				"east": {"uv": [0, 1.5, 16, 3.5], "texture": "#1", "cullface": "east"},
				"south": {"uv": [15.5, 12.5, 16, 14.5], "texture": "#1"},
				"west": {"uv": [0, 1.5, 16, 3.5], "texture": "#1", "cullface": "west"},
				"up": {"uv": [0, 12.5, 16, 13], "rotation": 90, "texture": "#1"},
				"down": {"uv": [0, 14, 16, 14.5], "rotation": 90, "texture": "#1"}
			}
		},
		{
			"from": [-0.5, 1.5, 0.02],
			"to": [16.5, 3.5, 15.99],
			"faces": {
				"north": {"uv": [15.5, 12.5, 16, 14.5], "texture": "#1"},
				"east": {"uv": [0, 12.5, 16, 14.5], "texture": "#1", "cullface": "east"},
				"south": {"uv": [15.5, 12.5, 16, 14.5], "texture": "#1"},
				"west": {"uv": [0, 12.5, 16, 14.5], "texture": "#1", "cullface": "west"},
				"up": {"uv": [0, 12.5, 16, 13], "rotation": 90, "texture": "#1"},
				"down": {"uv": [0, 14, 16, 14.5], "rotation": 90, "texture": "#1"}
			}
		},
		{
			"from": [-0.5, 7, 0.02],
			"to": [16.5, 9, 15.99],
			"faces": {
				"north": {"uv": [15.5, 12.5, 16, 14.5], "texture": "#1"},
				"east": {"uv": [0, 12.5, 16, 14.5], "texture": "#1", "cullface": "east"},
				"south": {"uv": [15.5, 12.5, 16, 14.5], "texture": "#1"},
				"west": {"uv": [0, 12.5, 16, 14.5], "texture": "#1", "cullface": "west"},
				"up": {"uv": [0, 12.5, 16, 13], "rotation": 90, "texture": "#1"},
				"down": {"uv": [0, 14, 16, 14.5], "rotation": 90, "texture": "#1"}
			}
		},
		{
			"name": "door",
			"from": [1.5, 1, 1.5],
			"to": [14.5, 16.5, 14.5],
			"faces": {
				"north": {"uv": [1.5, 1.5, 14.5, 2.5], "rotation": 180, "texture": "#3", "cullface": "up"},
				"east": {"uv": [13.5, 1.5, 14.5, 14.5], "rotation": 90, "texture": "#3", "cullface": "up"},
				"south": {"uv": [1.5, 13.5, 14.5, 14.5], "texture": "#3", "cullface": "up"},
				"west": {"uv": [1.5, 1.5, 2.5, 14.5], "rotation": 270, "texture": "#3", "cullface": "up"},
				"up": {"uv": [1.5, 1.5, 14.5, 14.5], "texture": "#3", "cullface": "up"},
				"down": {"uv": [1.5, 1.5, 14.5, 14.5], "texture": "#0"}
			}
		},
		{
			"from": [7.5, 16.5, 3],
			"to": [8.5, 17, 4],
			"faces": {
				"north": {"uv": [7.5, 3, 8.5, 3.5], "rotation": 180, "texture": "#3", "cullface": "up"},
				"east": {"uv": [8, 3, 8.5, 4], "rotation": 90, "texture": "#3", "cullface": "up"},
				"south": {"uv": [7.5, 3.5, 8.5, 4], "texture": "#3", "cullface": "up"},
				"west": {"uv": [7.5, 3, 8, 4], "rotation": 270, "texture": "#3", "cullface": "up"},
				"up": {"uv": [7.5, 3, 8.5, 4], "texture": "#3", "cullface": "up"}
			}
		}
	]
}