{
	"credit": "Made By WantedRobot",
	"parent": "block/cube_all",
	"textures": {
		"1": "block/bookshelf",
		"2": "block/bookshelf_top",
		"3": "block/bookshelf_bottom",
		"particle": "block/bookshelf",
		"all": "block/bookshelf_1"
	},
	"elements": [
		{
			"name": "base",
			"from": [0, 0, 0],
			"to": [16, 16, 16],
			"faces": {
				"north": {"uv": [0, 0, 16, 16], "texture": "#all", "cullface": "north"},
				"east": {"uv": [0, 0, 16, 16], "texture": "#all", "cullface": "east"},
				"south": {"uv": [0, 0, 16, 16], "texture": "#all", "cullface": "south"},
				"west": {"uv": [0, 0, 16, 16], "texture": "#all", "cullface": "west"},
				"up": {"uv": [0, 0, 16, 16], "texture": "#2", "cullface": "up"},
				"down": {"uv": [0, 0, 16, 16], "texture": "#3", "cullface": "down"}
			}
		},
		{
			"name": "side_ctm1",
			"from": [-0.002, 0, -0.002],
			"to": [7.998, 16, 7.998],
			"rotation": {"angle": 0, "axis": "y", "origin": [8, 4, 8]},
			"faces": {
				"north": {"uv": [8, 0, 16, 16], "texture": "#1", "cullface": "west"},
				"west": {"uv": [0, 0, 8, 16], "texture": "#1", "cullface": "north"}
			}
		},
		{
			"name": "side_ctm2",
			"from": [-0.002, 0, 8.002],
			"to": [7.998, 16, 16.002],
			"rotation": {"angle": 0, "axis": "y", "origin": [8, 4, 8]},
			"faces": {
				"south": {"uv": [0, 0, 8, 16], "texture": "#1", "cullface": "west"},
				"west": {"uv": [8, 0, 16, 16], "texture": "#1", "cullface": "south"}
			}
		},
		{
			"name": "side_ctm3",
			"from": [8.002, 0, 8.002],
			"to": [16.002, 16, 16.002],
			"rotation": {"angle": 0, "axis": "y", "origin": [8, 4, 8]},
			"faces": {
				"east": {"uv": [0, 0, 8, 16], "texture": "#1", "cullface": "south"},
				"south": {"uv": [8, 0, 16, 16], "texture": "#1", "cullface": "east"}
			}
		},
		{
			"name": "side_ctm4",
			"from": [8.002, 0, -0.002],
			"to": [16.002, 16, 7.998],
			"rotation": {"angle": 0, "axis": "y", "origin": [8, 4, 8]},
			"faces": {
				"north": {"uv": [0, 0, 8, 16], "texture": "#1", "cullface": "east"},
				"east": {"uv": [8, 0, 16, 16], "texture": "#1", "cullface": "north"}
			}
		}
	],
	"display": {
		"thirdperson_righthand": {
			"rotation": [75, 45, 0],
			"translation": [0, 2.5, 0],
			"scale": [0.375, 0.375, 0.375]
		},
		"thirdperson_lefthand": {
			"rotation": [75, 45, 0],
			"translation": [0, 2.5, 0],
			"scale": [0.375, 0.375, 0.375]
		},
		"firstperson_righthand": {
			"rotation": [0, 45, 0],
			"scale": [0.4, 0.4, 0.4]
		},
		"firstperson_lefthand": {
			"rotation": [0, 225, 0],
			"scale": [0.4, 0.4, 0.4]
		},
		"ground": {
			"translation": [0, 3, 0],
			"scale": [0.25, 0.25, 0.25]
		},
		"gui": {
			"rotation": [30, 225, 0],
			"scale": [0.625, 0.625, 0.625]
		},
		"head": {
			"rotation": [0, 180, 0],
			"translation": [0, 13, 7]
		},
		"fixed": {
			"scale": [0.5, 0.5, 0.5]
		}
	}
}