{
	"credit": "Vanilla Additions Resource Pack by JustTimm - https://twitter.com/JT_Additions",
	"ambientocclusion": false,
	"gui_light": "front",
	"textures": {
		"particle": "#texture",
	},
	"elements": [
		{
			"from": [1, 0, 8],
			"to": [2, 3, 9],
			"rotation": {"angle": 0, "axis": "x", "origin": [8, 8, 16]},
			"faces": {
				"north": {"uv": [1, 16, 2, 13], "rotation": 180, "texture": "#cross", "tintindex": 0},
				"east": {"uv": [1, 13, 2, 16], "texture": "#cross", "tintindex": 0},
				"south": {"uv": [1, 13, 2, 16], "texture": "#cross", "tintindex": 0},
				"west": {"uv": [1, 13, 2, 16], "texture": "#cross", "tintindex": 0},
				"up": {"uv": [2, 13, 1, 14], "rotation": 180, "texture": "#cross", "tintindex": 0},
				"down": {"uv": [1, 15, 2, 16], "texture": "#cross", "tintindex": 0}
			}
		},
		{
			"from": [4, 13, 8],
			"to": [5, 14, 9],
			"rotation": {"angle": 0, "axis": "x", "origin": [8, 8, 16]},
			"faces": {
				"north": {"uv": [4, 3, 5, 2], "rotation": 180, "texture": "#cross", "tintindex": 0},
				"east": {"uv": [4, 2, 5, 3], "texture": "#cross", "tintindex": 0},
				"south": {"uv": [4, 2, 5, 3], "texture": "#cross", "tintindex": 0},
				"west": {"uv": [4, 2, 5, 3], "texture": "#cross", "tintindex": 0},
				"up": {"uv": [5, 2, 4, 3], "rotation": 180, "texture": "#cross", "tintindex": 0},
				"down": {"uv": [4, 2, 5, 3], "texture": "#cross", "tintindex": 0}
			}
		},
		{
			"from": [7, 9, 8],
			"to": [8, 14, 9],
			"rotation": {"angle": 0, "axis": "x", "origin": [8, 8, 16]},
			"faces": {
				"north": {"uv": [7, 7, 8, 2], "rotation": 180, "texture": "#cross", "tintindex": 0},
				"east": {"uv": [7, 2, 8, 7], "texture": "#cross", "tintindex": 0},
				"south": {"uv": [7, 2, 8, 7], "texture": "#cross", "tintindex": 0},
				"west": {"uv": [7, 2, 8, 7], "texture": "#cross", "tintindex": 0},
				"up": {"uv": [8, 2, 7, 3], "rotation": 180, "texture": "#cross", "tintindex": 0},
				"down": {"uv": [7, 6, 8, 7], "texture": "#cross", "tintindex": 0}
			}
		},
		{
			"from": [10, 11, 8],
			"to": [11, 14, 9],
			"rotation": {"angle": 0, "axis": "x", "origin": [8, 8, 16]},
			"faces": {
				"north": {"uv": [10, 5, 11, 2], "rotation": 180, "texture": "#cross", "tintindex": 0},
				"east": {"uv": [10, 2, 11, 5], "texture": "#cross", "tintindex": 0},
				"south": {"uv": [10, 2, 11, 5], "texture": "#cross", "tintindex": 0},
				"west": {"uv": [10, 2, 11, 5], "texture": "#cross", "tintindex": 0},
				"up": {"uv": [11, 2, 10, 3], "rotation": 180, "texture": "#cross", "tintindex": 0},
				"down": {"uv": [10, 4, 11, 5], "texture": "#cross", "tintindex": 0}
			}
		},
		{
			"from": [13, 13, 8],
			"to": [14, 14, 9],
			"rotation": {"angle": 0, "axis": "x", "origin": [8, 8, 16]},
			"faces": {
				"north": {"uv": [13, 3, 14, 2], "rotation": 180, "texture": "#cross", "tintindex": 0},
				"east": {"uv": [13, 2, 14, 3], "texture": "#cross", "tintindex": 0},
				"south": {"uv": [13, 2, 14, 3], "texture": "#cross", "tintindex": 0},
				"west": {"uv": [13, 2, 14, 3], "texture": "#cross", "tintindex": 0},
				"up": {"uv": [14, 2, 13, 3], "rotation": 180, "texture": "#cross", "tintindex": 0},
				"down": {"uv": [13, 2, 14, 3], "texture": "#cross", "tintindex": 0}
			}
		},
		{
			"from": [5, 0, 8],
			"to": [6, 13, 9],
			"rotation": {"angle": 0, "axis": "x", "origin": [8, 8, 16]},
			"faces": {
				"north": {"uv": [5, 16, 6, 3], "rotation": 180, "texture": "#cross", "tintindex": 0},
				"east": {"uv": [5, 3, 6, 16], "texture": "#cross", "tintindex": 0},
				"south": {"uv": [5, 3, 6, 16], "texture": "#cross", "tintindex": 0},
				"west": {"uv": [5, 3, 6, 16], "texture": "#cross", "tintindex": 0},
				"up": {"uv": [6, 3, 5, 4], "rotation": 180, "texture": "#cross", "tintindex": 0},
				"down": {"uv": [5, 15, 6, 16], "texture": "#cross", "tintindex": 0}
			}
		},
		{
			"from": [12, 11, 8],
			"to": [13, 13, 9],
			"rotation": {"angle": 0, "axis": "x", "origin": [8, 8, 16]},
			"faces": {
				"north": {"uv": [12, 5, 13, 3], "rotation": 180, "texture": "#cross", "tintindex": 0},
				"east": {"uv": [12, 3, 13, 5], "texture": "#cross", "tintindex": 0},
				"south": {"uv": [12, 3, 13, 5], "texture": "#cross", "tintindex": 0},
				"west": {"uv": [12, 3, 13, 5], "texture": "#cross", "tintindex": 0},
				"up": {"uv": [13, 3, 12, 4], "rotation": 180, "texture": "#cross", "tintindex": 0},
				"down": {"uv": [12, 4, 13, 5], "texture": "#cross", "tintindex": 0}
			}
		},
		{
			"from": [3, 11, 8],
			"to": [4, 12, 9],
			"rotation": {"angle": 0, "axis": "x", "origin": [8, 8, 16]},
			"faces": {
				"north": {"uv": [3, 5, 4, 4], "rotation": 180, "texture": "#cross", "tintindex": 0},
				"east": {"uv": [3, 4, 4, 5], "texture": "#cross", "tintindex": 0},
				"south": {"uv": [3, 4, 4, 5], "texture": "#cross", "tintindex": 0},
				"west": {"uv": [3, 4, 4, 5], "texture": "#cross", "tintindex": 0},
				"up": {"uv": [4, 4, 3, 5], "rotation": 180, "texture": "#cross", "tintindex": 0},
				"down": {"uv": [3, 4, 4, 5], "texture": "#cross", "tintindex": 0}
			}
		},
		{
			"from": [9, 7, 8],
			"to": [10, 12, 9],
			"rotation": {"angle": 0, "axis": "x", "origin": [8, 8, 16]},
			"faces": {
				"north": {"uv": [9, 9, 10, 4], "rotation": 180, "texture": "#cross", "tintindex": 0},
				"east": {"uv": [9, 4, 10, 9], "texture": "#cross", "tintindex": 0},
				"south": {"uv": [9, 4, 10, 9], "texture": "#cross", "tintindex": 0},
				"west": {"uv": [9, 4, 10, 9], "texture": "#cross", "tintindex": 0},
				"up": {"uv": [10, 4, 9, 5], "rotation": 180, "texture": "#cross", "tintindex": 0},
				"down": {"uv": [9, 8, 10, 9], "texture": "#cross", "tintindex": 0}
			}
		},
		{
			"from": [1, 10, 8],
			"to": [2, 11, 9],
			"rotation": {"angle": 0, "axis": "x", "origin": [8, 8, 16]},
			"faces": {
				"north": {"uv": [1, 6, 2, 5], "rotation": 180, "texture": "#cross", "tintindex": 0},
				"east": {"uv": [1, 5, 2, 6], "texture": "#cross", "tintindex": 0},
				"south": {"uv": [1, 5, 2, 6], "texture": "#cross", "tintindex": 0},
				"west": {"uv": [1, 5, 2, 6], "texture": "#cross", "tintindex": 0},
				"up": {"uv": [2, 5, 1, 6], "rotation": 180, "texture": "#cross", "tintindex": 0},
				"down": {"uv": [1, 5, 2, 6], "texture": "#cross", "tintindex": 0}
			}
		},
		{
			"from": [4, 9, 8],
			"to": [5, 11, 9],
			"rotation": {"angle": 0, "axis": "x", "origin": [8, 8, 16]},
			"faces": {
				"north": {"uv": [4, 7, 5, 5], "rotation": 180, "texture": "#cross", "tintindex": 0},
				"east": {"uv": [4, 5, 5, 7], "texture": "#cross", "tintindex": 0},
				"south": {"uv": [4, 5, 5, 7], "texture": "#cross", "tintindex": 0},
				"west": {"uv": [4, 5, 5, 7], "texture": "#cross", "tintindex": 0},
				"up": {"uv": [5, 5, 4, 6], "rotation": 180, "texture": "#cross", "tintindex": 0},
				"down": {"uv": [4, 6, 5, 7], "texture": "#cross", "tintindex": 0}
			}
		},
		{
			"from": [11, 6, 8],
			"to": [12, 11, 9],
			"rotation": {"angle": 0, "axis": "x", "origin": [8, 8, 16]},
			"faces": {
				"north": {"uv": [11, 10, 12, 5], "rotation": 180, "texture": "#cross", "tintindex": 0},
				"east": {"uv": [11, 5, 12, 10], "texture": "#cross", "tintindex": 0},
				"south": {"uv": [11, 5, 12, 10], "texture": "#cross", "tintindex": 0},
				"west": {"uv": [11, 5, 12, 10], "texture": "#cross", "tintindex": 0},
				"up": {"uv": [12, 5, 11, 6], "rotation": 180, "texture": "#cross", "tintindex": 0},
				"down": {"uv": [11, 9, 12, 10], "texture": "#cross", "tintindex": 0}
			}
		},
		{
			"from": [14, 10, 8],
			"to": [15, 11, 9],
			"rotation": {"angle": 0, "axis": "x", "origin": [8, 8, 16]},
			"faces": {
				"north": {"uv": [14, 6, 15, 5], "rotation": 180, "texture": "#cross", "tintindex": 0},
				"east": {"uv": [14, 5, 15, 6], "texture": "#cross", "tintindex": 0},
				"south": {"uv": [14, 5, 15, 6], "texture": "#cross", "tintindex": 0},
				"west": {"uv": [14, 5, 15, 6], "texture": "#cross", "tintindex": 0},
				"up": {"uv": [15, 5, 14, 6], "rotation": 180, "texture": "#cross", "tintindex": 0},
				"down": {"uv": [14, 5, 15, 6], "texture": "#cross", "tintindex": 0}
			}
		},
		{
			"from": [2, 5, 8],
			"to": [3, 10, 9],
			"rotation": {"angle": 0, "axis": "x", "origin": [8, 8, 16]},
			"faces": {
				"north": {"uv": [2, 11, 3, 6], "rotation": 180, "texture": "#cross", "tintindex": 0},
				"east": {"uv": [2, 6, 3, 11], "texture": "#cross", "tintindex": 0},
				"south": {"uv": [2, 6, 3, 11], "texture": "#cross", "tintindex": 0},
				"west": {"uv": [2, 6, 3, 11], "texture": "#cross", "tintindex": 0},
				"up": {"uv": [3, 6, 2, 7], "rotation": 180, "texture": "#cross", "tintindex": 0},
				"down": {"uv": [2, 10, 3, 11], "texture": "#cross", "tintindex": 0}
			}
		},
		{
			"from": [8, 0, 8],
			"to": [9, 10, 9],
			"rotation": {"angle": 0, "axis": "x", "origin": [8, 8, 16]},
			"faces": {
				"north": {"uv": [8, 16, 9, 6], "rotation": 180, "texture": "#cross", "tintindex": 0},
				"east": {"uv": [8, 6, 9, 16], "texture": "#cross", "tintindex": 0},
				"south": {"uv": [8, 6, 9, 16], "texture": "#cross", "tintindex": 0},
				"west": {"uv": [8, 6, 9, 16], "texture": "#cross", "tintindex": 0},
				"up": {"uv": [9, 6, 8, 7], "rotation": 180, "texture": "#cross", "tintindex": 0},
				"down": {"uv": [8, 15, 9, 16], "texture": "#cross", "tintindex": 0}
			}
		},
		{
			"from": [13, 7, 8],
			"to": [14, 10, 9],
			"rotation": {"angle": 0, "axis": "x", "origin": [8, 8, 16]},
			"faces": {
				"north": {"uv": [13, 9, 14, 6], "rotation": 180, "texture": "#cross", "tintindex": 0},
				"east": {"uv": [13, 6, 14, 9], "texture": "#cross", "tintindex": 0},
				"south": {"uv": [13, 6, 14, 9], "texture": "#cross", "tintindex": 0},
				"west": {"uv": [13, 6, 14, 9], "texture": "#cross", "tintindex": 0},
				"up": {"uv": [14, 6, 13, 7], "rotation": 180, "texture": "#cross", "tintindex": 0},
				"down": {"uv": [13, 8, 14, 9], "texture": "#cross", "tintindex": 0}
			}
		},
		{
			"from": [6, 7, 8],
			"to": [7, 9, 9],
			"rotation": {"angle": 0, "axis": "x", "origin": [8, 8, 16]},
			"faces": {
				"north": {"uv": [6, 9, 7, 7], "rotation": 180, "texture": "#cross", "tintindex": 0},
				"east": {"uv": [6, 7, 7, 9], "texture": "#cross", "tintindex": 0},
				"south": {"uv": [6, 7, 7, 9], "texture": "#cross", "tintindex": 0},
				"west": {"uv": [6, 7, 7, 9], "texture": "#cross", "tintindex": 0},
				"up": {"uv": [7, 7, 6, 8], "rotation": 180, "texture": "#cross", "tintindex": 0},
				"down": {"uv": [6, 8, 7, 9], "texture": "#cross", "tintindex": 0}
			}
		},
		{
			"from": [3, 0, 8],
			"to": [4, 8, 9],
			"rotation": {"angle": 0, "axis": "x", "origin": [8, 8, 16]},
			"faces": {
				"north": {"uv": [3, 16, 4, 8], "rotation": 180, "texture": "#cross", "tintindex": 0},
				"east": {"uv": [3, 8, 4, 16], "texture": "#cross", "tintindex": 0},
				"south": {"uv": [3, 8, 4, 16], "texture": "#cross", "tintindex": 0},
				"west": {"uv": [3, 8, 4, 16], "texture": "#cross", "tintindex": 0},
				"up": {"uv": [4, 8, 3, 9], "rotation": 180, "texture": "#cross", "tintindex": 0},
				"down": {"uv": [3, 15, 4, 16], "texture": "#cross", "tintindex": 0}
			}
		},
		{
			"from": [7, 6, 8],
			"to": [8, 8, 9],
			"rotation": {"angle": 0, "axis": "x", "origin": [8, 8, 16]},
			"faces": {
				"north": {"uv": [7, 10, 8, 8], "rotation": 180, "texture": "#cross", "tintindex": 0},
				"east": {"uv": [7, 8, 8, 10], "texture": "#cross", "tintindex": 0},
				"south": {"uv": [7, 8, 8, 10], "texture": "#cross", "tintindex": 0},
				"west": {"uv": [7, 8, 8, 10], "texture": "#cross", "tintindex": 0},
				"up": {"uv": [8, 8, 7, 9], "rotation": 180, "texture": "#cross", "tintindex": 0},
				"down": {"uv": [7, 9, 8, 10], "texture": "#cross", "tintindex": 0}
			}
		},
		{
			"from": [10, 0, 8],
			"to": [11, 8, 9],
			"rotation": {"angle": 0, "axis": "x", "origin": [8, 8, 16]},
			"faces": {
				"north": {"uv": [10, 16, 11, 8], "rotation": 180, "texture": "#cross", "tintindex": 0},
				"east": {"uv": [10, 8, 11, 16], "texture": "#cross", "tintindex": 0},
				"south": {"uv": [10, 8, 11, 16], "texture": "#cross", "tintindex": 0},
				"west": {"uv": [10, 8, 11, 16], "texture": "#cross", "tintindex": 0},
				"up": {"uv": [11, 8, 10, 9], "rotation": 180, "texture": "#cross", "tintindex": 0},
				"down": {"uv": [10, 15, 11, 16], "texture": "#cross", "tintindex": 0}
			}
		},
		{
			"from": [0, 2, 8],
			"to": [1, 7, 9],
			"rotation": {"angle": 0, "axis": "x", "origin": [8, 8, 16]},
			"faces": {
				"north": {"uv": [0, 14, 1, 9], "rotation": 180, "texture": "#cross", "tintindex": 0},
				"east": {"uv": [0, 9, 1, 14], "texture": "#cross", "tintindex": 0},
				"south": {"uv": [0, 9, 1, 14], "texture": "#cross", "tintindex": 0},
				"west": {"uv": [0, 9, 1, 14], "texture": "#cross", "tintindex": 0},
				"up": {"uv": [1, 9, 0, 10], "rotation": 180, "texture": "#cross", "tintindex": 0},
				"down": {"uv": [0, 13, 1, 14], "texture": "#cross", "tintindex": 0}
			}
		},
		{
			"from": [12, 0, 8],
			"to": [13, 7, 9],
			"rotation": {"angle": 0, "axis": "x", "origin": [8, 8, 16]},
			"faces": {
				"north": {"uv": [12, 16, 13, 9], "rotation": 180, "texture": "#cross", "tintindex": 0},
				"east": {"uv": [12, 9, 13, 16], "texture": "#cross", "tintindex": 0},
				"south": {"uv": [12, 9, 13, 16], "texture": "#cross", "tintindex": 0},
				"west": {"uv": [12, 9, 13, 16], "texture": "#cross", "tintindex": 0},
				"up": {"uv": [13, 9, 12, 10], "rotation": 180, "texture": "#cross", "tintindex": 0},
				"down": {"uv": [12, 15, 13, 16], "texture": "#cross", "tintindex": 0}
			}
		},
		{
			"from": [14, 5, 8],
			"to": [15, 7, 9],
			"rotation": {"angle": 0, "axis": "x", "origin": [8, 8, 16]},
			"faces": {
				"north": {"uv": [14, 11, 15, 9], "rotation": 180, "texture": "#cross", "tintindex": 0},
				"east": {"uv": [14, 9, 15, 11], "texture": "#cross", "tintindex": 0},
				"south": {"uv": [14, 9, 15, 11], "texture": "#cross", "tintindex": 0},
				"west": {"uv": [14, 9, 15, 11], "texture": "#cross", "tintindex": 0},
				"up": {"uv": [15, 9, 14, 10], "rotation": 180, "texture": "#cross", "tintindex": 0},
				"down": {"uv": [14, 10, 15, 11], "texture": "#cross", "tintindex": 0}
			}
		},
		{
			"from": [6, 0, 8],
			"to": [7, 6, 9],
			"rotation": {"angle": 0, "axis": "x", "origin": [8, 8, 16]},
			"faces": {
				"north": {"uv": [6, 16, 7, 10], "rotation": 180, "texture": "#cross", "tintindex": 0},
				"east": {"uv": [6, 10, 7, 16], "texture": "#cross", "tintindex": 0},
				"south": {"uv": [6, 10, 7, 16], "texture": "#cross", "tintindex": 0},
				"west": {"uv": [6, 10, 7, 16], "texture": "#cross", "tintindex": 0},
				"up": {"uv": [7, 10, 6, 11], "rotation": 180, "texture": "#cross", "tintindex": 0},
				"down": {"uv": [6, 15, 7, 16], "texture": "#cross", "tintindex": 0}
			}
		},
		{
			"from": [9, 0, 8],
			"to": [10, 6, 9],
			"rotation": {"angle": 0, "axis": "x", "origin": [8, 8, 16]},
			"faces": {
				"north": {"uv": [9, 16, 10, 10], "rotation": 180, "texture": "#cross", "tintindex": 0},
				"east": {"uv": [9, 10, 10, 16], "texture": "#cross", "tintindex": 0},
				"south": {"uv": [9, 10, 10, 16], "texture": "#cross", "tintindex": 0},
				"west": {"uv": [9, 10, 10, 16], "texture": "#cross", "tintindex": 0},
				"up": {"uv": [10, 10, 9, 11], "rotation": 180, "texture": "#cross", "tintindex": 0},
				"down": {"uv": [9, 15, 10, 16], "texture": "#cross", "tintindex": 0}
			}
		},
		{
			"from": [15, 3, 8],
			"to": [16, 6, 9],
			"rotation": {"angle": 0, "axis": "x", "origin": [8, 8, 16]},
			"faces": {
				"north": {"uv": [15, 13, 16, 10], "rotation": 180, "texture": "#cross", "tintindex": 0},
				"east": {"uv": [15, 10, 16, 13], "texture": "#cross", "tintindex": 0},
				"south": {"uv": [15, 10, 16, 13], "texture": "#cross", "tintindex": 0},
				"west": {"uv": [15, 10, 16, 13], "texture": "#cross", "tintindex": 0},
				"up": {"uv": [16, 10, 15, 11], "rotation": 180, "texture": "#cross", "tintindex": 0},
				"down": {"uv": [15, 12, 16, 13], "texture": "#cross", "tintindex": 0}
			}
		},
		{
			"from": [1, 4, 8],
			"to": [2, 5, 9],
			"rotation": {"angle": 0, "axis": "x", "origin": [8, 8, 16]},
			"faces": {
				"north": {"uv": [1, 12, 2, 11], "rotation": 180, "texture": "#cross", "tintindex": 0},
				"east": {"uv": [1, 11, 2, 12], "texture": "#cross", "tintindex": 0},
				"south": {"uv": [1, 11, 2, 12], "texture": "#cross", "tintindex": 0},
				"west": {"uv": [1, 11, 2, 12], "texture": "#cross", "tintindex": 0},
				"up": {"uv": [2, 11, 1, 12], "rotation": 180, "texture": "#cross", "tintindex": 0},
				"down": {"uv": [1, 11, 2, 12], "texture": "#cross", "tintindex": 0}
			}
		},
		{
			"from": [4, 0, 8],
			"to": [5, 5, 9],
			"rotation": {"angle": 0, "axis": "x", "origin": [8, 8, 16]},
			"faces": {
				"north": {"uv": [4, 16, 5, 11], "rotation": 180, "texture": "#cross", "tintindex": 0},
				"east": {"uv": [4, 11, 5, 16], "texture": "#cross", "tintindex": 0},
				"south": {"uv": [4, 11, 5, 16], "texture": "#cross", "tintindex": 0},
				"west": {"uv": [4, 11, 5, 16], "texture": "#cross", "tintindex": 0},
				"up": {"uv": [5, 11, 4, 12], "rotation": 180, "texture": "#cross", "tintindex": 0},
				"down": {"uv": [4, 15, 5, 16], "texture": "#cross", "tintindex": 0}
			}
		},
		{
			"from": [13, 0, 8],
			"to": [14, 5, 9],
			"rotation": {"angle": 0, "axis": "x", "origin": [8, 8, 16]},
			"faces": {
				"north": {"uv": [13, 16, 14, 11], "rotation": 180, "texture": "#cross", "tintindex": 0},
				"east": {"uv": [13, 11, 14, 16], "texture": "#cross", "tintindex": 0},
				"south": {"uv": [13, 11, 14, 16], "texture": "#cross", "tintindex": 0},
				"west": {"uv": [13, 11, 14, 16], "texture": "#cross", "tintindex": 0},
				"up": {"uv": [14, 11, 13, 12], "rotation": 180, "texture": "#cross", "tintindex": 0},
				"down": {"uv": [13, 15, 14, 16], "texture": "#cross", "tintindex": 0}
			}
		},
		{
			"from": [2, 0, 8],
			"to": [3, 4, 9],
			"rotation": {"angle": 0, "axis": "x", "origin": [8, 8, 16]},
			"faces": {
				"north": {"uv": [2, 16, 3, 12], "rotation": 180, "texture": "#cross", "tintindex": 0},
				"east": {"uv": [2, 12, 3, 16], "texture": "#cross", "tintindex": 0},
				"south": {"uv": [2, 12, 3, 16], "texture": "#cross", "tintindex": 0},
				"west": {"uv": [2, 12, 3, 16], "texture": "#cross", "tintindex": 0},
				"up": {"uv": [3, 12, 2, 13], "rotation": 180, "texture": "#cross", "tintindex": 0},
				"down": {"uv": [2, 15, 3, 16], "texture": "#cross", "tintindex": 0}
			}
		},
		{
			"from": [7, 0, 8],
			"to": [8, 4, 9],
			"rotation": {"angle": 0, "axis": "x", "origin": [8, 8, 16]},
			"faces": {
				"north": {"uv": [7, 16, 8, 12], "rotation": 180, "texture": "#cross", "tintindex": 0},
				"east": {"uv": [7, 12, 8, 16], "texture": "#cross", "tintindex": 0},
				"south": {"uv": [7, 12, 8, 16], "texture": "#cross", "tintindex": 0},
				"west": {"uv": [7, 12, 8, 16], "texture": "#cross", "tintindex": 0},
				"up": {"uv": [8, 12, 7, 13], "rotation": 180, "texture": "#cross", "tintindex": 0},
				"down": {"uv": [7, 15, 8, 16], "texture": "#cross", "tintindex": 0}
			}
		},
		{
			"from": [11, 0, 8],
			"to": [12, 4, 9],
			"rotation": {"angle": 0, "axis": "x", "origin": [8, 8, 16]},
			"faces": {
				"north": {"uv": [11, 16, 12, 12], "rotation": 180, "texture": "#cross", "tintindex": 0},
				"east": {"uv": [11, 12, 12, 16], "texture": "#cross", "tintindex": 0},
				"south": {"uv": [11, 12, 12, 16], "texture": "#cross", "tintindex": 0},
				"west": {"uv": [11, 12, 12, 16], "texture": "#cross", "tintindex": 0},
				"up": {"uv": [12, 12, 11, 13], "rotation": 180, "texture": "#cross", "tintindex": 0},
				"down": {"uv": [11, 15, 12, 16], "texture": "#cross", "tintindex": 0}
			}
		},
		{
			"from": [14, 0, 8],
			"to": [15, 4, 9],
			"rotation": {"angle": 0, "axis": "x", "origin": [8, 8, 16]},
			"faces": {
				"north": {"uv": [14, 16, 15, 12], "rotation": 180, "texture": "#cross", "tintindex": 0},
				"east": {"uv": [14, 12, 15, 16], "texture": "#cross", "tintindex": 0},
				"south": {"uv": [14, 12, 15, 16], "texture": "#cross", "tintindex": 0},
				"west": {"uv": [14, 12, 15, 16], "texture": "#cross", "tintindex": 0},
				"up": {"uv": [15, 12, 14, 13], "rotation": 180, "texture": "#cross", "tintindex": 0},
				"down": {"uv": [14, 15, 15, 16], "texture": "#cross", "tintindex": 0}
			}
		},
		{
			"from": [15, 0, 8],
			"to": [16, 2, 9],
			"rotation": {"angle": 0, "axis": "x", "origin": [8, 8, 16]},
			"faces": {
				"north": {"uv": [15, 16, 16, 14], "rotation": 180, "texture": "#cross", "tintindex": 0},
				"east": {"uv": [15, 14, 16, 16], "texture": "#cross", "tintindex": 0},
				"south": {"uv": [15, 14, 16, 16], "texture": "#cross", "tintindex": 0},
				"west": {"uv": [15, 14, 16, 16], "texture": "#cross", "tintindex": 0},
				"up": {"uv": [16, 14, 15, 15], "rotation": 180, "texture": "#cross", "tintindex": 0},
				"down": {"uv": [15, 15, 16, 16], "texture": "#cross", "tintindex": 0}
			}
		},
		{
			"from": [0, 0, 8],
			"to": [1, 1, 9],
			"rotation": {"angle": 0, "axis": "x", "origin": [8, 8, 16]},
			"faces": {
				"north": {"uv": [0, 16, 1, 15], "rotation": 180, "texture": "#cross", "tintindex": 0},
				"east": {"uv": [0, 15, 1, 16], "texture": "#cross", "tintindex": 0},
				"south": {"uv": [0, 15, 1, 16], "texture": "#cross", "tintindex": 0},
				"west": {"uv": [0, 15, 1, 16], "texture": "#cross", "tintindex": 0},
				"up": {"uv": [1, 15, 0, 16], "rotation": 180, "texture": "#cross", "tintindex": 0},
				"down": {"uv": [0, 15, 1, 16], "texture": "#cross", "tintindex": 0}
			}
		}
	],
	"display": {
		"thirdperson_righthand": {
			"translation": [0, 3, 1],
			"scale": [0.55, 0.55, 0.55]
		},
		"thirdperson_lefthand": {
			"translation": [0, 3, 1],
			"scale": [0.55, 0.55, 0.55]
		},
		"firstperson_righthand": {
			"rotation": [0, -90, 25],
			"translation": [1.13, 3.2, 1.13],
			"scale": [0.68, 0.68, 0.68]
		},
		"firstperson_lefthand": {
			"rotation": [0, -90, 25],
			"translation": [1.13, 3.2, 1.13],
			"scale": [0.68, 0.68, 0.68]
		},
		"ground": {
            "rotation": [ 90, 0, 0 ],
            "translation": [ 0, 0.5, 0.3],
            "scale":[ 0.5, 0.5, 0.5 ]
		},
		"head": {
			"rotation": [0, 180, 0],
			"translation": [0, 13, 7]
		},
		"fixed": {
			"rotation": [0, 180, 0]
		}
	}
}