{
    "credit": "Vanilla Additions Resource Pack by JustTimm - https://twitter.com/JT_Additions",
    "parent": "item/generated",
    "display": {
        "thirdperson_righthand": {
            "rotation": [ 0, 180, 45 ],
            "translation": [ 0, 3.3, 1 ],
            "scale": [ 0.85, 0.85, 0.85 ]
        },
        "thirdperson_lefthand": {
            "rotation": [ 0, 180, -45 ],
            "translation": [ 0, 3.3, 1 ],
            "scale": [ 0.85, 0.85, 0.85 ]
        },
        "firstperson_righthand": {
            "rotation": [ 0, -90, 25 ],
            "translation": [ 1.13, 2.6, 1.13 ],
            "scale": [ 0.68, 0.68, 0.68 ]
        },
        "firstperson_lefthand": {
            "rotation": [ 0, 90, -25 ],
            "translation": [ 1.13, 2.6, 1.13 ],
            "scale": [ 0.68, 0.68, 0.68 ]
        }
    }
}
